movieId,title_clean,phash
1,Toy Story,80e89e26e13b06f9c2f13e744287a1ce1e33b94b30d1b5bd7e2729297c3833cb
2,Jumanji,c4dfd60f58316b057d1366722f8094609364cbd374ded9ccf4b39d8d2264a19d
3,Grumpier Old Men,a42ef97e99d1c6e0834be10938f88d5a250fd6862a72313dff714cf0ec2e0ce9
4,Waiting to Exhale,d19c05bdac7ddad2da43e762ce62ab492f852d1d8f6d66b8089649b4709d10b9
5,Father of the Bride Part II,85eca599fe13da40f55e546f0aa929c385e2d6f07945f51cd2ba3043836d8f61
6,Heat,b2ef31f0e5663d1719909f0fd4889676661b4194c9e369e96074869e92e6b54d
7,Sabrina,beff77984cc758f8df03fec291fc35c3ef10ec61e31ceb801a001e073238e481
8,Tom and Huck,f1ac58e360547b9c4c68f3868bdd37b2b0c5ba603d3a6671da149a23636ac657
9,Sudden Death,9140e1406d52277f0fff1eec34a874a959aac7a2872ec33de234ec3d0b953b85
10,GoldenEye,9426992f093dfb66739406d8cec34b792034a5a6f65d24d4e4604f5b35b9b5a9
11,"American President, The",94058b776b5876967abd57a0d52a612b2d6f9c429e143794c3996b836a437e4a
12,Dracula: Dead and Loving It,99451f6d669b6cb26aa4e64b36499af7c39bd92c986dc7b268b118c6a5522439
13,Balto,bf414c1bc03e1b785a51368d858cd9862b72aef5368d4ea94f7b257095d56247
14,Nixon,caeb587a8fd5b53de528ef54d0d3e7859136d983999c9229b0448674e063ee18
15,Cutthroat Island,fec57730f1bad0fcd06c32cf06934f0129469bd03cf0c648c1f0b0e79b3d661b
16,Casino,9910f914f914d91a78f660db5a5f20e7c6999f2727a52789172616cc66eb5266
17,Sense and Sensibility,a5c2ab7cd8bdf0891f326b57244d8d3093a1378b931ad8e6649cc58dcd93f324
18,Four Rooms,fa1dbf4085e2862f7a44c17ed1d929c179a7c1ec6b502f0694c73e1496d3c5c9
19,Ace Ventura: When Nature Calls,953986ad1857f8785646b93ae9311997ebb194e61ecaed4914adc62532bc5a52
20,Money Train,948d904b4b774fb7e408fe48e1f7a13730703630bc273c861ee7bccdb400f4bc
21,Get Shorty,e39efc4e46549ccfe22a19d345713db16ae8b933d0f18c1454606c22bcf72bb1
22,Copycat,8fc3cac3387c9c6cc1c933319c17e4c626c6667ce67883196aaf8dc7ce8ac638
23,Assassins,d6c9926933343d92b19bd999c9b28cb2986c8ced96d3970b67236d8699ca98c9
24,Powder,ccafecc5087f12abe315c1563330d57a7f5016a81dec62c5308f7aa14c573cda
25,Leaving Las Vegas,94bb6aa1eb20141274467e64e1b5a5db9eacc4ba39126ef1ccc1b3c5d19dc659
26,Othello,89305effc4802d3b4663f4d92ccfe200162ff282327f4b248b6fb3363395f133
27,Now and Then,fa12f8d65471852b80fccfd10527d7a9d8cbb0341fda13dafb2424253389d8cb
28,Persuasion,cc6c1193b3344e6498d36c8d132c32931b361de54ed83779ede59751b1d38993
29,"City of Lost Children, The (Cité des enfants perdus, La)",924d65066d92c2cd3f6d3b3f6bb3e53392509160b99048b058e9f467386f703f
30,Shanghai Triad (Yao a yao yao dao waipo qiao),94f6a2796a59ccc749146eb298675b0c5eb3e75265549ca1133542b6d5eb3549
31,Dangerous Minds,933deb70836114f775da7c227c926c8f2b8fa6afa488e540657590573ad48bb0
32,Twelve Monkeys (a.k.a. 12 Monkeys),c037c321c1fe8f088f01be350f817dfe35807c1f3c2b30037c9e847c6effc2e2
34,Babe,9c18099f26fb84f81706a78861fcf00138711c7ab32303f9fff838fc20dfff02
36,Dead Man Walking,cdcd11260dd93bf27b183fcc9b113731665873996332640fc48bc013633d33f7
38,It Takes Two,e96ae6ed92b14996e4bc6b2dc13c1b49c4ccecb39983f024ca42b93acb1a86ed
39,Clueless,fc2c70abb3030574cf5e4b1892d8965799d68f38cced22ea6e197a5c730c6929
40,"Cry, the Beloved Country",9fff9105f00062885aaa1effa5510fefe9066688c46461f2a4581ffccd07b6d5
41,Richard III,af403b1893333366c1ecb1b994bbce76c4b7330790ec9ce494e6ccccd0c9cad8
42,Dead Presidents,f58199db105dbe517bfae1210da78d1e6a2a5ee2921c723ad0e314cc6bb29e0b
43,Restoration,c1ec9c05e493e7981a6d92e16f3f3692b9c9c25487267874b49e6d0d70d22f2d
44,Mortal Kombat,841e6be978e1971e4f0e1ce53a51631e95ae98f16611338ed96bc4e432d29a5b
45,To Die For,c0f8ec60bf078f8bb61f38bee8ec8e58b998b3c4e123c333ae678866c4c60e23
46,How to Make an American Quilt,c031e11073cb1c8f2cee3e4633e61bb81c99d4adeb0fc3138f1bc6b5f228e4e8
47,Seven (a.k.a. Se7en),c014e1915beb1f61bc40d10f61fb92be4ab96c423123337b0fec4efd66e093b1
48,Pocahontas,81f67c4b7218c6771dc3dc86733e26c83e5719344bc6871919b0367accc5b665
49,When Night Is Falling,c3ccca0d7c3131e370e6b5e46e183c3898f1dbc38e4de719e31a63450ec71cd6
50,"Usual Suspects, The",ba60bae6c5d7c51b6f189a1c1aed21de94287ea0684608f3c57ae51e1dbe9370
52,Mighty Aphrodite,f5c3e1f703bf70b8403828387e030f076efd81d00ff81f701c381c7e3c5e037f
53,Lamerica,c4dde49d56d01ed0699d693b4c667564f56d2d4ba209126854e7e1a2dbb26936
54,"Big Green, The",8abd83af25469d19d22272a4fc98ca03f702fcdc4a550177811965497ce73fdb
55,Georgia,86ce60c00b99c1fc94ce11dba1baa0fd5a47bf67a4d786371c6e5caa5e29838c
57,Home for the Holidays,f90d6a1d04f201d22b1c254795537b3c3b4e87c586bdc3dc815a3f433b835e3e
58,"Postman, The (Postino, Il)",cd134cbe12e1bd45e9bcf3232647c6b8bb302469a4d590fb90863bd424eb26de
60,"Indian in the Cupboard, The",d39cf1f119e31b8bbf0ecf0e8a190db47c24c324c7a53cc1f2c292d92c76b44b
61,Eye for an Eye,c631e1f843f9b99f380f47030fc09c70382c0f3e1f8338c18fa03cf7f21ec71f
62,Mr. Holland's Opus,cc09330c3cf36a3bc32e90bef012cecb1cc42cfc92ee927ba53b6f052b517e90
63,Don't Be a Menace to South Central While Drinking Your Juice in the Hood,bc3491eb525d6f1ec4fb3824096024f9d6971d3691ec4be1cd1a1c69a4f493cd
64,Two if by Sea,c557a9673845729ce6a84fea1ed2c4d1d86d9a4a649be73d9368170e8d8cc961
65,Bio-Dome,8145aaeb85a088351a3f309b68cfc26387bd7d1c7714a6aada87ba356299d35d
66,Lawnmower Man 2: Beyond Cyberspace,b97409df6e15e16aaa156a9dd9a00a687e910aa185ea7a1e17c3e0f056fe7987
68,French Twist (Gazon maudit),8eeff410abdd05aa54f6e5e29a0dda5c4943c2bdc634e94f900a9c713d315e8c
69,Friday,89368c8bf6c9bb545948e6bb4a17174895a9491d9c173091625cea7b6bb19de5
70,From Dusk Till Dawn,c414b09339aa7f4c0fd50bbce87c2e16b483d08bf179e87c878e37929ed15c2c
71,Fair Game,8fdfc885280de3f4e15135b1c0820effdd4697dbdb263d32cc042914b17bcb23
72,Kicking and Screaming,a92be693abde19a1d6633b0dc1dc3bcab4350a548744f18ed4a14e5bd44d9794
73,"Misérables, Les",da5225880fa5e8fcfa5b038fb1a472d6dd38ba472582d5a50afd1c72278cc879
74,Bed of Roses,9eb786ad7a28d09e98b08d0895cfc39e4b9adcd14d518c10d62d727eb3545a67
75,Big Bully,eae9c24b914518ecd7822d356b7ff6418609d6baf9a48b1ce1990653a66f3564
76,Screamers,d9c4933126655b8c69996eee1a722ef366fa90d938f9e40d1b27e8143e0f990c
77,Nico Icon,a4f804cfdbaf26ecc58f7f2d0f5044f23215cdd2adb10f820e72f04c0b7a8f98
78,"Crossing Guard, The",91085dbaa6d7126d696685907e0bdb349c9e0dcb99593ca25e91746d53ae0bd9
79,"Juror, The",c6c1c6f9693139171cca9ec41e2db4799cd16a79e3646766e1b88185e3cb9e81
80,"White Balloon, The (Badkonake sefid)",8f07cad24acbb4b4d87c163c881f6f78860f5be1568223ecc8bf148a4bfd1179
81,Things to Do in Denver When You're Dead,ce1ec61e339731613861334833dad3d3c8f3ce2c8f2c87267786730dd96329e1
82,Antonia's Line (Antonia),b366ce1bccc43199c63b90649399ce3838d1cb1e36766723c58e6988cfc76666
83,Once Upon a Time... When We Were Colored,b7d95bd6f9a206e91227e136463939348b96e5d1e4de1c1c94d82bc6d1e062cd
85,Angels and Insects,c4d7329994c7e1791d8e3463c93c6f2318f050e747a16cfc59a344ec6fa75831
86,White Squall,b845c0f667397328b19c1dc41e35c8b347d3398785c74ee4ae46463dd399d728
87,Dunston Checks In,fcab39130b544de8d0f430b419b18935436d3b72b30cab8d33cef26caa5964de
88,Black Sheep,ad99519ab1b64a46666c4fdcb4c10e57e2291fff6a049d636299c9cc1f8ae4c1
89,Nick of Time,e85047480780193b279b62e1bb2f3f8e8ef1910cb7c60f73a13970ec0ff7789c
92,Mary Reilly,baff9f15f10261cc8fd1462ac7bc6b1cb16c6665b43594c2e65709d08ccc6c8e
93,Vampire in Brooklyn,c323c33832dc38c34c9e3e3c3c63c7c7670c19b099f1787c0f063d6f3b2d8f06
94,Beautiful Girls,eefba5c091445abb41bfc0056e603d5a11e236b4c415c8e97beb27163fc0bec9
95,Broken Arrow,c264e2653dc82dda3db39d3f3d25a3cc33cec25a642dc6c0647e3b078d90643d
96,In the Bleak Midwinter,aa94ea12c17a6135b6cd96c97d2b2d0f917500e96f8e6e123e1097350f3f70ea
97,"Hate (Haine, La)",ed50ed5500ff130b9fa2bcec38ef531d8790c1d16076e86abf2213a8603d5e1e
99,Heidi Fleiss: Hollywood Madam,c1f93e263682303fd12d2e60cdb3c98ece0f2ec1347cd326b1fc033bcf81f1b0
100,City Hall,9620d26f6993acb04edc69c6312086bd9b9a9ee43269139a96b6cb6c2dab6dd2
101,Bottle Rocket,eeeb587a9116e588c049b2553df5cc909353316f4c96ed1a636b1740c9ab5ca7
102,Mr. Wrong,fdd172a162aaf553b44912e9d4754ce3cd2594b63e9b561aca492a5d456c552c
103,Unforgettable,8170f1534ad34fd33fdbb51dfd2d712c61a524b1a0d5295387479346b5a89ca8
104,Happy Gilmore,e6c49269111be9961b70e6cf7a4b1e25a1ea5817fc970b48e1bf1ca96e5082f6
105,"Bridges of Madison County, The",9bc503493468e47e69863ab5b2b1163bcc0f4bc6b1c0f2fc4e86f89985d95c79
106,Nobody Loves Me (Keiner liebt mich),fd60ff915a95bc44461fcf3add6a09fb0addc26c046f2f70b9503a8342a8a670
107,Muppet Treasure Island,81409d541abf7300e5674eff760367276a2568c42cc466bac7a86fe35abb178c
108,Catwalk,942b96af6ed16d50682e995c6bf07bb5d1b762334a05d84ec4496bfcd2c095a1
110,Braveheart,ef179e9615ea44295a4563dc44794ce2718613386a55bd4b354beecdeccf1070
111,Taxi Driver,c4511d9eb3be662ba667484648c4bf8b52b9b8d9b9522666d2ed6ae4bd42c01b
112,Rumble in the Bronx (Hont faan kui),8ef5923c897c8017f88757add6c81ad5eb4728ebf1ea69202fa1e69106d61536
113,Before and After,c0160439a47277f797eb4b432825963554b668f2d5a95289ffd614f8b3f9310c
116,Anne Frank Remembered,90a83d5ae8bae3b0350b0cfe4b50312f36f44b447b976ec526f29750d885ee47
117,"Young Poisoner's Handbook, The",c5ce2da8383b3a703ea5c2c76994de18564e5b5272f0d4b4971f4d4fca783138
118,If Lucy Fell,f7fbbc71c1354bef83c643c4b802c0bad9b043e6e7cd8c19c43988263ba3b345
119,"Steal Big, Steal Little",aad17079f6c287878d3f4a959028316a33d3917d9f459c14ce887a95f8b8d46b
121,"Boys of St. Vincent, The",dd9d8760811dc99aa6c397b1f10e968c6366b2ee536630c3522698f35aa78dcb
122,Boomerang,ff51a7584937408d0481436d37febf32b2cab89bc84e47ee0c7d23f654a4b121
123,Chungking Express (Chung Hing sam lam),bbff69922ed246f0f604b64dc1e889f7fd02c610c07d30afc7e08fc099125637
125,Flirting With Disaster,aefa1eff9110b340e105c869dc20f8a0979d0dfb18f73ec27248865f275eb827
126,"NeverEnding Story III, The",fabf1afb86c16b76435ae429b5721bb1db89ad483ee490e489e172b28109c99c
128,Jupiter's Wife,80ae1eb06e43330fecb0c1aece942f41792f347cc6f44b456d133929e4f437d9
129,Pie in the Sky,d211852474cfdb52493116edae44d84a51b4cfdb1e6d3226eb4951d86bb40f77
132,Jade,f83bc0e09fc4c1f10fc0981f8388e23f1e1c3387e3f0b67e03c6e5cc9e03e1f9
135,Down Periscope,ec5b12b8473498c76f1671e9668cfd1e61e3285ca5a506529b9bbc5801acdf87
137,Man of the Year,ed6aeec7eb31149a188f9ad4c1183b2b596f82e80f317c46c4fc2723c41cd49f
140,Up Close and Personal,b26b1999dbb8f23578ba2690f28499a4b8241e6da641e737599474ddd2635cca
141,"Birdcage, The",eba2749eb55d8bc4cba957634a735274905448860cefbe097f20a7e9eb926194
144,"Brothers McMullen, The",d401fe99abd2a3e6ba0415ad3b99665ac4720bb149c1d789906e9e764e98bf1a
145,Bad Boys,ad108a3d52c9bd522afe4cae9d9206d7baadf329e43da590d3926c81667a8656
146,"Amazing Panda Adventure, The",8c3397cc36ec8d318bc9be338e29a3c3bc3c816cd6f9220cccd26313978e6e39
147,"Basketball Diaries, The",c70b986330ac1cd3331a67216dcc3e303267999899e3b44ee9c9e12b766ef659
148,"Awfully Big Adventure, An",917a317e3bd66f874ec96e706814c5366d87b042107a953eb59698c3eac56699
149,Amateur,a5d9ece9d04a9dd7603d3106197ad70c60e2b20c0bde622a9faae5554abbc51f
150,Apollo 13,fc00b54b2559c9415bffb6d404bd1dad83686e4a9cd201b4fe25f0c9739b8e32
151,Rob Roy,efaa6b78f883951d3f55ca97b3607ed29075f402897145a594dae2e4d8845a4a
152,"Addiction, The",8e3acd1a24c93265793233a769e798939699c91c969766ceceed9a5b2338c4a4
153,Batman Forever,d07ff8333d868df80fe1e706e4446c61bb2f1b34369cf69b809740e70f491c58
154,Beauty of the Day (Belle de jour),981665ad6f8a5b41e93e1eda2d458636256a5b95781bfa0e24af9cd937c11d22
155,Beyond Rangoon,bbbb3abbc24a9e7854ace10281429fd3cec5cf041f3bc4adcc251f0ed28358a7
156,Blue in the Face,f39e31930c61484c2b8677bbb6198d4d4866fcb2f11c4b5c2ced3c33c25b0b2f
157,Canadian Bacon,ff2ebb28297c657c6f07850fa1ddf589f3035203de20fc204a3cc2b8e1d1a9d1
158,Casper,d1c41b3968eee4d366bbc4cc3311cb2cb967c1631cf26793c48cbdbb62493a48
159,Clockers,ec7d2df75280d2018d7eadbe3a80d2c2636b0d7d9dbeb28462c5c01b1d3897b4
160,Congo,f0c0924b47c02c979a1f89c24caf4fe0597c93d0163df20f1fdee15f2fa2b6a0
161,Crimson Tide,d666df611dcd6dcde065e067638594452dc585de2ffd807ca0f60ad838785292
162,Crumb,f85a2dc995a48369cef085e9c0e092f66b840e5e6f0e6b71493d38f49cbd385a
163,Desperado,bb838773667c1b1c910364936430931c88cd60e76bb359ddfcd8b66ec324eb8c
164,Devil in a Blue Dress,d5bce3180bc306876bcf83c2a7219c14c07a6cfc7b3f085a1c34ffe06c697a3c
165,Die Hard: With a Vengeance,b112aba359c78d5f8e7d52045e40ed698dbc2d9328465ae376f991dc2965ea03
166,"Doom Generation, The",c69c668e715a905ed2ec6be3273b01525086bc0f7ceb63ce8786858970abfc17
168,First Knight,842650027df83fdc7987c627824dd1db441a2f247ae1e99c3672b363d1f9e02f
169,Free Willy 2: The Adventure Home,9783824f48fb1f80c737436639e2619f471d467c4ee6d84b30f1a1f0bb06bb2c
170,Hackers,d511f41b4cde876c322fe69566da7968b9912c97e624726b38d4a5a5072fd884
171,Jeffrey,f3ce9e336d1d9549c1a692dad161adf51ed12b6e748e6619c895a14497483972
172,Johnny Mnemonic,bbbac9b0c89149bb9754b76ef44168c5e149374eb715e613e450b95891443ce7
173,Judge Dredd,8ce18cc774e71c38572873233966932c7e988c5b477a73854547c76a3a9db8d4
174,Jury Duty,d9e70d987698246db048eee80c674b1c539eb1c77a338e735224d6e7a1776388
175,Kids,94336e4c6fcc93f3e03b482d37c627d290714da56f86960a6c7910f591a72d5b
176,Living in Oblivion,d27390e7c6d6e4f083c49bf890726e362f162419784b6e5b3f222b242d6785eb
177,Lord of Illusions,99cbb3a74c9d271a627f98ea81e216d9e499f3661b6c18666072e499fb621a64
178,Love & Human Remains,90d62cee670567a1f91bd3bd30789ac689699519669294e65ef661146763931b
179,Mad Love,af6616535133f0116f19ec0cc66f01b1e5a16e64bcc665ceb90f5a372c595b68
180,Mallrats,9cf4f202031b1de870c446f3de13f16f01edbd8198f2fe1e623e7e6413c89b11
181,Mighty Morphin Power Rangers: The Movie,d19ce08c436b9e632a02f59ad7969c47ee7d4ac595f432906a037cf3a0ddc899
183,Mute Witness,ebf2d9e85e8da6f7f549b03181f4c9cbce02d61693e94bd129846e4d36723028
184,Nadja,8b275b3db39864ce64e66636dd1819e9999b19ce9ae49b311b362e8c60d824f3
185,"Net, The",d1019a3b2f71ec2ce4c4bdd993b33c1cc8cc1333b33071ce1f999f1c43763263
186,Nine Months,9fd1602a11b25b36080e99715eecb2ddfe09cbef89dc64c059eee44582ca4ced
187,Party Girl,bff0ce07dc1b60389230b77e0dfc1999a7a0b9f44265a7c0e90e13cea1ccbf03
188,"Prophecy, The",da505e8f6698e55069adf050726b74b6709606efe450ca9bcb2cc9247babed30
189,Reckless,addd08cd612129af7b4fe222d42335fe16d2e2503cd93d9bce12ec103d2c9de8
190,Safe,e46fb9909b90646f254d53ba9e100be6d41b3f0a986eca906d8e904f26bff351
191,"Scarlet Letter, The",afea85d57890f25a8654958d3209726bb05d2fd98743d90f79ed9370a5006e2f
193,Showgirls,cccc98cc66333b23f3197333266622e6b339b73538cc4ab8d333c63769e78860
194,Smoke,944e940f69956bf52ff54efc6b9cb303b403c48bc58f956e14706c381f381b94
195,Something to Talk About,deaa25dca5551eb291b219aee3681e5d3b8db3191d186ca396e3c0c4c8cdea59
196,Species,c31c4cc43cf1b319b3ce49a666d7ae791b3031ceb191d66c1cccb333cb304ccb
198,Strange Days,c4c1e84b791613b63bb13d6295fab4e93480fc047ac183eea3fa789fc835c325
199,"Umbrellas of Cherbourg, The (Parapluies de Cherbourg, Les)",8fc0d87ff03ee780a43f1cf0638199031d78b43e9786e2e57a710f584f0f4b83
201,Three Wishes,b729e727ccf34cc94b4d5b647d92bcc83ad214cb0f4da166e0574a3718332e19
202,Total Eclipse,b7fb9f85c980e4ca766f0230a03ec83bf9c1399c36001f30379293cf8dc7c6c7
203,"To Wong Foo, Thanks for Everything! Julie Newmar",bb955bb4cd6aa44b12975bb56f18a14a914ad479e4f83cc09e46c136c17abe38
204,Under Siege 2: Dark Territory,c4d96caeb466989b7a16e334339b853727a0bc63cccf6ce620441fc83d07738d
205,Unstrung Heroes,9943284e62b15ab514eef563791b9ac966c6653099d5d255f6e105cee57a9990
206,Unzipped,a6cc04cc99271b2572e564ce6f96b32ed26d49b1c932e526362e72dbcc588d59
207,"Walk in the Clouds, A",f7b273a06b30894cde4c14497c4b1c9b3c2bd69f3a4e72ac89b443d3c9bac259
208,Waterworld,fd9471894acb9cdcb4fc0cf6821f6364b73cd3375923a512ecc7f4c920ca8924
209,White Man's Burden,ce779391a325656165514cc86673dcd6dc9658924cdae642ca4bd9ab99b9a44d
210,Wild Bill,c9c69ce5325c6398632133399db38663627be0d67c4f9f06c9c4346f643c991d
211,"Browning Version, The",87958b6f68c365415e649a67bd9c3c665b6b7a942c21c2309c3bb56592b6b88d
212,Bushwhacked,e825d956529a176b2d846b5a5adc81f5b521732a2ad6587c7c252bd185f6e07a
213,Burnt by the Sun (Utomlyonnye solntsem),e20a6b8ec9ffb0511f0fcd81947f1ff5c03966fcd90095e14ee37a18e400b0f6
214,Before the Rain (Pred dozhdot),8723832afb596ad82a758d27252eb4434c5e9e75d2e2169a64e8c6f9c8717a69
215,Before Sunrise,be7fa95da1d026aada4dc94025a0c78c6bdb1ed3d82d6b6d87f0948ab124ba34
216,Billy Madison,9102c07f0fff1a806abc85604ba367bc3e6b2c6163915e93b7ca5a4f674479ac
217,"Babysitter, The",cb1ccf8c26697262392399a3d294cd9966cbf064796e1f66c6302e309e71736d
218,Boys on the Side,8091a9bbf95cd64c76c386630b364b3fd93dd0d9f0ec78eef00291e31d838d90
219,"Cure, The",fb2a3d48958ad30e4c8644b5c2f02ce12e738b6387bb4ea8999cfa14bcc7b5c3
220,Castle Freak,84479e641eac6773e7134aa94998ed7872e336b3a115d31c5accb9cc6b0cb12e
222,Circle of Friends,bbac5ecc9c4b9237c332c4dd25cce14961137b503e4338bf90fc9c47c7784788
223,Clerks,fae54aedc43b36b0f067c5430fd8b0dfb0160f98e0c7e06437f29d5ac7146491
224,Don Juan DeMarco,ebaac01f96509ddc9585725dc15417a1bd554aeae057bdb9b4052b56d12579a8
225,Disclosure,e5e1c7879298d678d27b464bcf479f041cb4d87839b6c316c9e38be23b601c46
227,Drop Zone,c71c1431d043e0642dbd43aa7eec0f0fcae97fec8321988df6724d31f1171cdc
228,Destiny Turns on the Radio,bf85c0fa84ee3f85c87ab647916b6d10b207936b4d3cc9c73c84c268cbd08db6
229,Death and the Maiden,cc12384b334c631c6d33b183616ec44c9ecccd19ceb369b367274ee626c553be
230,Dolores Claiborne,f8abf003c00d48cf27fed0feb03f2119c2a62760f9e037913b199a13363c69bf
231,Dumb & Dumber (Dumb and Dumber),ab27d6feb6ac4b960949c734e671b8c9b54ac849c5b78d6084c8a61e5a37513d
232,Eat Drink Man Woman (Yin shi nan nu),f8be8765086e5fdbe63d90bb87517e0660c08f96de40713ac3d50f638401785f
233,Exotica,999cb44f267399b398ccc26d49b366994a6c4a6e4893c99a66cc664bed368d36
234,Exit to Eden,d0940ba0af63f054783ebc3fa4c6fea28b3bedddf3c4d2002403844c575c53f7
235,Ed Wood,e11ed0fe168c8b3f5fe2a403689754b12a716f804a913f21397ee97935e16a0f
236,French Kiss,eee0841f14a48bf7d10e67e37e81ca1e95f095616b1e7bc224a9cc1c83d7ee50
237,Forget Paris,856ddad76a9385aec2ba7b383d606ed6e057d9a90d48a574449646891b64ff06
238,Far From Home: The Adventures of Yellow Dog,eee6ad72204ddd803f23b25e91f99f868e2e28ed7b44053d6ca6c50024fcee52
239,"Goofy Movie, A",a1062ed90bfb14b75205c378d49a74011d71ed0ecfe76ad096deb92730f5c8d4
240,Hideaway,a78bae3b436539e0ad06b0cd2c1eba81c8e34bdb1266619ed8e5171c67d6c731
241,Fluke,f79152d39d2333bcb619a93d80fe884da2340d83f494ae7313ccd5b4b1d3833c
242,Farinelli: il castrato,d625095a3b10c4ed1e4c6b12906d884eed93027ab92dbc876963f3341cdefde5
243,Gordy,bc78e99743e3b25af4da49346985be69439931e2cc13ce6491cbb6c9873c48b4
246,Hoop Dreams,fad00529467cbbc0352ffa7c2d23752798d4c732ccb339e1e71e089972c9258d
247,Heavenly Creatures,c27c5b6339aa6dd56c846688e259b0686b9cb4be9ed6d33b186017a692333e4b
248,Houseguest,fab2a76d801455a69e2942a3cd4d3c9876a038dd0fe368fc32b9ad0ee073da2d
249,Immortal Beloved,d332963338e1e98c872cb49aeed3c379f828a787a0b7d8048bf2d13b8e01c6fc
250,Heavyweights (Heavy Weights),bf8e4211d2f3f5e6c599c6e9e0443b93bed02d0c728f8007cd3b685ac9760b71
251,"Hunted, The",864bc6ea39c57b146b35187639ceb59b92e364b54cb8368e618e5b4c6b614d91
252,I.Q.,b1dd8f77a421d3f4d29e25c45d61e019a7fa12fe98c19f41c97a819d358438a6
253,Interview with the Vampire: The Vampire Chronicles,d0a1918019c8cd4b06cf127f47347fb07ef866f03b61f3019313f21369b77ca7
254,Jefferson in Paris,ce33c71b318738ec3e78b4726ce39981b31e4e9ccd9239b73645c4c859a57306
255,"Jerky Boys, The",b153cf40faa1c6aacd19f1156eefd1664e3c70d10bee8b7f3500b024c1c3b639
256,Junior,eac1b53c113229b2fcc7320c2d70fd0f1e286067cf987ca3176e6a7969931f0e
257,Just Cause,e450e4387aac3bd9c3fb42e778059f03675895b434af9d8a4771487c4837a34e
258,"Kid in King Arthur's Court, A",964218a2de69496d691be907cb93cf098fb43598acb63c900c38ae6bfc5a2cf7
259,Kiss of Death,8349626949d22d963f0e532dbc05d06338529e4127e9c5b669fc6c3fcf37c349
260,Star Wars: Episode IV - A New Hope,83b479261064b266c7ec78999e5e8fc7284bd0a91f1cc330684f37a79de64cf2
261,Little Women,a4220a37afddfdccc5c2950b1a34f8056063e0dbe6c7c6bccb0c4b78db7039b1
262,"Little Princess, A",bbaad053e4b45ba906db3d743f68608b92b4cf7d8b503d007ceff006301143fb
263,Ladybird Ladybird,c60617fff80070fb8bc7ee02023f7ee0607f31c23c1f841c8efc3d0539f9e189
265,Like Water for Chocolate (Como agua para chocolate),c404e88165cf9d3f33131b5e0f2d0fdc0dcc1d9a3fe196723f28d5a139b37188
266,Legends of the Fall,d57df3310a5faec478a63d96bc94f4113c81b4c6b32619162c9cc649c93369bd
267,Major Payne,949cbfcc6027d0b73bf3a0795ee89b98a01a140cda6e6177ade3d181bb118d33
269,My Crazy Life (Mi vida loca),beaf3bbc5154bea594892649f7207334d2d6ac41154cfb5a2c954ee15a6c8137
270,Love Affair,999959992dde69625a36955ed6a4a6a4296faab7195385485ad9b4c946bdc614
271,Losing Isaiah,bdc61cced84e7ac02ff469f7f269c64849b1093736431cc11b263a3cccd9e313
272,"Madness of King George, The",cc5e8c4e31a831e99a174e15e695c5ef91ee93a886e86c7aeb19939592873e05
273,Mary Shelley's Frankenstein (Frankenstein),9c69b469b7f99bfd339e331d9a4942c2c631ce69c4ce9b34925162dc0b929159
274,Man of the House,ae0bd3e0c19e17e9b24fc9e6a774b40b4c3d13f292934dc53c7b932481b55e03
275,Mixed Nuts,87d8a9eb60eb9214125ee02ce4b0d182b5a5d6715a5aa9bab5751bc64e9a7e1d
276,Milk Money,81c5f635d9eaa7a2892396cde1b63b46e493e12ca693f0e482ffb194ce5b0152
277,Miracle on 34th Street,dc9306a660fe3b0b69e0e72f603c27ac1a6286737331c1bd647fda03275ed892
278,Miami Rhapsody,c7008f3b38e571e033107c04346781fb8fba9fbc43cd99553c33322566ef451f
279,My Family,819611c61e696e397ee96a5a4206934ce92b91fd81d6acc71f255c0a37fb6f09
280,Murder in the First,86cdc68d6d1a793c796cf272643131b1b9cb34c79667736dc3d8e099418439a5
281,Nobody's Fool,d3ba9b931cbd858c6669e37a6ac7ec32eca068ceaf49022eaf9260c3f0c6f248
282,Nell,ea9594ea152aef148f65b38223d24965f2d5566ece2d199a6c29a8d934cae666
283,New Jersey Drive,d01770e9681a8c0560e91f503bf1d0873fbc6b729b0f991d2f166cf5864e70fc
284,New York Cop (Nyû Yôku no koppu),d8f6f2df711f0d272f613fa03f2015308c7c9efc333836108c52d0d6709f622f
285,Beyond Bedlam,8424c7f4439f639ac4c89c0feecb7881687fb05846d9e19edfe2d0269b647469
287,Nina Takes a Lover,e1b4cf9e858df6cb22491e69b6c393cf316d3328261c6751ce2a9b393330e334
288,Natural Born Killers,bd82aea20f3471aaf8bf9c57760bc3800bd49c72c136932d2459859d1f8fe4f1
289,Only You,c14d5a5a24b4d3ca6ca927b95a8f28e7f43839acbd578d4e2052e5393abc49c5
290,Once Were Warriors,d17b2f947685b03b0b58d68f3e30635cb5860fc17271b506497eb1123643cafd
291,Poison Ivy II,8f7f4e96c09936e97b22819970b73b63a68cceca81f370960e656c92c9ccc273
292,Outbreak,831cc63c1cb3784b68611d963cc3696c95bc3e1b99716d473cd397a762e49259
293,Léon: The Professional (a.k.a. The Professional) (Léon),d431f85e85e10f0fb20cb2f8099e8cb13b0b93f1330e96352e3eb66534e166cf
294,"Perez Family, The",938a6c36f94191ef3735a4c7d98a7ab16a45e9d5e572b711380e18ca28e70d87
295,"Pyromaniac's Love Story, A",f07ffc838f808b74f2cdc31ac97e18cf853d4532a88246387ec822a95f5da956
296,Pulp Fiction,80d2ec3c9315d0c32c6cb65871832ded4e741e1a7be371a97e8c0f6a37d8dc32
298,Pushing Hands (Tui shou),f993cb658e983c5af34e0e93b07987a1ec1ee0e8962390776bc1489d3589373a
299,Priest,903cc23c6b159fa12f413f4b5e9794be91cce8e4d37139a03266297e4c9c96d3
300,Quiz Show,a5eff6afda7aab583e035e852ad5d8f0370baa8bea8dc550c0b8c10ac5455c07
301,Picture Bride (Bijo photo),a726aacd1dd92ca6a766925b299ccd8452c92d73ae3272dd5609b736a99d0b09
302,"Queen Margot (Reine Margot, La)",fbaa7d98387f4277967f23c6c3001f1b9cc5878cb74037eacc408f23b03fb090
303,"Quick and the Dead, The",c998e23b56e63dc6ab13c664c57807b383cc60cf709df07a3c63bf912f0297c0
304,Roommates,dcc99c06a83621fba77056c056d9c3a0c8a763fdc15f6bd0d71b5f84a7202e2b
305,Ready to Wear (Pret-A-Porter),af05fd05d0320afc334dec04cd320bdb278ff4464b71f03cb46e17836f996c29
306,Three Colors: Red (Trois couleurs: Rouge),9d8bd2464275bdb9646470a5933bcf12a6ed6b1633328ccdda13ce37318c3526
307,Three Colors: Blue (Trois couleurs: Bleu),984b62a6e5259a5a61a484796ad3b9256678b9275acbea662f65649a9bd4636a
308,Three Colors: White (Trzy kolory: Bialy),ae2f810052fcbc076d0362fca1851eb3bb4a3def46f8e3301e9798cac1e9678c
310,Rent-a-Kid,efa3900cac7d5dd2730786eb9b94cf1f6060172bd0bc1f47c13b2d502c0e70bb
311,Relative Fear,c6c1463ab9a5492d51a5b6d3929a7bc1a13a7b8dd53628c91a5ae5d32ccd1bb2
312,Stuart Saves His Family,fe217f009f01ae44c0db721b9c4d9793636565ed12b3ae4f6d8d53828d6854b9
313,"Swan Princess, The",d1c633040bae6fc136296d69747544e656a46aa2c381b7dac25e3b5b8edc18f6
314,"Secret of Roan Inish, The",ccd90626b93c4dc1866e383ec3916e4e3c2761f9ce0f323631f8ccc73674f039
315,"Specialist, The",978645deed395a21d8ed2d1ee44684dc8391e7e7e41c1972b0055a2dd86769ae
316,Stargate,c13684241e4b1bbe3fcbc0637d91bc846cf4684e38cc3729b35b34e664366df8
317,"Santa Clause, The",cc848f59f2b2a3255e5e8d8d5d1f21f33d47738c2b1cd7b09860b8d272e8235c
318,"Shawshank Redemption, The",93266dbd643fb5480ef4732319d998d271adc6682cc62707193368ff936cd898
319,Shallow Grave,950aed3e4b7c02d812d20f92dca5bc07364937cde3cfc1b4897c127c3f307f82
320,Suture,d8b4c7e138decc73603f3878c7719799c663661bc0e3931807e067e1c631f10f
321,Strawberry and Chocolate (Fresa y chocolate),9bbbb094678c1afbe48ce3a098eb6f80a1f61eebeb14e42e94c14a3ea5493193
322,Swimming with Sharks,bcd9b31ec3374c631c6c198cb4996b8d91173e33c633e4d36ce391143ccf914c
324,"Sum of Us, The",bdc515cf9856181e13bcb2e187e14f92e7b9b2ad6e25fcc0b8c03186c70dc71c
325,National Lampoon's Senior Trip,d07ed967d96f1a910c39222533dab4d83bb0b05f0ad7a44b1e53ce1aa6701af5
326,To Live (Huozhe),e94ad519f639e4c616b53268385c21e8cc43c9bc4634cedd91b2d60f8a7c5b3e
327,Tank Girl,a55b3930b2acce9a1dbbcc4a277581d27906a77649995667bb7688198aa79272
328,Tales from the Crypt Presents: Demon Knight,85d4a5237a2f5a944e5b7b2b93c190fb9336a5244c3791ad36c866cb87b4b13c
329,Star Trek: Generations,9c90e13c46071fef392ff6d398b26912661609277edbb0e330f361b0213cceb9
330,Tales from the Hood,c46347ef3b940e140c61f1522f9eb09225e1c7a9e3913cbf960e52ded27b8f60
331,Tom & Viv,b99221db219c3ef6a4fb1c049c486dc8dbc4edc8ef841cb7b40ff12f2151e345
332,Village of the Damned,c69e639e39693ce11ec1972521a4c0fae0db737d4b3c951f3ec294c23bb0c171
333,Tommy Boy,e99ceb5816e893e7a3e7aa470e1cc038e5c21787462df6737dca15282332be15
334,Vanya on 42nd Street,c351d88b3406e19461a9a717668e3c1c8f3bc21a86331c78ce6d99ff19bcc6f3
335,Underneath,c4cbe39139c0b43e7a1c9dcb67c35ac33c6358ff667303ac2396310f9878e4b0
336,"Walking Dead, The",8a57f01cda02e70f7421d68136e91a6883973c73251fdfa36daccd1c995ec447
337,What's Eating Gilbert Grape,e6cf77cf56cef23cf2305230e9306c3cb9a4a437a5119d378d530d438d830d53
338,Virtuosity,c76e787138906686cacd85f82e17972239c49986843e6e17c1ca68795f1bf4ee
339,While You Were Sleeping,ee6db6488a9561aa31fdd826cf13ad93b691e2d9e26dec649c78915c9243c017
340,"War, The",dd504d802ca6e371dd6ad6f63376e19aa21bf7239d9a4893601a9d98b405afc3
341,Double Happiness,f0f751d3ad89273b1074cedcce38159c9accc9321e9b226461b35cd99a66b332
342,Muriel's Wedding,ba4784e0c9af2d3cc9f9386394bc630bc6e6630b96e7c6c83b19c6cb69193a54
343,"Baby-Sitters Club, The",8627bae67dd86515b049c653f5866ef87a63a707841978c96f75863e40e2c174
344,Ace Ventura: Pet Detective,d60f61f82bf8be0774e1da10ac1a47e733a68ed8c7013c9f4f31b225f4786231
345,"Adventures of Priscilla, Queen of the Desert, The",e3661c9c961b6164cea6621b39dd9e634998a3e7b44dcf52c584f864d07a2799
346,Backbeat,b74ef3267b722ed94857c8e4938ca132ff18f70928670e884c9bad512b9952ab
347,Bitter Moon,c1498d252521738b3c6d95bd19b43ef0724b5a864f3482d666562d7a3bda25db
348,Bullets Over Broadway,84647ab0350fd3af6894954b4b7a84e57b3b961737a4691ea54f48b09c7d390b
349,Clear and Present Danger,9522147a6add4a4d0eb74db2a954d25836abb12bd4d4372e12a566cb17a68b3f
350,"Client, The",9e684e6ca6326c983c9973e793c6390f98db125930f9c9e07187271f965c8d9c
351,"Corrina, Corrina",ee903e049363d2c1ca62392798b12cc5d31e6f1b613dc66f269ecf38cb6931cc
352,Crooklyn,c0e9f40a09895fb45d2e69fb73df647d42dd6ba54e02169478c0d241b19627d7
353,"Crow, The",c11cc9e99c2b0fe5cfdcc7ae66a8a44572e0b4283eb1b71f3313381e38d1c1f8
354,Cobb,ce67eed3e16769c778f8b53c6239840c43c197828f004ef1d5c663f78d0e08ea
355,"Flintstones, The",f4ab14410b754bab940f3e5c12a97d2363f0d83f3a0c3a7a64ea4ad739ba495a
356,Forrest Gump,9f4f953f4c166ac9c4b013b23be9a466694f69a4c6163f293a36c45b49699ad4
357,Four Weddings and a Funeral,afff4375d00094040fef1b9770906478866bdf07ed9439def052d62946e924ea
358,Higher Learning,8541c0227cbe7cd48f49a36f70be5cf08d49b90e34dc6ed04fa53ba7425a855d
359,I Like It Like That,bbbf9590c406de47c1316273cc45398c944c43f9c8c83cde333ad6e8e7b17ba0
360,I Love Trouble,91556aaae48496575aabad6d1fdfda110bebb7444ad79448652cc254b488d93b
361,It Could Happen to You,e32e6f1ccf9d3b957874cc40538048b1c0dd73a743a199bd31cd8cccfd32ce30
362,"Jungle Book, The",d75687472f74e8744be0697068ad389cd89fd39b735170093339c50dd4ba93b0
363,"Wonderful, Horrible Life of Leni Riefenstahl, The (Macht der Bilder: Leni Riefenstahl, Die)",a58701870e5f565ac678096719e12963df9f659e6186d266783a3659c6797926
364,"Lion King, The",faaefd0c3673bcea1d1be23dc60f3b06658995f31b651e19244a49849780696b
365,Little Buddha,c53303c739c5d73b6e3a786b19424696e0de9d648846d9d01bed70fa6423694f
366,"Wes Craven's New Nightmare (Nightmare on Elm Street Part 7: Freddy's Finale, A)",c933e6ccb0f49336c6cc593070d163cccf332cd3786c5933749b364ccb96cd18
367,"Mask, The",eeda5a255b5006a094d3f2b6a97d948ba2b3d5033d2b2072dbb7acb4c12d62a7
368,Maverick,dcfe38ed1378d7427f25d52d019e2cfe75c05a838845265bc3cb7980d8d490f1
369,Mrs. Parker and the Vicious Circle,cc364ec927c8f1365b2327ce70ee9907cdc064ec8667e6313718339d68f99e0c
370,Naked Gun 33 1/3: The Final Insult,de89e97a2b06b487c5e3ab51945cf86032fed70aba0b98678d19419672f1263d
371,"Paper, The",b812cda512b4b5ca4b43fa774e9b976c2d2e9b91cae14e0fe159342cbb8550b1
372,Reality Bites,ca4d15b256abfc442417c3e95de2e44b239c1f734cdcf18f1e3223dc48ad748a
373,Red Rock West,8c4160ce5d230e5ac79618ed249e667c256b6b388dad9ee648dbb1c31b5aa727
374,Richie Rich,d44d976d2b30a9962e6f7a604a99148e8a26dbf9f4e024860999f1787b6eecd4
376,"River Wild, The",c0ce88d50639de793e2401fef0cbbc217c26cd28879c369e4e59cb67138778c7
377,Speed,f16ce8d576a2c528829f3526d299db043e83f429cd4aad6738b44ad1a5eaa975
378,Speechless,dec665632d651a928856e6093d8d363af798c93dcf68e79042cf1e811f0185df
379,Timecop,8c594ce44774b33a3be416d9ec654fb97b14ba196d92c867339912cab4c591a6
380,True Lies,b4923554cb6d4e8969a249ba9662b6499099c7a6bb845a5ac6f33ba9d84e0ef6
381,When a Man Loves a Woman,f974b39b87854ee64c74e86e2c99b38953c23b2669163c199ee9c444c6c2ea76
382,Wolf,a1d794784aab48a71f5497c5d0b8a59cb5f2d2781a0f0d85e5b58f0b83c2f0fa
383,Wyatt Earp,f2b191ab0f0e4c3630cd734c8e330d99e18d1c6479cdc3cf0e3ab873c1ec9e8d
384,Bad Company,968f3659e6d80cd8f9c1472ac46161ceb65c6339938fd0bc616193576ba48ce7
385,"Man of No Importance, A",d83226cf27e7c93cec0723b272c99a6691db6c9ced2425db331bd0c419f3033c
386,S.F.W.,e9d9b4cf45dc83353636da9aab49c9e49c92364f54982cf0650cc79eb27d3241
387,"Low Down Dirty Shame, A",f9b0bbe4c209d41f8df7e76216c848c52e6738097d1881b6b1bbe12917e9cec8
388,Boys Life,a4c5499ab6da35e559a4bb3545389bca59926c34a665d3b91a1db4c24b7a3731
389,"Colonel Chabert, Le",faea3afaf07c94501c6238244b256f8f8f478745c66d6bcaf05a90732b81698f
390,Faster Pussycat! Kill! Kill!,b545e18d4edc9d11712ea0e426474e1b19d96f67b3031af8478c273f1e39c5a3
391,Jason's Lyric,cdd5dea337a235166785ccc58c6d5f23626563453b415a1bc99ac9529ad0d8da
393,Street Fighter,ce3cccde7cd4926238e738c23653ce6684ce32dc38651ceb8e595c71349f071c
405,Highlander III: The Sorcerer (a.k.a. Highlander: The Final Dimension),dd15422e21ea91ff3ec52c82f211f51901baacc485377fba5eeada28db808b53
406,Federal Hill,a8275358d9c13c7787e8810d78179ca33d2de2dc43ed646bc8d039bc6f634b92
407,In the Mouth of Madness,c4f1011e334efc806033b7ee5904e1551e913e2f67ee6b711653168479f5c5f2
408,8 Seconds,a49edd2aec3d90699b4514b2d278d3a236db787b2da0490f4fa5c453678da256
409,Above the Rim,9eff97f76028e028c5550595950d3b414ad8eeae6528214be196e134bf4faed2
410,Addams Family Values,c65995c05fa66afb32f97786194b3ef167b4970c9273f6f1cb18211c92454c22
412,"Age of Innocence, The",eaea975eb51169859c01c2638b58f69166e61bbb798b60ef0c681f12f2cc9c5c
413,Airheads,cdcda53944c9c932a9bb36e4d499c1a41b2236d7e912996ac5ba781ab66a3d0f
414,"Air Up There, The",a293a632c724db097bf6ec539d09c63a66f398943d26c92c5b4db4d1caca0cd3
415,Another Stakeout,d0860f711f19d08e6af1930f6cf270190f499cfef08e6be3955e6a686a311dd2
416,Bad Girls,ffa1d634045eebcbbd8d153473326a180a5b19ebb1a4e734eed34ceb01b5011c
417,Barcelona,eb14948994e26f6491292bf9c6926f969e0d9af36ac3c70d4fb494b24bc3c389
418,Being Human,ca5235a535aa4a59b5a4d7c24b6deb4bf6966d294a959690e96854b5ab5a341a
419,"Beverly Hillbillies, The",edf39abc124cd64aa9b6bb713e0dc1c3be18a38fb961175a84a8cd93137c24e0
420,Beverly Hills Cop III,94b21b0b3b86e6e66e77646570841b4a99e9c99326933665db2d99301af9c2dd
421,Black Beauty,c11691069e684ef964973996bb63e625e64c96d38cb1c99dfb09724bb6678c24
422,Blink,89450f5d769a70c3c27c908c0ee54ab9d2084f462dfe27f7a551d5105a6e1bef
423,Blown Away,c42c614a9a9d6a761dab93c96f601e937b856c78985b31b5c7d8352dd6a06655
424,Blue Chips,a155eb530f4882749c97b649866c14bd5eb00fc6966d38ab7bd9f15a68ab6464
425,Blue Sky,eb35eaa424a48451945a1e4a51b931b8366edf991c85548cdf2366777836e977
426,Body Snatchers,cccf86d8a3138cf337c886594e23371965937da66ca66c43332e338e169ed626
427,Boxing Helena,94326be7b10284f96e43972888dc69c396b83196c9e89e337bccc1e62efbf302
428,"Bronx Tale, A",8598a79c4a6f5a633ce8da52da1b558da5a2a1dc69bda1663b455c2937f860d8
429,Cabin Boy,b8bec70f46e1b139071cc8c1363f8e3dd1c966323cfa585da66c23ced9310c4e
430,Calendar Girl,8530ad2ad2972bc6a0050e4e7a0920df3ff167221f6ab187829cff53307ef367
431,Carlito's Way,d4f4a927038b6948a67516b959a2d966335bd7986894a65d277966337c6199e4
432,City Slickers II: The Legend of Curly's Gold,d0409c87c5bbe35d2755c7810f4b3c3632ed30ec3dca0fae64a1399b70da65ac
433,Clean Slate,bfd4c03b4c277e0c277f0bcc990066b2d8f3436f2cb0659872f9660d1c0723fe
434,Cliffhanger,a460f420ff9fabd642fe930f5b93821017082d621e6164f564c7e4f627bc5d8e
435,Coneheads,bc11d3ec0d162db336cc68a35fcc2bac0dbb72c4208aec697b8de1144f66f2ca
436,Color of Night,c792273df16098f33a97fb6c86959d60e245ad81c2964b6da495d196844d7db1
437,Cops and Robbersons,affef7b928635020f25d196a21f5b590f842e445a535f012e159c3ec4ee63393
438,"Cowboy Way, The",bf9918e2f044e344cd76efbd92700307818d8d98f926f366363f80fb08fa8936
440,Dave,f399a4fc8ce029b3ca645b4c57039773b1b39a7c7a2cce8c2cc2c59b403b7638
441,Dazed and Confused,d39ce2b74445035878bb79af8705ca9da87482645edad773f509503f785c88cc
442,Demolition Man,c90798c63cf8b444f361a6dbe403cf1047fa9131c8344faa1bc3986d7aae5b8f
444,Even Cowgirls Get the Blues,86d9a622c96459fc7b06e6f886b12fc18a6f0a26fdc0d98fd3992bd88d01a673
445,Fatal Instinct,c59e391c7a67c0de918c4ea76a49784337e26e634f926c713b3037b15cb19394
446,Farewell My Concubine (Ba wang bie ji),93ef66fcb312394f79b2a5b3924d79e08c56720d9b4c62136c4e9bc8942dcac4
448,Fearless,abbb3323d26c0cce9051733c6d90d4d3536e66318cf398ccd731608b3cccbbcc
449,Fear of a Black Hat,b00268a9666695359ddc66a742b3b4aa9ceebd50631c423fc4f383c71bd55b8c
450,With Honors,bbe9ad93d036834c2f8a3e65445aadb3ade153c2315fb84ee6ad6170ca12c781
451,Flesh and Bone,9dbdee66a89434925649d96964aaad8271f46d9a3259c273988ea925b726365d
452,Widows' Peak,91fe64ee7c7b8b786b245a67249c90c40d87d4e82d397f0fd28463357847c2b1
453,For Love or Money,e6aab414395fcec0c78a53afea440d5d9d3b66b6b0c559faa5702149d21d070f
454,"Firm, The",96534fb5738839aa586be5a1b34dc6949b71ba5a7caa515b6ca419abca342634
455,Free Willy,d89cb698a3330db31ce35f6ef39cf19c269926d326639b2019a498cc7c997499
456,Fresh,c50d279c2da69ab301499c4d52f37af04a77d60f811c68f43fb3a623c5cca5bc
457,"Fugitive, The",93b9a3b920464cc6599b0b3b43247264de7c72de70c7cdc39c91c6384f3c19be
458,Geronimo: An American Legend,c84c810cc3a1ca3772c267af2c2d29c6d4a6d3314b51d49ef4d9ab58b7359d37
459,"Getaway, The",94e8a7b92b5b586766121b0c98fd65b30ecc92c46371c765698fc352691e79b8
460,Getting Even with Dad,ccbf4455b660244c51fe79e6b5403abbc91933e1e7337d90d2ef0d413823927c
461,Go Fish,ca290455d8c5d86eb73a2f3987b0a1ecb1cc2d1e4c2b2ac379c15fd04b78d6bc
464,Hard Target,e82053558fad313a4b5554eb1e4729c8379a693dd232a467f18df25097a1cb5e
466,Hot Shots! Part Deux,da34ca3681f7a9d96a998c86516231612fa5c4bc303a9e178f8fedabc99f11c8
467,Live Nude Girls,e7342db692ccd2d88c531b1b69c334e133b46706e32ec93a98f19cc136d9cf92
468,"Englishman Who Went Up a Hill But Came Down a Mountain, The",e8e988fa72b2ed2c2552ae530f65c6b38812b9568ccabd54cc64d8bb95331dc6
469,"House of the Spirits, The",91949c2f75954bd8ef7993d92e60e563d6e624279107920e7309439ccf982d79
470,House Party 3,ea98852aa4652694d1ab1ac7f8346bd89792f6259ec998368f64e9c993b4179b
471,"Hudsucker Proxy, The",aad9f7308f3004af302e6dcc02dbf772433092232d4fcdeb680a84fcf15ff08d
472,I'll Do Anything,eba476abfeb9c846842b07bd8e76967819249de2b6cae0010846395fb5afa784
473,In the Army Now,f79802794837e98636593963d1e666194b67789eb59939e70c12e659f26513a2
474,In the Line of Fire,a6e7dd28391c30b11143dc8d4824864287c74f0f7eb929723b5f2abf784c2fda
475,In the Name of the Father,cb8eb49a7171834757eaed8d2e1dda40a8465ddba11e45a85aa52cd355b1a339
476,"Inkwell, The",9948ee374848959e6235e1ca37b69a7967c633a993496a468d1916276f5695b9
477,What's Love Got to Do with It?,bfbb7a808f9cce2ee017353ff0090f58c5f817eca274a50384a126c45f66f12b
478,Jimmy Hollywood,c95bc97219e3dcdbe2d62295921dc523cebc523c65604de3549261866b2eeb6a
479,Judgment Night,fd07173b06d9ecdd1ba4032768c038d3859ac7ecd02f1a5d60f368063fdcc13b
480,Jurassic Park,d14095118e77604460896bb03b9e5aab7ef31afe38f917db3f36079825a8ce62
481,Kalifornia,c4388db239cf7a556f329ccef0cf61812bf58636fc10cb2822cf62147b729363
482,Killing Zoe,ccd0cdb833396b2a664f94c430efe5f4db73cb0ba388219d2c3d6e69c36284d2
484,Lassie,b969b86140f7c4c78f876e1be438d6f816c9179d6f370f382968219c049d969d
485,Last Action Hero,da071c456519e18415e7dc63c0988f9b6e3b626823ef3b9930ee6f397c8e0b98
486,Life with Mikey,c890e545338b1bbabe4468dc857e1f2bf19b62351e49781aed3639b99666c426
487,Lightning Jack,d04268cf0abe97401be54bbc0fb70c37e81e7b949d4ea74fb681d2a5602fb548
488,M. Butterfly,db646f363063e699e199309961cccccc18a639e70ef32333cb331f383b3c64a6
489,Made in America,bd90c62fc06333dcc1e93e969e174b6cb599ed61e09f61f19506cb2192361e1c
490,Malice,b7d0f7d0482b482bb5b687d2ebd168243c26fd0ba52bf6007a740afd5ea42f0a
491,"Man Without a Face, The",c444c0662aa3b244f900b9873167b90392c4d8f47cef38dd4efa467b45e94ffc
492,Manhattan Murder Mystery,9d27f82b72cdb0fc25e82f830f90ca355a271f0baf526478b12df085724f4e51
493,Menace II Society,fffb6a2dbf01a3f1c4261f1c8c134cc79538588262fb3b1972c8967b3b04562c
494,Executive Decision,d5a89eb53e380f0d4c3f387613cfc3893a27dbc126d93873c3cc0e9b3b06c0cc
495,In the Realm of the Senses (Ai no corrida),d0b8d25a4357876737a78de609cc2d8d7c9d53db13132724e43ce2f86a660636
496,What Happened Was...,ff0de06651f21f99ce59c1033c3021fc7b069a41c39acc7cbec1319a5c3b3f85
497,Much Ado About Nothing,bb2e39bec2f8d2c14f4fc918b0b1b494c614cb73d3c1969c8c372cc3e4cce07c
499,Mr. Wonderful,b90fc96ac978e4edb6e5d39979f1781b9a4f834ea6c18e716a724392508a10ce
500,Mrs. Doubtfire,e6b9650235552a1676ab5daa2c555226b4c92677dba56eed233abac593241aca
501,Naked,f4fb4b170d0e94e94b75f4924b0b05252cd830f56b066f197f3508653cd5fa49
502,"Next Karate Kid, The",d1a9ca7d297896667882e4563ba52d0a5a513d0a6a510fafb5476a596784d6be
504,No Escape,904496ce09954921d529b491a7f8e75bd3549924b163ded7cc73e79a4794b907
505,North,bdda854647e68f91010d0fa6cc44de2b2b91782f762f68316e6a6bb1799024fb
506,Orlando,94cd9659a93b85eca796c0b75a684b4b65a759839cd724d2772b612569d49c52
507,"Perfect World, A",e4614b19c3b634e49599c27f6b274b66c2db3c99b664866399331c3cc8d96b4c
508,Philadelphia,e53308c53b903d5806f95bbb3ccada2d6d2af294f14db096c648cb3524da31af
509,"Piano, The",f9e3871e261c38e3cf1e493c30e7969725b889279a4f3c58472f34d3a5382b26
510,Poetic Justice,bfe3bc0460df0ff9e0c0c23bf027b0fee3d813e091c227e2e4ca63a8c91e99e1
511,"Program, The",f9c5e0e8db3ad0c74a08ddf6e0026bbe925940b2e5fa9c50626787f01ee9466b
512,"Puppet Masters, The",c1bcc1fa62d014bcbc3fca5f32a5a5e149e2d216732f8d481e923725f30d2ec6
513,Radioland Murders,d8cc64932f1d825227e739f8cebe1d876389637064f2914ca76164e5ec5e7909
514,"Ref, The",efe8b2a0d02f495f3ed17404c10b4b759c3434dbad467d2be3c413f694307de0
515,"Remains of the Day, The",969dc398697234679bcc4f18361b3a6731c4cdf86d39961d6318493834f199e7
516,Renaissance Man,f9ee8f428e03b0bdeb705b4c7e99953285e2c1ee14f72dd12bc1b243a03d03cc
517,Rising Sun,c77ae57a34859b85389162e5cc7e385a33c2cb5ac1e63e4ee13ac785cc3061e5
518,"Road to Wellville, The",d6ba1232e9346b6da44996dbb927714e96efc48d98b37b4246c44973351b2e14
519,RoboCop 3,f1934b99c5dae92d1b27c6c234a964668b2694e30cd19b5e712cda374cd8b933
520,Robin Hood: Men in Tights,95524aa12c52b61dc6e909656b32799b0d5956adeb545eaa83b5e41edf0c29bc
521,Romeo Is Bleeding,cc5dcf3931b630f21ac8c34d63259db3cc1ecf8ccc9f3cd1327833246987c4c6
522,Romper Stomper,e004e3e21f8fb01871d9f31f8ef31e609c6e01fb7303e01f20f09f831e7f18f8
523,Ruby in Paradise,bd557fa6305cc0d3c35ae732370d9a29ce1ec24d1e799335786897906c639625
524,Rudy,c633c8065984c89cd25393231a4d10e918cb926bb26ef22dd8bb5d9f51f93e5f
526,"Savage Nights (Nuits fauves, Les)",b70a932b68b564b69a5a3b49cb2925a624c69cdec95ac4af9a99e36967a434a6
527,Schindler's List,86645b386ec3a4d61931dacbecde65234b093e5c152c7ac13cf3c936c65934cb
528,"Scout, The",e84491ba25549c759d2ae684d6993cb332dfe15b13340dda61a6e7291e596f07
529,Searching for Bobby Fischer,bc82b0e4f0746419a7914ff0b74c9b3b87cbdb0ec0d306cef4b673c3c3c321c1
531,"Secret Garden, The",948f0ed46b40d90b3c1a33b5613dc3f19e037e0ec6d8c87f69e13cf0f44f0792
532,Serial Mom,b4f8cb0fd632e1731c3c98db13c2b5e04f4df6b4c362af0d18d1bc08031bed0f
533,"Shadow, The",d5006141c2f697a968f3c3f76bf9e621ea162d709f643f421c6eda68c058e0bd
534,Shadowlands,b013eb37ab26988b949875bc38ddce509bafb9814c03471887e7a6f696a293e8
535,Short Cuts,954b6f926b34f4ed2cd0830fd1ab1ed26d64613d1e53d182338c2652ce37fc8c
536,"Simple Twist of Fate, A",e001700e9816b78d6671c3ee09d8c3f90778a7fe0fdce5f2302bfc115a0ffc03
537,Sirens,859b8f934a666b6cf109d1b32eb236ceb64eb01269234b691ed8979b25a62d66
538,Six Degrees of Separation,d452a96f3b8886f0f825720ae2d00dfd4f1bc3e030adce1b62d63fb08d2ff1c2
539,Sleepless in Seattle,9aa2b0a8254c2f579ad5c6d9613e92a6bc8954a18bba73dfc45a8d343f549f41
540,Sliver,8d1d62e352a8ad3924735a0c9c2bb4c6853c69a353ce4b3d69a3b15cdab1d9ae
541,Blade Runner,c1bc62533c091e26523cc19b6be396ec3bc30c193e36b3636ccce3333b366a4d
542,Son in Law,a4d99b655b62c6d28f0afea6f7254439b078e532366af346c0af31e40993d9c8
543,So I Married an Axe Murderer,b62a76289995a17493d07799de839ae78cf7cdcef64a4829cb6d6a24490a859c
544,Striking Distance,d11473af4eaae5102f77e22a6bb888bd3c9ff880d0a09cf634f04c3b1e17f30c
546,Super Mario Bros.,c12ec03ff0f33ec53ec83ef1253bc7a4e1e493c52b8017923e1ad84ec42fc935
547,Surviving the Game,cc76b7d838260e65c1cfbb86e6b2d98c0650183ccf86e9fd972db4c343932872
548,Terminal Velocity,803ec96b63e132b6245e1b6714a126d0697630a99b499f905fcb3dafb3d249f1
549,Thirty-Two Short Films About Glenn Gould,c44eea47213b19ba2e93f09c38344e7317b9278bed66b194c11e4e7b996998c6
550,Threesome,afbfb535f50472ee9c104efbd06a9444c0cd3896073ba17c1c6d2fe8f1109b31
551,"Nightmare Before Christmas, The",e4d5bd0d0c04243f30f7e0637e8adb49f05b794f8b5b505e0f4f4b4a37204daa
552,"Three Musketeers, The",c66c2c72c30d19867984b7252cf9862d7afb639ad5b0099c0e35a2ddb842f77a
553,Tombstone,feb8e00a81471dfd1bea636266963e95941f0ff97160c0b06ab68507f1373bd0
555,True Romance,be9b8e9a4100b9a6166cec03e983e5447edcd0fd837f6998e130a164a3cdf74c
556,"War Room, The",ecc4f3395aee1c3a17184fc6b3b3a899ce390f878b87c261b0c80ce31ba2d8dd
558,"Pagemaster, The",c784a5422d49a6961c79d83d629e0f698b86571cd67963e55bc766b1c8e1d30e
562,Welcome to the Dollhouse,cc71c3ce4f182c7331c64b9934e6f360259fd4648bb1399f5e3c2d17d91306cc
563,Germinal,a158e2d2ea77702f7edad4a8f5006ea0f05f783f13b195c07d6ad4ec4ad02a91
564,Chasers,fea8d22b92dc0ca089bba1478541f0bce04fc3d80ff5b517a7c43f60b43a96ad
567,Kika,b4e334c2cb0d0b3db198cbcbce632c306ef391c3748d33c5d392763d73619318
568,Bhaji on the Beach,dbab48fea5149705c0f4b723b514603994445ba9c4077afec9c94e2e58fc376a
569,Little Big League,eaa2a5bd3557dacb4a2cb54464d3448ea74c3b3db4e986c2ca77016d7d40fcc0
573,"Ciao, Professore! (Io speriamo che me la cavo)",a3f7fe02dc2901fc840f8c7d79d0120721f9cf0063e5f41e921e0851a7e973ff
574,Spanking the Monkey,b36eddd30c93b364c1dc7639d331498ad75c68c09c864b3631bb3e41423b1ccf
575,"Little Rascals, The",a9dafc9a5d60c320168492db2f5a7f1af85cd8ac8be307647625d207e417b59a
577,Andre,9364b2144c992573b116345c6c67781e43d84e63ec6a7799399f0bb41e3f30de
579,"Escort, The (Scorta, La)",bbbf9f6085a04897f8582fae9524b151c09fc07107a927bf175e3610f46a43fa
580,Princess Caraboo,e2ea48f00db9e5b4e3cc86ea8e5a0d1599a732ab3693171d999c39e3523136b3
581,"Celluloid Closet, The",95123bec68b7c1033774963a39ccc8c36fb585723ec8d0d74b661eb1483ca59b
583,Dear Diary (Caro Diario),b326ccb1ccc933069b30ccc999c7cf36331999e1666433cc6726939bcccf3326
585,"Brady Bunch Movie, The",ba8aa5dfcc916e2a3346188116e8799607c223fb58955c627f584bbe28ff2279
586,Home Alone,cf2cb44f30f1ca56b40f1f381bf82f42ca1af0a7b7027b78c8e18f33701e0fc1
587,Ghost,d92912f86f96fc1c90b201e35b694f13842ca4b27b8b3bc7a654e01e55ec9fb4
588,Aladdin,832735f944387ac31a7fa19c35b48e4f38c9c9cd559ea6b608cc9361c5cbacc9
589,Terminator 2: Judgment Day,825513ce562f6c77e9c26c3a3c1133c54669805e3398d2363de6e75d336b904f
590,Dances with Wolves,da9111a6bb15207968f4e3d1276fbcc5d0c93b9091ae4b198d7e77c9cb16e424
592,Batman,c768cc604dbb639491eb2d4514ca1e597938bf84321650332796e3fd3ef4c09f
593,"Silence of the Lambs, The",d45b94df0d5dcb22532235a8c560935031f59925936df6c26cdc1b2d1a3b9e9b
594,Snow White and the Seven Dwarfs,95713887699ecf20965830f98165770ef51a89d508a5d7a25dcecd18b0733e7d
595,Beauty and the Beast,9478f3996ccf26187332cce364cbd34cb319cc339cc768cc33366333cce664c8
596,Pinocchio,85c12f78391c6f0e2c7860f34f8fb21ccbd2f8d972e6b303669eb3d0681334c6
597,Pretty Woman,ba3771ccc1cc6f3987c21b268c8f0c99903ab4cc699ace633ec5949b6f1cc07d
599,"Wild Bunch, The",9a05afafa961d770179e64703785968ff87a798f506168448f3ac1616594977a
600,Love and a .45,91aeaab69e715549bef1fe3e4e037888e911071cf04fd9e80287add435c3b4e0
602,"Great Day in Harlem, A",d630c55000dd9af53cc57142732808fd6c9f1e3f923ee9456f29bf013d9554d9
605,One Fine Day,bbb7bff2cc19c049e6009976373f1cfcb34546c4db9ac6207887a37454424bb8
606,Candyman: Farewell to the Flesh,84dd2f36b335334bcef0919735956b68b24e4d864ca872cb33a65ee26c034ba9
608,Fargo,b83f478eb951b860c7c03871468e331f9c7ec38f39e0cce0b311cc5c331ec7bc
609,Homeward Bound II: Lost in San Francisco,d413c7e0687f629e37011a6162b056534d29306cb0fb9f95979961b96e5ff81c
610,Heavy Metal,c10be80f7b31b9603ac41a903ee487ad6729178b3cba0de32dde27de27dc2235
611,Hellraiser: Bloodline,89319ea8bdc4dd965d93c45e56cc23afed344c7b2659330a338ce41964c933dc
612,"Pallbearer, The",c00fce6b1f62663324f19d98f98c310e92eef8c4f1dc33d1e6710f6e398eb410
613,Jane Eyre,90fea4e35b61933ca90599a0ecbe9d997311c4daba49464c2dae8f25c4ed86e6
615,Bread and Chocolate (Pane e cioccolata),ff227d22e1a44967d8ea503ac83f99d11789a4f9c25c87d4b6c1c785cc64ac4f
616,"Aristocats, The",bc0fa152cbe41e2fe158d0e5b06726674b6c8d141e8bd9586d70cb89cc1e6f66
617,"Flower of My Secret, The (La flor de mi secreto)",ee926e9499e69365f31ab9924c76c23191b9e08c66661e73b0dd276663361d98
618,Two Much,eb6c2b6c94dbf093c185bd131e3380fe68f2cc27c33c63dcf240f3613a588c4e
619,Ed,e0fd25c49e2e7b291ad5fa1695b241af61adc6edcbc2487af780962ac345c905
626,"Thin Line Between Love and Hate, A",a7999bced2cdb0be4c1d0bca38c2189f3d97e46990f61934cb8cc7433e6c1926
627,"Last Supper, The",a493d38f07f9acea7c074a401b2dfc3241c238cd352aa9f3bdc2a1c6e07936af
628,Primal Fear,b91d076346e0dc81723bf1b81ece26cf07a3261f69fcfb18d83490e09703b1f3
631,All Dogs Go to Heaven 2,8e4eb16080d95f1678ed2ba20f5b806142cde9b636421e0fcb65b5b1f61e9e7c
632,Land and Freedom (Tierra y libertad),fad2c03e9a8f6672c50b33c1c579694394bcac1323452d9c6f96962f591bde48
633,Denise Calls Up,edfe12fe127e8735969867ad97ad1e598b131961ac252d859cc78587a164a861
634,Theodore Rex,e5a61999cb1a68e61c69e73c9199a53698de4c5da7187a63686399c4c1e7879c
635,"Family Thing, A",ed1b2d69b1a9c1d9425e836685b174b4ca9fa38fc7666f2428d1b2cbd1c294a6
636,Frisk,c3076ff0ce3e781aa0f1814f2f0868f6938e0e193c67c7ab38a1747e8d3c9387
637,Sgt. Bilko,b6ee9c749332678d4b29b4da9479d26cc9c365a13c933a7c49dac72280c5e273
638,Jack and Sarah,82aad01369133f2db72c3efaccce5ccecc60e769b741b550c311c03768371b57
639,Girl 6,e2ae5e2a0afbe510b2150b7f791032dfde44e5b9de32f900a19dd644a9434cb3
640,Diabolique,ce6ec70635b12cf8987cf18f39c33b204b3ccd8ece07f21074c89ee34679ca38
645,Nelly & Monsieur Arnaud,e6014701f610de1e4a1e29d1a5d997e81eaeb81c397091fe2aec39e5b57c0ef8
647,Courage Under Fire,a5e531bd980a5b82c0f1a12e730ef9602e25f68733eac27a32fb8d4f3b3c0969
648,Mission: Impossible,aff4fbd2d00aa52fdd53c091857fc37ac6b0c4a05ba8d2b05a04a94faf56c915
649,Cold Fever (Á köldum klaka),9d0f403f3fd062d4aec4515fbc2b181975aea5464bf601f16f591e095ec6a4e2
650,Moll Flanders,c1a52e1e7e4799a1a339caec1d9ee6635ac12c356462478cd9bc994ea6a3e2c9
653,Dragonheart,95355aa02dca920fd2352d584a9bb6d57bea6c34b43097ca8f8d1da4e0f328db
656,Eddie,ee97136d9ceac4e66b3518db3ec43eb4d24803bfe12b6ca69cc29e119b48c1c8
661,James and the Giant Peach,c011bfba35eec8055a91657aed6516a465068b0093ff695b5f80b4a40a77feba
662,Fear,9e6c34e46cd9cb1a3333b30fb14d34c1d386cc780de7927cce18891b3698c7b6
663,Kids in the Hall: Brain Candy,fba068e0b2f4b110b441177fc50334e8d66e1edf5db23cff3cb14e8a4870e914
665,Underground,bea896f763d46a9cb41ba55ae173c56a8d0995ed9146d863c95dc380c50ee782
667,Bloodsport 2 (a.k.a. Bloodsport II: The Next Kumite),f6e9aa814f569f2ae2f968d1b182f20ec299c9ad9c624cc523e93782396d49ec
668,Song of the Little Road (Pather Panchali),b5554abeceaa714a87e574958a457faacda822554bdc2f0760bb0f74b483c268
670,"World of Apu, The (Apur Sansar)",b1a348a92f5c6e5e94e66ca95939a2526b66260a76db936459276b1a64db9c56
671,Mystery Science Theater 3000: The Movie,e5456d13433e94d41c92a72a279bccbe994a3359f21f16d3abc4581c625eaed2
673,Space Jam,85547e2576ab897a3a1530cd35bac4d3c2ac8c078f75332e1fced278a9212db5
674,Barbarella,d3645b9af4d973c82f362c7f20efe5857a78c9614b47886c1524fb9b4b11e300
678,Some Folks Call It a Sling Blade,a224c1e949fb93361ea0cf200f678a4b6d818dbe30e87a5b3b3639acb66b5d91
679,"Run of the Country, The",debbe306a8409c99af6686a3b395694c94729e699d5296ec3187cc92e16c731e
680,"Alphaville (Alphaville, une étrange aventure de Lemmy Caution)",8fab47afe844bc4cb0d8e871b1719b939e050dccc5b9ce35a456916bc32151b7
685,It's My Party,d962a998f6bdd256019a7e693a1c87938c65295c73cada58c62073a7cc5f06ea
688,Operation Dumbo Drop,af300b0470cbe4ffc1aeb3c08f20ba4bf2f3eacc6d89b4f6d05bd1389504931b
691,Mrs. Winterbourne,ad64d31306cddc3421092ace6533a84c5c2ba519a2c6d67b517d9ac7a6f3a77c
692,Solo,adef9a4bc280236d885fcf1093d4e4176b000dde103f65a8327b6c1b9f65b36d
694,"Substitute, The",e1ce16a69339638b0c31f1cb66361c6ce2c43db802dcf3de083c765cfc1f26c9
695,True Crime,a515ad543ac056aecc46a1914bb9a6ad3dae2bda24734f6f62d81fbe34e89052
697,Feeling Minnesota,a90ad1e1469edca8f14f603b27f5d6474b499908387034e78ec2b04e9b5bf93b
698,Delta of Venus,c712b11434466cea479311999c6cd665ca394b8b6a6ce96f2978ad5a6f134cf3
700,Angus,bf2b81694ea84994b59e4e757d3203c3f6096e65eca663e990b296d8c90f3706
703,Boys,84cb96d37275392a79a54aec4b42cdb43932672c625b3963cca366cda732cc5a
704,"Quest, The",c440ce4e78309993839f61f0a06fc64123cfb0e146fe308fd8f02f3fbd3258fb
706,Sunset Park,eb95d78ad43e827d81c0bae11fe12522da076b3b930e54b44d93c0911ef16f79
707,Mulholland Falls,d11e99132917622ea7e826e46be59d68d20969933e78e40e44f916f1dd8de26e
708,"Truth About Cats & Dogs, The",8ad40694e55241c8eb8826f3d0f7ee7c521fbd2c7b0293f03de0d187af6ed218
709,Oliver & Company,968f786863a54e9a787934ac336a96934f33a587b24ad32585d638b46a6d36d8
710,Celtic Pride,b9e38b7a7d90b48f47208537aa5cf16cf8c1e4469329a639a4b76c947a0c5b8b
711,Flipper,e7b3188b182d4634b66ed9a860f1a6df3f0e3313e16673f23285d70f84388d99
714,Dead Man,8fecee8f3a31b1aa6c079e01c5e042c413d3ad1c4f23d0f33878ab3c4dc3f45e
715,"Horseman on the Roof, The (Hussard sur le toit, Le)",f9b29364464c9fbb33a3e04f9e5db7834432b9c40bc9cc3ab03643e8e8899c67
718,"Visitors, The (Visiteurs, Les)",e3aedafb4cf55320d31044f174e3633f1aeb6acf875c3610b58280dc06337a33
719,Multiplicity,d4abab5ad4a0a94baad4dd5354949929abaaaca4ab57d205d525d557a35472b4
720,Wallace & Gromit: The Best of Aardman Animation,c22e55043fd939f9d124562eb0d34e6eedb299f9427cd90238cb92d1862f493e
722,"Haunted World of Edward D. Wood Jr., The",b974b8a6450ac38d1eca9c7e3a30f05a6aedf0926110528fd8c79e6b9d702af7
724,"Craft, The",c443f40e85af219d7a5cdf7a3ba748712469d486e51363a14bb132fe21dc9f0c
725,"Great White Hype, The",99bc21deb4657663e3501908695ec43333e5b70cce3a79d799c75a5391b863a0
726,Last Dance,9317c7913c6e8686c791f3b1894f7d567928b19c54c68e638616533ca6b1cd96
728,Cold Comfort Farm,b732cbf24d8d3c1334743666246323bd6bb96788f468fc43a88fc8379157148b
731,Heaven's Prisoners,eeaf4ead27d33b7af81cd90b8dc304f6e0645a2999132e7bb48419cc78ca909a
733,"Rock, The",d42a0e0172019be12fc7d4f2790d843e5f8d4db688f68745564a7acbc9b93367
735,Cemetery Man (Dellamorte Dellamore),c413b3946cea0c6331cd65fd7e0c3e248333db87e5268cdb0ad978ad76c2631c
736,Twister,e60030bc1f81cfeba4f5f24258344d8366d8b74d83f4f8f4434ff530329fa7c0
737,Barb Wire,c54a9eb83af56046611887a98761dc5378be93ccbb909737e34b6b3c2e6d6481
741,Ghost in the Shell (Kôkaku kidôtai),cec2381d11fdc2c8c40118d79bf0674c582882f33ddf6f7c3b201077d6fe2db1
742,Thinner,840694d049ab27132b942cc636679938319dc6864fb9d212dae96f6c33ef3bbb
743,Spy Hard,ea6ed5b2d132998d1dd66cc29259625b9b6a664d8995d262e5b312539d137274
745,Wallace & Gromit: A Close Shave,8957c4278e323ba8d3a4091d6d93267a2469f1d3d28aed8f48df424927f49f35
747,"Stupids, The",aed2f00dc0c636e2943d8f17cb314b34c1bbd1ba94ac2ad53fe591e96052b86b
748,"Arrival, The",96e632464b41e94b69d934a5b6bd49b649b6e49019a6972e63599b66f24d938c
750,Dr. Strangelove or: How I Learned to Stop Worrying and Love the Bomb,8cd9accece03732c3331b1333b13c8abdac484692d6f83915af6dca7b54c0fc1
757,Ashes of Time (Dung che sai duk),e0a35093f7902fc65a4b69212e456c69705a024d2efcf27b25f805f866e6f7b1
759,Maya Lin: A Strong Clear Vision,e54f93aad9dd5e2c0979ee0ab44f31831f1be8768f304c4c38a587486ce26e63
760,Stalingrad,94e441686b631ee694b56b1b375e969c6a98fa183b92c8956bef91647273ca44
761,"Phantom, The",c041d887379837f47ce4663b038b3b4d7c6be16c6a74c7a30d8e9a9476a3911b
762,Striptease,dd2c0cadf4c2b2d21331cb2dc33c3e70ccb339d2c4c9cccf130e933e3668e0fc
764,Heavy,feabbe548155c1a9a10e7e7e54e38b0f8756d4c181868f3678f16d817a2ba05c
765,Jack,ef0c925e1c27e1e285bd96b1c1736f2479ec784cc34e3c8fc6922c999b433b21
766,I Shot Andy Warhol,b209b484847c54e33e9b20fcd3811f3b75946e63ba43b07e6b63be04667f6922
773,Touki Bouki,f0ccde6d499b4d9ca4e7b2458052c723e112914cf679a79ac964d2d3dd1c7199
775,Spirits of the Dead,e43ac4e592d27b18cdc5965a39823a7ce669c487b3a7c25ae8784d6cbe5298b8
778,Trainspotting,f54f61e49ee789764db4c35e62f8203cc61dc3c99a4a3e43cec22d21c33833cd
779,'Til There Was You,f55d60ee91bdf30a1c069ce90fcc4e6041a7baf766309ca09e72b3dc4b6a4263
780,Independence Day (a.k.a. ID4),888c5f6b666788dc5d096236aa4d45cd3a7790745d99ba76c6f03d09c3e68473
781,Stealing Beauty,e6736636948718e7cb4c98c8d92c393d913207b69bb4d97ac90b6625e4e4a676
782,"Fan, The",ffab1812a97664edd215830764e2e45bc259b584133f137b64f2439b7d8c170e
783,"Hunchback of Notre Dame, The",a1002f415cff21a33f23dec081ff2d7f7c04e3d8c1ee8c0961303beffe83860d
784,"Cable Guy, The",c11ad45cf424be8f3af165b16ba5f2e1b6629c726b593aa078c326d3307991a6
785,Kingpin,bb0731cbc4c93e04c93f6e7a39b039336e0fc4e9381339aeccec6e06852d7878
786,Eraser,f6ceb4426d217bbd439849de6deedc22b231a0116cc9cf8c568e114229e76bbc
788,"Nutty Professor, The",a28ca35a5c3388f43f4e86f54382376fb2743e63d93f3d98349b4f8d26708231
790,"Unforgettable Summer, An (Un été inoubliable)",9e39bfcc5103cc33c1801c6760fce7c939979c631f0860fd1f39cc4d43c6b339
795,Somebody to Love,c4b4ae521ade9bfd6947c32c22702cd3a5960ef7198dd119c4336b0ea6668fb8
798,Daylight,d00eb0132f234beccf742ef13fcc0bdc4cf178cbd11ed03348e3c0ba833f443b
799,"Frighteners, The",b8b398da66c660648b1ee731633999ca64e33c719c76c774670c938e999e34e4
800,Lone Star,d221e6955a6413a9e6d89964a799db9b9e6685985991a6660acf9593f266874b
801,Harriet the Spy,8485c6d91bec6bb6e5530d291fca98ca7230b6951d8fac4c783a3bb28ea7a705
802,Phenomenon,936c48b7671bb4d294a4cb6ab349bab24d93a6846d7e4649b29693336949cec6
803,Walking and Talking,ed7098e01858f73de03cd48ce70d82835b8381c26ae7f0fb00b7c14f7fee4f50
804,She's the One,c3409ffb2e9bf0041de68f62d4114e9faac0b741417fbe9a2f8268713c5755a1
805,"Time to Kill, A",9e4a6cc8eca75334e3482735f1c425999cd89b991eb94ec61b265ee60e6958e3
806,American Buffalo,feaa42aac150a557b5571b9185f8b53e3b27c0426ed0363a936e6bc3ad17a644
808,Alaska,aeff1e6bf1a2e1b2085f3b44f5001cd98a6de123648e9e6999637194661d4b1d
809,Fled,fbbfd69096c03d6689c67b1cc321c6cfe412f0303a4a91bdb13596c28dd8ad2e
810,Kazaam,8466e24c6ae496e4b99279070f9d3932b878979bb4a14a55379634ed18f99937
813,Larger Than Life,a94c82081cd6b7ffc4c564bf89c4f186eb354a02e44f6ffc6b16a1bb13619525
818,"Very Brady Sequel, A",8fb5d7f34a4eae8c35a24b77a0179b2867e9304e4c8c93f68d34e30929e644b6
823,"Collector, The (La collectionneuse)",82be43f0ffc11c1fe424b7d1925fe4219272935ee5219366e721e9259932e593
824,Kaspar Hauser,b8f01007c7c7c6e3d8713f1c871c3a30d4bbf81c00e0c4e76f67371b791f85d8
828,"Adventures of Pinocchio, The",95d16a3f7642c9676cb4b4c1537fcb0020f7a4bc59298bf6321996c0a53ebda1
829,Joe's Apartment,835290cc1e9d372a789648deaf6b300362ddaf678d24d0fa3e66e48461b9e3d9
830,"First Wives Club, The",edb5d34a906436057970889fb64df16a9b977928835caf5572e36b50e488e06e
832,Ransom,9827fc3f260907f21ed89264d963898973699927763827c805d849dff076f21f
833,High School High,bf0cb8eb44a9c7161fc29eca483dc31d63dfbc60ac1cf231270b78cc9ec17303
835,Foxfire,c8f6eed37e83d922504ccc4f6753115e9d9c399ce2b1c62204cff98b1b662e41
836,Chain Reaction,914d376d67a9d8cd0cd0ed9015a2b50ee94d42daf69a6b124bf0d07d14699e79
837,Matilda,c3b45fa6ea6ba07905447d93bc66232922cade310f3fb244e89018cbf7f66721
838,Emma,f5353c3203cbc3491c7418f06586c7a64b691ed99bcb63076796691f1b87239b
839,"Crow: City of Angels, The",ccc4cc6660c693b1333b99918e766c9c99f13b1c3189b073ce3ec6d96c8c66ce
840,House Arrest,ec766ff4c38dc0498dc10ffb1f3f18013150fbda168f03439b6c1be6e5b24c30
841,"Eyes Without a Face (Yeux sans visage, Les)",841f6af8914737a14ff0900f3ef8901637ad70d2c43f3bdd90567fa9d05ad083
842,Tales from the Crypt Presents: Bordello of Blood,853152ce5a662c993b9bf3676464e5890796907367dc86869c73dc5c7e5c1067
848,"Spitfire Grill, The",c83dd09fc2c307c34f99389c1d2e96637870f0d8d0c7e2f3e52af12ee83cb4e0
849,Escape from L.A.,8ec442b951d1bbe5663e694678407f86b12e33c7abd83e9c46519681d3a986eb
851,Basquiat,c198ce88db269f171e8692499999c98e82c636666739d199739f618e123eee3e
852,Tin Cup,e02f162b7950c5d0622dfd921ced5836bb01e2fcc3edfac04f88750c1e7414fe
858,"Godfather, The",d13d0f092e73e63c7311b9e33cc426c2e30eb38e164ecb066c9b399831be66d9
861,Supercop (Police Story 3: Supercop) (Jing cha gu shi III: Chao ji jing cha),becf4ac4e161e8e316df672a1b341d404d09b3b8cf1e926623fdc88934d46d27
866,Bound,84b04ce16c4f1c5e3897614b86f990f133a0733a7295671e7b0fd3cc86ce1b6e
867,Carpool,f8ef68a5978e95de54c09e8aae1f6b514274a43466e44f8c9f8d3519c910d2ba
869,Kansas City,d53e3aa5692ae2cd2ec5244be3778212f2a4b36ed52b894ba8929fbc4ac0dcc9
870,Gone Fishin',e848aedd5fe18aacd3a312f1361fb22e2b06795a84dbc51c95a2a31792917b96
875,Nothing to Lose,d3eee026de13f85928b3c696e76c9b67e1a6d3883f426c52c84e85ed87c003cc
876,Supercop 2 (Project S) (Chao ji ji hua),94d2adf29304d225c06587342bd5c9178df1f603cd3b76cdce063e44e82e17fa
879,"Relic, The",c067806795e4eb417e1b3c9a6d98e298e6184c597edb7aab7b522950ebb0c392
880,"Island of Dr. Moreau, The",873491c8285ce4765bc32cfdd4300bcf6d1cc2b62bc3fc282af6384ba68fc7d4
881,First Kid,fa8de5e905f2db063bcdd07b6c36c2a41bc93c12c0366fe1c25a1f1d956922b4
882,"Trigger Effect, The",84752c776f085b8a53aae4bd3a33cf2954c00b4acca5c6d7336dc9943f5a3325
885,Bogus,ec9bb6f11912e90cc6ec36dab1694ba4ce1224b991963b4cc4e96e376378b19a
886,Bulletproof,b989ffaa467e83bf39887cc0a413941f9e5cd361f1c1b44194d638b62e394b2c
888,Land Before Time III: The Time of the Great Giving,c5e7ca1814d32522d31995cc6ea66f38d9ccc46f2478399733aaf246e6874bb4
889,1-900 (06),ed94ccde0223f2e4c644376c23461f5de955c965e95109bb39372a44f9b9ca58
891,Halloween: The Curse of Michael Myers (Halloween 6: The Curse of Michael Myers),ababceb0e45c398c9145d9c3cd94c43ef6599263d1c469bdcd174e6c904173e4
892,Twelfth Night,fe52e10487ea1efae50413af8cd0e61412f86c813f17b34ee8a51eb0b55bda27
893,Mother Night,8dcc50133233adcc4ace7eb03b3943cfecccb033d113e5049c6f5bd06f012eee
896,Wild Reeds (Les roseaux sauvages),eaabe1a3c5d83f0e9455955c9a60ec10c3afda2a3a14946d6ed36ae7e09f29c0
897,For Whom the Bell Tolls,feaa86a4b1047b3fc84d3fc9b09571a284772e7c80cf569284f589dd1b939913
898,"Philadelphia Story, The",dd4102eba2f4fc3ef91ac361a4831d86c2cf5e5bb82c67b04ea9655e873c520b
899,Singin' in the Rain,f1ba0d064ac4f47045e71b193ab264e46f9c39bb1a63cacdf5f614b60569c84d
900,"American in Paris, An",b6db81965926fac8a7c14e81b8ec2427797eb5cf8319cc3280c7739c5e3991c3
901,Funny Face,c662b0980e24112734f4264b93bb7eb0cb47a5dba4a45b69b15aa697da3dcde8
902,Breakfast at Tiffany's,e1eb563096d821c31927d8fa6a7837381fe6690c8edd2ed3a10084fff13b8339
903,Vertigo,8679866d79c61986b339667fc4e5d9e09948361ac727cc61365c399e99c29963
904,Rear Window,e94516bb9f3de066d68a7a3de0e2cd0dba71854df090dfa30d1c50b04f0f28f8
905,It Happened One Night,851488fe392a574f4fc1b8c7b86c4b2e59328bdcc8b8ccebc18dcf310bf19916
906,Gaslight,d4a619c9c2748f4d0df2b43a760c34db0d335ba62acaf41ae3299ed7959920ed
907,"Gay Divorcee, The",eaeeecc5844392abda316f70b5a8139cd9de0c4aef4d672cc526c4a3a6316790
908,North by Northwest,b19cb9900e6244675e693c19b0be03e27fc3fc97987821bc67c4fd4bb8a52272
909,"Apartment, The",fcabb174c3585e1f9a12c5f834f4762e8745878981d4cdca9b7796f0d84039a1
910,Some Like It Hot,cfeefdd0a5987127d80f4a8be2414676c460336c93965999dd03526ac27e26f3
911,Charade,8506ca983fa143fd645fb54673809c606e197a979826696f9967649e6c9cda71
912,Casablanca,efaa4aaa728a6e3fce08ada5a5d1cc9798cff6908d157968d2029617a9f1da01
913,"Maltese Falcon, The",ebbb6598b14779437a922624457cacbd3d3d4e6086ca89ae9a58a730e5e2f0c6
914,My Fair Lady,ee402aaf631bad1192b098ea0e8792cd495da553325f999f7486c2691bd5d2d7
915,Sabrina,efd47b5e192b6cd192630b31c49b924cc3aed48d0fd3c427322b6591d18f3366
916,Roman Holiday,a925ac4172cac6b50cf3799a896d196dd2a4c665796e4aea249574939af3b34c
917,"Little Princess, The",9eba4d13f1b3b3148e4d18ede764c719d31961e9b9869b3c84346e33c6916788
918,Meet Me in St. Louis,bee667954618b06561ee069c4fe35a2a691d2c7766511f4e1bc058e3642367bd
919,"Wizard of Oz, The",9f74f631fd21c84eb88e879461bb90a193c391f9572b9bc202f63a74c43e2c8b
920,Gone with the Wind,efbad9a0e941c6509ad53c67855d3caf872192fcb8160722d09c1ac7c6e3b16d
921,My Favorite Year,cbbb4510ac6e92ed96403aedbd407b3313b3a5786acdc6d066bce42e93121b33
922,Sunset Blvd. (a.k.a. Sunset Boulevard),ccd1336c619c4cf1db331ee12186e594324ccb1b3f33e3363b61e11e1ed0c89f
923,Citizen Kane,92109a5e7bee97b8c699685f357c97a64e877878a17023c72d8edc3848c39983
924,2001: A Space Odyssey,a6612cc8d5d6eeb1c7dc9e668073c281f95e7de22ec22d6881a7a01e5aac7c74
926,All About Eve,9faa2dba6e554f4193c8f25dd24787c2c73c8d1ca594e8e4d053b073d039931e
927,"Women, The",faaa63f5a5d452abd4148c468950917994ebb4ee4b3b9c58b1c1ca1eb18725f6
928,Rebecca,b1e2f0716e799d2c262a6a804f96670b12cf6a373997d0f6227c499b5ec8adc8
929,Foreign Correspondent,c8aeb7d93551c0a0cf9aba5587d58d2f7feaf040ca9217e4b428356f21556893
930,Notorious,cefa2dffb5459f04bd74e4fada1dd80fc0c36382c0344eb4cc434a4bf803c893
931,Spellbound,d011936c2def6cf87e9c6a5d2762a677718b859c76b0981618bf13cf93284b30
932,"Affair to Remember, An",cb79668eb1d11b383ce66db1633fcda39e39c666512393c4c58c98d79ce81218
933,To Catch a Thief,81c34c383d29b3f8a87e4cc77910783f624daf5097326207d9a19af9b57ec48e
934,Father of the Bride,fb9bb9279e66c499496c12d685e12d63a7b352231adc4e188f5cce3c936248e5
935,"Band Wagon, The",a414da3098dc6dc965b33ed2d1ad0d64f8d23619ff6434a6331be473d8e68199
936,Ninotchka,d2fa61de39b69daded096e5396cbe1859214912cf51a9a5987616782ad848da5
937,Love in the Afternoon,bab7cae4c4c8bd0ab1786854b41e6d95872f383794ec34e1f0f1933937838d16
938,Gigi,fbbf77632e6d74f4d242990e81bc23f1be03243e8278c6e78d861938901bc2da
940,"Adventures of Robin Hood, The",ebbae914e94206fbb4c366c088776e2699e9e21ba5b5774a691ae0b956621566
941,"Mark of Zorro, The",bfee380cc00323f987dc4f06b9020d5f9f0e38349ebcc03f50f987a35bc787c8
942,Laura,f7ea07d5a1f5952aba050e284f3ae044f70739f291d2c87ee10367a6e2b44e93
943,"Ghost and Mrs. Muir, The",bbd53b40c56cd4b7951bcceec15ed06c84faf00fa5134fb8c04494b5d24e9b52
944,Lost Horizon,d62c6da331d006157c0ff266e1984b468ed37e99343691c9e296cb596b643c9f
945,Top Hat,baaa3bbd43e6e564ac56956ab101da99cc487ac9e17c67239c332cd3e06d21e4
946,To Be or Not to Be,9feacee1e9d43908b0057257f10ce734c6016e4d9c39b29587dca54835fbb135
947,My Man Godfrey,ebcad98184bd86f689564b3b95811bc9c296b676f129bd4170f4e6c43d0bc136
948,Giant,9505b5d0ea54d03f7aa8c141972a3ef429d713bf28d87e087e22c1873beda173
949,East of Eden,bfaa35d1eca4f0aa90114203910fd8cdc36ec73cc4f323b4d9e99be9c92a8ec5
950,"Thin Man, The",bbbf4efa95453d279856619cc741e503c417b4cdd110e169c52733dbe6543660
951,His Girl Friday,d4d8214461ab5ea5ac502f343ec014a7e457ced30f07fe01b771e7e3c5ab6b90
952,Around the World in 80 Days,f8896f049071f15f8f179fe087c03871da9ff0a3717ace5896c66381ad619634
953,It's a Wonderful Life,bbaa50bef3893ba4685ae5022ab5cb60a74a62bfd3319ab992b1d69096d43696
954,Mr. Smith Goes to Washington,feae59ba61f8a56480db97a16636ba5fdb02bd07d89ccf109c92c8c8925dcc48
955,Bringing Up Baby,eaae9c11cf002f06b07772eb85cde6cce1d179b8953a4c7f923c59818ec14e53
956,Penny Serenade,d51964a768fdc751bca618ddd33866e2085f7ba9d2146b92a5035be9d780e017
959,Of Human Bondage,c005e66b7fd23a9e21ad51296e13a34559ca1cfecb2f318924646433ba9dcae7
961,Little Lord Fauntleroy,ebae40899cd5b9462175469bde147963dfa65eee1b732b41b6080799a4cbe046
963,"Inspector General, The",a7f6affb9341d704fea6f8119811c4e2e202924568b8c0fa956f5b09c6dc07f3
965,"39 Steps, The",af7f704c04cb69a8b7755216e9288dd1dc0b6c709abd9ca69966c34fe0f29885
968,Night of the Living Dead,866e4abbc37df1082c87158878098f1c9c0efc376cfbe26ed1a6c7894e7199e0
969,"African Queen, The",ad292de850de7305d603d891e3fc125fd2529bf01bda9f021685ccbb13979ec4
970,Beat the Devil,89b22334b74578891c83d08ec0c83d7de67e42be87e3ede18373ce726607f1c8
971,Cat on a Hot Tin Roof,82f7ece7554add0857b4e234e16a24cf24cd94851ad31b722f582d696c87f895
973,Meet John Doe,aabf5e08ed0069bb953017e192d14edfc940b967f0c5264ed634b672b761932c
976,"Farewell to Arms, A",d9f1cd1c8182cbf92d1f3beb42388c6556946386783996ca14b632bd315d4d9e
979,Nothing Personal,80bc850c8f064b52c0f070fd3c8d348137f127fb3e4f9f1b94db90fc30fd7033
981,Dangerous Ground,c38f9a6384f85c9c630f3bf11de07c3d760f6e9039c153c69b8b38792cb465c0
982,Picnic,afae8660deda1f98e93579a7b117c13293cf16ace44326e9c4996247e070b658
984,"Pompatus of Love, The",b7acc943701c16a6c0f6d50b0af85445bee234993dc2f9a4865bd809c76ee8bf
986,Fly Away Home,8416cb2597c5051f0b75f4fa364d4af9cb803270c23dcd4f16a771265a4cbf65
987,Bliss,b5152b1042a8d40d3d772af7c6af1deb1276e6d50d919134f6586dda096ab349
988,Grace of My Heart,d6d089632937f4103c490d4af6ce7ad52eb40c6a2a1d368f2bcb42ad57ae5b6c
990,Maximum Risk,ab36202747639bad8ff421da928bf0987e1803dd84f9bf848b34b7c8f70ba158
991,Michael Collins,e10ce345ca518b4f7c2dd9b4787a58abc1c2c7ce1e381c62f8727bd39bc8209e
993,Infinity,8400247e97cdf67dc745c964ce36cc82dcfba6c3e2e6b0c7c0a07b27780295fa
994,Big Night,b00bb438abf84bf16de4d20774131d9e9f418544400d62794ffe6dfa5cb278e2
996,Last Man Standing,c63006b9f6471b673b789d5a9d88fd0ce2056296c452bd6e856c5f8d23c54fc4
998,Set It Off,c2f965e063c6399b2c38966c1d1bdb6430f3e1b9b38e6f1bc874d0f183e12583
999,2 Days in the Valley,98049ecc76afa137fd111d912b9be1bb5d795d64b304f24510775f2b3360b640
1003,Extreme Measures,d0dae19d0b270f213c34b51bc25a781595a195f063decb1f6a5e97a13da14af4
1004,"Glimmer Man, The",c2d6e0070d291f5096d6e90f6f0b969022fec1ff6903d4aa7e3e1cbb0fa94ad0
1005,D3: The Mighty Ducks,c46cd8b90fc7299f781e6652b3d3771b9d3aa52d9225f220225328f34e81ed56
1006,"Chamber, The",b05f60074abd0fb057f893da7e01bc813f241d5e483fc2f3e2c1e5a3b58e5a06
1007,"Apple Dumpling Gang, The",c7e931c6d8349c39b7cec3cdce313dafd04b52523da40d8b432743d41c581e3b
1008,"Davy Crockett, King of the Wild Frontier",bbbbf805c07147fec48c07300f056bb3719ae30d8bfc9c66c7c8948e941f3c4d
1009,Escape to Witch Mountain,ea15fa1595e82dfaa9065a153bc0f1725a1e56e9ef83011ae6ed1844957a1dea
1010,"Love Bug, The",a915296fc92cc37094e9968f328cf00edad70ef363f2e124e10d8d0f3e657e07
1011,Herbie Rides Again,af40c5589af93d25c927b4b9e6164b8e93907237926590f39a272f4261ecf339
1012,Old Yeller,9f32670f50dcd8f06c2f4786b391383e286ccd8056f3e67a8fcd39395e5230c4
1013,"Parent Trap, The",cb5034ad1fdc4bc3352d4b52b48231ff6b060f5a34b93b0751f27a1d848fc9f0
1014,Pollyanna,ffaac2b8e3281f88c555387f9cd4bc47c037b807c2d31a31cc8d874b3d51e51a
1015,Homeward Bound: The Incredible Journey,d22c92dbb313926c0dceed1569c125bcef4b1981b4b462c31b1a96fc4ce53b33
1016,"Shaggy Dog, The",a7355bc240be7770ee83197c2683d87a65069619e7e00876679bbfb0901dc35e
1017,Swiss Family Robinson,c3a1ef9e6854948294eedee31e8f6069e350b75569099a1e45abed5194e1d629
1018,That Darn Cat!,bb60bcb1c5b3e6463e96697543699149c48d0a969be24678b419378ecbad49e9
1019,"20,000 Leagues Under the Sea",bbff9f73b4d3423af11897c5d48434b6e1022c4f99756921950cd88d46b3d649
1020,Cool Runnings,b9294696e1d85b798bb624d8966579a68e5942ec9d9864671ace7f598530c9ac
1021,Angels in the Outfield,e689a776448dbb5a90a5cb5a99a2d0358f4ad0278b7ebf615db78d4060bb9c82
1022,Cinderella,9166925a370f7eb56cb13da348d39d2065dce58cc64646b37a26129672bd7a58
1023,Winnie the Pooh and the Blustery Day,beefe00a453a8ff462cfbc019ee4c13d8d2060cec9810de2f31a3e63b56363ce
1024,"Three Caballeros, The",beeb4caed81463fb0f603a05e1198465d68a9872a5659d8eb69663f3d980ce47
1025,"Sword in the Stone, The",9399914225e63211e2b325c458883133660732df8f1970ee9437637facdfc7be
1027,Robin Hood: Prince of Thieves,d2640f1969e970b40c4dda4d935b92431b6cc99f7179267cc966f13911be9a56
1028,Mary Poppins,bfba3fae501f5be0b8e7507fc4a45879c1368fc06358e3319740e394d2019d4e
1029,Dumbo,83c67c1220d947a93a6f52bf27d2c9468c0db0d81727677a6f0eb64651a33f2d
1030,Pete's Dragon,a82d574a1dd37badc45235a703c67c39df498b3ac66c205431bb21f4cccf8732
1031,Bedknobs and Broomsticks,855d7c825321955c6c8b2d3c1472f3b980dc5d6a6e37d3d53562c8f361ed24b2
1032,Alice in Wonderland,90656dbc698893901ff660625ad12f0ee96295ec6c2f9e526b0f712987b51e1f
1033,"Fox and the Hound, The",d4db02343b17cecb49c095940f62e99d3fbccec7d318723d30967a50c52f96d0
1034,Freeway,9094a21752580db229e5d1913f6ed2b037b7c8583429bfb2daa47f59d54a2cb7
1035,"Sound of Music, The",f43296605f4ffb93606ce5ed15a324ee209fc232564db0938e3a8c5963276e95
1036,Die Hard,99ff99df350d96204e41bc63c086ae03c708c1bfe033c36d43fce093948b3f67
1037,"Lawnmower Man, The",d451d54b13cd2bbd4d3aecd162cd96e22d5514db310af31095282f4e827f61af
1040,"Secret Agent, The",80f954f537477b0e0ab8d760a545a8b5c4b435aa724337290f1cc85cc9f73de3
1041,Secrets & Lies,decf5aefe022a1302598ef91e661122f122f987e6bf17be09392e10c664ea61d
1042,That Thing You Do!,fa5bbf61c870f01e683d93f4458a9784a48d694bc2c2a9e5d55ccaaa3327272b
1043,To Gillian on Her 37th Birthday,f3330ccc0dcd7b33c662979e9c7114d8638e6c3349a3cb0dc47cb963b34b348a
1046,Beautiful Thing,eeed92b6d949e484925119ad6e6e1bbf90d9d162e49016c95b261ab4b3d165ca
1047,"Long Kiss Goodnight, The",ad9538cccab2dfa6174923f11b466e8fd86ce0f12783ce071c3d6b30e7264a4a
1049,"Ghost and the Darkness, The",cc5dbd2a6a55d7ba4ab490a4896a89c9352d36d2949c2d59774ba2cc6ab24d75
1050,Looking for Richard,a7bf9641d86de476ea0dc937e4c0380dbf1216cba1e13e8ee55046f2b0cc3b1c
1051,Trees Lounge,c638c7393f9039efd8efde802711b37c48f46c8333ce53dc4cb184e3c90fc428
1053,Normal Life,e07d0001913e999a9c805cce4fc2ebf77fb336c13c4d07402a3bba3a1eddbcc5
1054,Get on the Bus,eabcf0999f8307c7d1484833bab5f5c2108a63fe8570fe115c990066b3bd4de9
1055,Shadow Conspiracy,d99cf230eec0e9e864916f1314eb58cb4ee3b42aab9d6dc66cced2025e861c9c
1056,Jude,e904768b96bbc924d49036ebab54c5a45bad329bc956825536ebc9654b8a36ba
1057,Everyone Says I Love You,ebaa1f7e5aeb638fb53c5a62a6d4e11b9e43c40de952b0b4ce45b443e1069270
1059,William Shakespeare's Romeo + Juliet,c68cace445e925d178d6c42be9e1b21416f3f9f76c34e5e4265e9945038b8e1e
1060,Swingers,b2478e1ab1ec4913d3e7647e72c761b1b1189a346e4997469f8c7be326319661
1061,Sleepers,9458e41969b41ba61b853563a448965c32be6e07de639f3161f869fc1bcfb42a
1064,Aladdin and the King of Thieves,d4c137be195366881f36c9216cddcd2ab8b231cfe9c4a5b1722c9cd24ccfa534
1066,Shall We Dance,eab76479156b1ff2b6945ab09b6be54399c36eed4c942496407313f9413ad214
1068,Crossfire,ad290a48b0ff75f687d46da116969207de82fe0eb075993d9b50e084f69b33d0
1073,Willy Wonka & the Chocolate Factory,903d11b3f2739b36760959d72ec66e4c0e46660c4b9de6f161d24e69e073c92b
1076,"Innocents, The",d06070203516c9cf63c9e4157cecf0de2fff06471f1f0f3892427b8acd3a3b38
1077,Sleeper,fb3d69654e819233d0d0367896fa8d522bca9963b4e1c4afe13fc9a4cb60d322
1078,Bananas,ef63a471d0e1c26996786b9e9d8f94a41be2b49ed8949c72b5231b39606d4bc8
1079,"Fish Called Wanda, A",fb36e16896896b94d83e3aa3c3499629cf743c9368f41968c4839e56ce338e36
1080,Monty Python's Life of Brian,869d8abe06162a5f896a252da5e02781bac1e8705e1e455ea91fdb582fe0cfb7
1081,Victor/Victoria,bf843e07c07ee070cfe13b8d39063cfac659c69c49a3336137cc1cb0668765cd
1082,"Candidate, The",bfeeb3cfe0816c3cb0549ad6853df121c2490f7be09658831f0925cc5ae376a3
1083,"Great Race, The",feaa3ec19d214cb38455d90e9136c56aa5cce3ccd082373b760ef211fb5b6603
1084,Bonnie and Clyde,b3be2fb0cc0bc38f0efd3c6eb6524ee3c0c1c534c9366b18b109f0c89365b356
1085,"Old Man and the Sea, The",a16587f856aad936194f824bef9a6db36ee8368072007b633389309f38fd0cc7
1086,Dial M for Murder,bf8a7df2b257c208202182d509f8dd96dae5da3361466061d71e6d4c8d5b9bad
1088,Dirty Dancing,fc661d4623136a1756b535adad6e49cb93c685f42d3d970c9b512c30f870e711
1089,Reservoir Dogs,bb6f0e9bc69d7b3f5f74c04481f8d0d00e07fe79c1b860376407218b4ce2e4f1
1090,Platoon,915a376dbdd2b32c1f059c0e6b2d89324acfc31a4b3e49c8f25ac3a3e4ad72a1
1091,Weekend at Bernie's,ec1d12f093634c1ff2d893a54c7890e3949d0f1aa74c74663a7ce93704fbb8c9
1092,Basic Instinct,86ea2d510a233e65fd56258e32c4d8a95f8eed5443ba31add1b1beb25a530d19
1093,"Doors, The",92bbb6cc0de21b32eccc68cbf99ce08cba31264bcd239333e6c628f3a4cdf032
1094,"Crying Game, The",b4714afe4daa9645b9c64c9a6e2d939aa75d43b9cca66a09b31e4de622967288
1095,Glengarry Glen Ross,c0dc70f83f07be1f763b81c279ecc43e1f013fc9c482c83dc99643a3e26562f8
1096,Sophie's Choice,dc3b23cc7421cb3e02e37cbb0700b77b9c38f0896336fe04997f49c426309deb
1097,E.T. the Extra-Terrestrial,aaebd660f304699e8dd19dd79344322ccc11ccb3e554f6ccd24c4af3c1552f34
1099,"Christmas Carol, A",ba5f4b98cfa03676cc5bf768b1208595169e06eb4be35ba3b5a7348c22d06343
1100,Days of Thunder,a055f85550169482e490845e1f5bc7f76d652b7c7afe7ab95ab03ae80ae079b0
1101,Top Gun,e34d92e6d102ca110e10fdca2cfd8ffd9af34e7e6c0f3c4016e082e779843b1e
1103,Rebel Without a Cause,971cc71848b948e3b067b9c3718a359e975c9734699569a3b46394736799a78c
1104,"Streetcar Named Desire, A",e1bf515ebf55be714eb064aab5aa3fd9b288e314e114d4520e53c8c4c9bc8954
1105,Children of the Corn IV: The Gathering,94b6ca5159481dee0cd23691336d4b342d9ceaeddb2de95a769a48aa632416b7
1111,Microcosmos (Microcosmos: Le peuple de l'herbe),95ce95aa7b396a156a556693642a3d6ea54e6ce21db191993e8dd0e4b1323b16
1112,Palookaville,c76bba803c97847ad259c94eac0837d1bf46d928c3d92e8e7af029072d0fc7f0
1114,"Funeral, The",c6dbe0cb393681b8e97de67c34e41969e931e126bc9e188318cbc079613d1b37
1116,"Single Girl, A (Fille seule, La)",9077f2d5397ce850ce970b8693f8d92b662e967ad2ca588b90f90e624b83c935
1117,"Eighth Day, The (Huitième jour, Le)",c093a54d836d25a6f8921379da6f2d86f1921a79c6632586d3982a31fce36b4f
1119,Drunks,c4caf0c13b740f3c2f3db1cb84c2f650f2367a3d8f3f8dcb2dc0e002723472bc
1120,"People vs. Larry Flynt, The",d0448f9103b73fc10fff4f014344c007c762cfabcbba67ee46644623559a399f
1121,Glory Daze,e4c6bb3927313486146d87d824b76c7b7f5af9d7341176c2e7c165a1413a50d2
1123,"Perfect Candidate, A",e31eb328c9e1cce31c1366d9973873265aa4b35a85996c89d9cedce43646b652
1124,On Golden Pond,eeaef48c9b46dad29493ce31cd318d046c9826d992cfb966e12db328f3320736
1125,"Return of the Pink Panther, The",bcece779c073943dc3103877a7916bf09054b588ed45ba1746729c1c42ef4f8c
1126,Drop Dead Fred,b28a53aa1a74eed1eee4600cc31aad6249d529aec52abd05c9fa6ff337129d28
1127,"Abyss, The",eff57f7e50888003a80eab405fd176ffd5af8526281822c1d2a15d2c5dcab6d3
1128,"Fog, The",c30f811f9d1f18cfe1f048f03cf02ef0a4d8e4d93458bb4a63066b665b663be6
1129,Escape from New York,c448b3cc19654c757aa2e49a6db3b401e757db281b286e1d9e9e2116c9e91edb
1130,"Howling, The",ebf8f944d26f9213b61997a184644cdec11939b6d0654ecda15b29b287e86b9a
1131,Jean de Florette,ac1d5626537229c93c2fce6607da63a7390cac5ac636b598738769d81d28c6bb
1132,Manon of the Spring (Manon des sources),9efb3914610d74ab8f300f14b4c760ebc3a09e50be5bc6cf8da07868aa4d8ed7
1135,Private Benjamin,8b45e54630dab3a3932f9ea594d61e38933970fb10ead362430bcf290fb33cc9
1136,Monty Python and the Holy Grail,b8014fd78436594c26c27eb680e323ac7e1e75935944257a12cde9bfac79c6d8
1137,Hustler White,8d21adb1ad5dcfad56d632d638a4c744e250c0e9354b1edbe8cfe53b0fc1e800
1140,Entertaining Angels: The Dorothy Day Story,f73a4275e5047d8a5a8b6eac8fe09ca74c6e92eab69c6e51a4929cbacbc8a40c
1144,"Line King: The Al Hirschfeld Story, The",a7391464fa28491345a467878f571d8cfc766733a4f07ce8211b1625bbb97696
1147,When We Were Kings,805795cb6fc8ee3c763b1aa2e3773788bc44c45599b0374b66ab66a547908956
1148,Wallace & Gromit: The Wrong Trousers,de01b7f08bf21e4b34ac82e1491b389233a46d0de558f6fed6a76d829b9882b5
1150,"Return of Martin Guerre, The (Retour de Martin Guerre, Le)",9413636f3f8e1a926c61b44361b69d884ae71f24e419e1fe9fcc4e339b544c4b
1151,Lesson Faust,e273ea4fa4d29439432e9784388c99b2812d35864de27cb93e1b6b5c70d174fb
1156,"Children Are Watching Us, The (Bambini ci guardano, I)",faaacaa1a4573771998db544e1521f18a5c57c3f9358619e3660e2d86d099bce
1161,"Tin Drum, The (Blechtrommel, Die)",81387ce605c443c9743896364f01c2df1eeaec2edb719b91f9a4e4eade392495
1162,"Ruling Class, The",906b30cb3b8549246ea49e1ccb4bc567339cb6fb24cb81cd95b34e7299ec1b25
1163,Mina Tannenbaum,b3421b3159bee82dbd0f25c646dc42924e72f666e597249e36cb4e28cae6e119
1167,Dear God,bbcb915b4f3a0fb09c45d28a2bd5768592ec8265cd56ccab38d56b0a7c2a361c
1170,Best of the Best 3: No Turning Back,c5086bf032ffbc4d2972d10b72a58972258f7482227a972dd8336d96953f6ad4
1171,Bob Roberts,ec240ad952abe4e6325b97a6a4d9d5640db8ad92796cc91b264eb7636cd28d32
1172,Cinema Paradiso (Nuovo cinema Paradiso),8b58ab1c5d8534c3107398791edc1f8e49e7ea652e726530626dc6f36e134d27
1173,"Cook the Thief His Wife & Her Lover, The",abbf29557e59402b856e373d652449f6987cba90e4970dd1dec0f209c7195b41
1175,Delicatessen,c304ecda30d2932dcfb36cfb332dc3a3ccc4bc4cb1b6c1940d2834b373b3c749
1176,"Double Life of Veronique, The (Double Vie de Véronique, La)",d61729c95d80853f3ae85ee42177db9e3749e057d9a32463cc56d30e9660683d
1177,Enchanted April,8bfce7f9e6211a027b2a642b925f945da50f3d929b90eb459774119ac2ab4a65
1178,Paths of Glory,d7f78c45688cb1a83773e64f460c191c4f991a733257e8a468e425d72f0bb27c
1179,"Grifters, The",d10417bb4ef9e05c1e865e033ef93dcccba6d390e31ad34a6c736ad172818953
1180,Hear My Song,81e72a44ad0d2d392b99c0f3e0777c625c0ac5cf5ec0d35ac36b7b1ad32f864a
1183,"English Patient, The",9c7dac3f610e70c01bffc7c863e85bafc5d1d0003bbe9453387d1e86a6181a3c
1184,Mediterraneo,850dd2d23d75b029ce962b7964a978368e4d47cb70a6b4688d9f9647e494ada3
1185,My Left Foot,bb6bdf1d60e9fc05237431bf3f71c9c1cc04d377a51d31d01b830cd8128f6847
1186,"Sex, Lies, and Videotape",c0cbbfd24647403539c8f26a593a4a0d1d9de443b0fbbdc6e63595bc7448693c
1187,Passion Fish,b6d34c33b70ce0cc22039c5d0df35baedc389364e19cb283a18634c38cbbcfe7
1188,Strictly Ballroom,94b5870064dfdec85b2271b738b0a9b3cb4d614ea54cc64d5e3a955c5cb8b4ba
1189,"Thin Blue Line, The",9fd06dd2940316e5c024c50a496524ef8554c82576ab8d751e9ff2622df7f32f
1190,Tie Me Up! Tie Me Down! (¡Átame!),90521c952b62e4c47c11123b61af9b4936b1f12b96c9e5b69e397ba139566cdd
1191,Madonna: Truth or Dare,bff65e1940191df63f36e219fcc23df6c319f4c17cc613196721dcc6312c0328
1192,Paris Is Burning,f8265187879c7f7961d908ce0c262e3ce76333c790df48384d93cf9e1f989341
1193,One Flew Over the Cuckoo's Nest,bfc0c02768de9f40443f901887e1b01fd3ece3d81d8762f04fe13f856c796b64
1194,Cheech and Chong's Up in Smoke,c62f44a39ff8bf9cadc8485f62079031f330813c316f134e9847b5fc0dec344f
1196,Star Wars: Episode V - The Empire Strikes Back,859c3c5b4ce5e18673780e5983c319e46d18c3fd274d86333893e6ac4d9c7bc3
1197,"Princess Bride, The",b71c8df24ce3e7cd03340ce36a6d79363cc85634f4326988d48e26658732e6bb
1198,Raiders of the Lost Ark (Indiana Jones and the Raiders of the Lost Ark),c0edede43e1bce903ca4bc44e351c1baa782c86348f7f09287609c6de3d9973a
1199,Brazil,c2d1acea3a1f1085d47bc43debe203ccf4e0661c6d8f47a78438644ff9d0dba4
1200,Aliens,94a131f86ae4e4b9a5fc82a4d98b9d791bfcd28eb48146ca4abc199a3fcbd211
1201,"Good, the Bad and the Ugly, The (Buono, il brutto, il cattivo, Il)",fde7f188681963b8cc631f91784e379330ce6361e1fc95e090fc6a468f999426
1202,Withnail & I,ff8580acc3bb2f01b86c50b6cb11c27139fcee6513f338f86c8ed78ed8906c90
1203,12 Angry Men,e6727327c98c2cdadb0785c524dada05d7c925d2d00c5fc9a917cd4a39bca995
1204,Lawrence of Arabia,bc1ecf1ea3a342f39cc4b12740988e74bf244d1793d1a1ece773d8d9607eb028
1206,"Clockwork Orange, A",d0310b693fce3496e9b59a533649cfc1783ec19e63c3f4e53e1c4b89dd169060
1207,To Kill a Mockingbird,baeb3fabc080e4c40ecdc12cb5219ad7cd16e145956b9f9bb190b155dec4d226
1208,Apocalypse Now,991b9ff83764d2032ff86db060273ff06680c4c71bf0b498c48f1bcee4c8c93b
1209,Once Upon a Time in the West (C'era una volta il West),f826b8cc95914d3b8f5c76f44ccbc959b33593e7e1d04c1c1ca7c370c3483699
1210,Star Wars: Episode VI - Return of the Jedi,d0b5703f70bda83fc6275b8feb0bc580369393986d08e0e2a8d6e6481e599be5
1211,"Wings of Desire (Himmel über Berlin, Der)",feea1eecd014c3bba5117873e1446c8e90706f8f9c619278c5cf84fad03ae386
1212,"Third Man, The",b3abe3919fd05aeec8a42cd8b555a591e7449626d0217befd140c9b5b01daf44
1213,Goodfellas,ca34fa34d95c516833c3a3c39393cc9ff4ae2cc384ee8a9d2c959e4dc4690e69
1214,Alien,ce489ee03bc109b23993f4abc68c999cd87d327967398d194d36625368e7a94d
1215,Army of Darkness,c58565a516659e7034382daecb25679bc1865d75b8599c7ea466c75dc919459a
1216,"Big Blue, The (Grand bleu, Le)",94b9b0b14acc472673b461334a3b5c33bccce8c8fac99b632f264f4f43921796
1217,Ran,e389df880e1d1a1fbe50e190f86647671fe31c26e02778f0613e19e72ee00dbe
1218,"Killer, The (Die xue shuang xiong)",f77b559eac9821c3f3931e7c2ed8669d73567bb985451a2cd120063096137731
1219,Psycho,c0013ffcbb3ec003bffe3b11cee8c1893c6b607e4581dfc0403e3e666107c65f
1220,"Blues Brothers, The",8132a8f1f6cdf71d513a47322eda2ad5b07df969c522878e1a9c9293e071c7c1
1221,"Godfather: Part II, The",c5a34e397a4d95092d32d0f666782dc7b3c9ce4cc926271c6e76349e31887b87
1222,Full Metal Jacket,ea9948759546972a4aa338ce9e55ca33634ab5681d934eb1c627d1d69a782e7a
1223,"Grand Day Out with Wallace and Gromit, A",efd8057c1ca7698b635a1736c4f658c93988833727f8a4f2da237948c09c8bfc
1224,Henry V,d849c73149820fbbb064b4fede4c4f26731998cc8d382f86660ef3c3f9a683c3
1225,Amadeus,98c6e538674d65a636199ac649336cc866d731a5665e86da9968c673398d6d9c
1226,"Quiet Man, The",efaea910960f76a6f4e131ec90b3805f8a526d6bd9a80bb7b0546cd3940d1eb5
1227,Once Upon a Time in America,c634f083f141ed789e0a9f44ebc18fb5b9f4309d0e35c9ef2a399cc661c7308c
1228,Raging Bull,864586c8b0ccf93c59b299338fb746c2664eb64486336ebf64c43cc88fcdc93d
1230,Annie Hall,bf61b333c11a0cddcccfe80633ec2ee00ee0c46b4a32b0ff6ad3d61c39ab4398
1231,"Right Stuff, The",faab1aebb554edd4ce6cb4938531d2dbb341cd31f09ed06cc5019243c15ce155
1232,Stalker,92129af66ccc61296bede4526d2d0fb5941216beacf4854a32bb39129733ecdc
1233,"Boot, Das (Boat, The)",90009b5e8b6d7ca2e890857b162fc8a42af1eb075b6fada4bab5aed6855ec509
1234,"Sting, The",b4e3ee98c33e4be1be0f69bca4e054c79a1ca17dcf40b43e0994266b4fc9112b
1235,Harold and Maude,94399fbc4da4f1e20b522bd179a14d6e361f94193a3c306f6f4364b6305a8fc3
1236,Trust,afe93f5ff01d62b09516c58cc140397294538f93caf5f26417b9e68b33589119
1237,"Seventh Seal, The (Sjunde inseglet, Det)",caa5eab59b74154a355a574ae4898aa592a734b474b6ccb0c8ad8b453b7d7352
1238,Local Hero,992e04d16a999b66f4930458dbe66999a66a9de6f0992a195dee9430a2537bae
1240,"Terminator, The",d992c8cb26793b34932c665b65d199e59876c61a198d99cc6e73e716638db068
1241,Dead Alive (Braindead),b5879dde1c5c0c412db2947260e994e912ffcb3a6f267e51ff58570e8e20b08a
1242,Glory,925b7f6414eaa6039b54986b1b67644aba2113f43febcd9466b56134195d56c3
1243,Rosencrantz and Guildenstern Are Dead,a0314333d7173d3108a160cf21ccce39773378b39f0f27880df4d7707696c9e7
1244,Manhattan,a1ff02ffb8a5b8010f476d7ec7d2b918512144af74ac9b1319186aadc6a72d5c
1245,Miller's Crossing,eec919af9ba6a4d89134e8d2e0e41b6d1618972d6a4ab9a2ea47a752873ba653
1246,Dead Poets Society,8750f2ed6ce38d13d28c85940e33f2ec0796cc79f0cd07964d79f8a7319e4c31
1247,"Graduate, The",a6fbf45cd92401ed19036bbaa433a6437bccd86406e93f42b11e6ab4d68b345b
1248,Touch of Evil,c07c50fce86f113d97c16af4de2e0f0bf2836b5140b2afa22f14e63127d27ca3
1249,"Femme Nikita, La (Nikita)",cacd356934d64a29290473a255a7ca924e566ad2369637ba35bb8d2dc8add0b7
1250,"Bridge on the River Kwai, The",8caacc894e1f66994e2eda261b318a36289695a095abbb5b2fd4c1f3f9149576
1251,8 1/2 (8½),e7ab9ad659c4ce2bb2557359cca3891672d744a80512bb61cce971c7273838c7
1252,Chinatown,c1982db9326e76469db96c13f3c1619b3c863962c39b4cb8b94e90cfb07c6e85
1253,"Day the Earth Stood Still, The",e4ba4440d97c7b08a133df178dbece4166cda4ee98c6916efa19e529fc2688d0
1254,"Treasure of the Sierra Madre, The",da7b440093952afd732a3d0e8e6713f69c7f5a5da5864a2b90ec7672ac940363
1255,Bad Taste,c1118c561e7e27a76b87f9193ce86b7af1117b8cc3dc1e520e7ac5252f8d60c1
1256,Duck Soup,f704c7f59c6b088347805b0c1cfd207f207f67385fa01d81b0cfa25eef29cb65
1257,Better Off Dead...,e055250797a3d2f0cb5ccf8c95a57a719cb6b1cb7398867138cb71cec309b486
1258,"Shining, The",940bc2fc2ff8e7f863f09e428785984b6a72790b6e143d056a736d217be51c83
1259,Stand by Me,efccbfcc5037863199b349862dccfac912108736fab66ca6c4649ae95b988716
1260,M,d4939c2d3fac41bb7122e304ca5562f566cf0dca4ddade12369424e52c6f1f91
1261,Evil Dead II (Dead by Dawn),9b0e8f1f67166727cde7cd6c9b1c919cccce9a6398a36893333234986c9cd860
1262,"Great Escape, The",b5298a508c306dc992963f9f9a0b87bdde22a9db666c94e481ecd1b1c59e96c9
1263,"Deer Hunter, The",e6f8864fd01319b11da7496e84f6d2d1a709b705f274907f87a39d809c67d878
1264,Diva,c400792e333ba0d13b2f9ed00edd273e7488c5c539075ae9e3f3351e74391937
1265,Groundhog Day,ff44f69ba8365b04529a692db45bc0a17946572ccb32b4b5a84b56b88b748db5
1266,Unforgiven,e88c03be9727b80970f2c6ee2c89cf1a20fcb5015b361caf7424dae10f9fec5c
1267,"Manchurian Candidate, The",97162a29c3553c0b4a86a768fcb21a752fde92ad296bf8d087a0fa95356a3ac5
1268,Pump Up the Volume,f0d981213745524b4bd06de6761977b4486093cb04e468367be2233fb65bfec6
1269,Arsenic and Old Lace,a6eff703c6fd1c80911e6fa0e09886d9db3160667b4003bfb790ba17c16069bf
1270,Back to the Future,d60c70e619f70ef8f34d4c322c4a630c6a197cbb3db705c3efe417613fc31803
1271,Fried Green Tomatoes,ac64d3bbc8cc343747d61669cbd8ed1a2213684978e587e296911b9e5a370bf2
1272,Patton,e89074be971a0659877d3a71a863d345d2c740e6dbac1d053d0f81ba9db572f0
1273,Down by Law,9300bf800fcd676d7376793b699b5c995c924e1b646bc26c2a344ab44ac4e7d5
1274,Akira,92f14e5a6ecac3b0645e96f893b06e5ac3f9c1a54c6c2df378f0e219398a2d38
1275,Highlander,ceee333bb19928ece562b4d9ec46c8d6b3192e309c64db049b043b9df30ddac0
1276,Cool Hand Luke,a168bffc5a218ff7691be2083cfc9075604ecb038dd78023ffdce0261f8ca1e1
1277,Cyrano de Bergerac,e7011c3019c06983a6ded71ed88ea95c671936e76b649f419eabc2f08de6f02e
1278,Young Frankenstein,fe10e6714251cbafe9af7990a8f1b2e91cea36479654325864025782a78d66fb
1279,Night on Earth,baf93ef8950435eb390639a4c47be446d3b39496c6a564b4985a92c7ce076b98
1280,Raise the Red Lantern (Da hong deng long gao gao gua),91549162af524efa28c5f98c4825f6aa24b396aba51b54b3635b69ce184de7ce
1281,"Great Dictator, The",cc3c6f7831e3e18f4f9a9863cbac4b9be4706ed89444b334c15d84c63f019c67
1282,Fantasia,9141fbd44e3f6c6bcd50b093069c62ecc70b89e43c9d3bfb660f85c323343c87
1283,High Noon,faac788ec40376f9c343cb4eab14cc3cb431a5f194c597c48e1e861993f2cb87
1284,"Big Sleep, The",eafb6ae0d4043a97b50ba503d0b79017b33c923f911397ea8176c56882d7d1bb
1285,Heathers,e14516d32c335b6c85861fb1fe4d0d8634efe339db2c66d11dc3f80e03f86701
1286,Somewhere in Time,be3bc8c1ed8a03f0d342387799c68ed8c330271c9e0fe9e738782239e1e5e7c2
1287,Ben-Hur,b8bcb10ec30b92e134326c3bcbe1b35994ba9cb76b41694bcc3e86c49cc5b8ec
1288,This Is Spinal Tap,95e8341bb32097f07ac57a05783f6a2de4df8578cdf085928cd27929702f720f
1289,Koyaanisqatsi (a.k.a. Koyaanisqatsi: Life Out of Balance),9404c85295a64ceb7afb6daa3fabd051cadb37af7aebb015c00037afd4449215
1290,Some Kind of Wonderful,81b6b1694e4b76379901c3ff0cb68f0e19cc161d61f32c60719dc8f31f9a704f
1291,Indiana Jones and the Last Crusade,fc9de794007f9dc95417c3365b00d2cf9958b0193d776d0e6388e0b7c3c57252
1292,Being There,b70eae584cc3e1d6738c0639e1373ae784b3238d239cd235767383b3a349d61c
1293,Gandhi,e94a14979e247a661cf9656893dadcad652dba546eb4550a4943a6a59b8af453
1295,"Unbearable Lightness of Being, The",978478f2635b973c30e4cdcf9c3cb1a1261bca7a35a79a1862d14d8f5a682697
1296,"Room with a View, A",db8286ed34594d96da24a259add350746f2caacbb794345d49a25ea8b051b5d7
1297,Real Genius,faba17bb8114e044cc678f19f29979ee1fe73ab1c1aa069e9b11e169c4449b13
1298,Pink Floyd: The Wall,b1379f0c46c0020b3f6ec1bb3d90cfafc649d790cc36ccc0dcc78c17cc1b3e59
1299,"Killing Fields, The",cc546e2a1915f4522e4197f88672eaa3ff8aad85c06ed446f112af1cb1cf7a49
1300,My Life as a Dog (Mitt liv som hund),916446d6eeab692916d03764bb89dcd337369b2d057022c249899c63e81f7cbf
1301,Forbidden Planet,afbb3adfc84d6d32b04449a99e721cf4c909d182b215f704e4daf4c7c5e1c8d8
1302,Field of Dreams,94f311990f316e24798c7cd37ccc9339a32b1b725db26c463b0b68cddc6c1d31
1303,"Man Who Would Be King, The",e3eb90967148cf12f345bd3d9de372336c3c28c99eae1b952118e62612c38bdc
1304,Butch Cassidy and the Sundance Kid,bb6a8d7384f586ccc3463c32bc31c3c9e1e7c387e44c7e63f3116398c3c60c36
1305,"Paris, Texas",f12b86dc6c12f3ab0656f82d51b12f1726ecd361891f8492c4e6e27b763331a6
1306,Until the End of the World (Bis ans Ende der Welt),cb408aec149365b2ef6481457a9fe0582f6a599371bdad6f8d067658a0572e2f
1307,When Harry Met Sally...,ea724b3d950d247234f490cdda835ba53dbda196b21286791f6a348fc6b48e74
1310,Hype!,bf47be07461ac6e993b481becc27bb6185d8c0a9f1f161852c2e2659339e61f2
1312,Female Perversions,c38761a3cc3813dc5c67e1f098644b36adc11e0c49f6a69b5b0fedf0b7834a78
1318,Blue Juice,c652d8c61ea10c1f58ce1c09ac4ea8cea19e26e67660331c72b5dbf3cd7aa7b8
1320,Alien³ (a.k.a. Alien 3),925465cb6db49b4b36946dbc5b6be4b44fa1b0946bc3d38627497da092d76608
1321,"American Werewolf in London, An",911dc03c64cc1f7d1f726a627aa1f2c06b402d9727df36a6e9db494591a524db
1322,Amityville 1992: It's About Time,852391775bfa1ea87eec36460f5069112c3fb41b601e5cbc71bd31e9a5c3b164
1323,Amityville 3-D,d372f34cdb37c6b16c5acd336689192393c4396679a6c6879c6324c99ee13868
1324,Amityville: Dollhouse,d60909fe09fab609db3ce61239e00b9d368338747b19b74321d6de25f61a38e3
1325,Amityville: A New Generation,c529a61e175618695fa509b678a6a142627f2fa1d97fb9ec5f96ceb0f80c1a80
1326,Amityville II: The Possession,94f86720e92b84d6d784c83bbc5b370cc8f5b6d1393dc87e96c8a133e5729684
1327,"Amityville Horror, The",918ea4346e3198c181de6f008d72c5e36e58d4cb5b677b3018677ecd2e1fe1b4
1328,"Amityville Curse, The",d6d7fea0082d00332fd0bd4ce523d3ab80cd3ad53fd2d04b6c0ce129c3ed6cbc
1329,Blood for Dracula (Andy Warhol's Dracula),86f05dacc0f8b603f071cc31cb07c1f4760a62c6e58e1b9c7a3704a3ecfc9d9d
1330,April Fool's Day,ce71a25699a3d999ce369b24b4cce199e26686279199b8c645a65da34e1927f9
1331,Audrey Rose,f366c9334f9bb0c67233c7840cecc719cce9ccce0318673be2101ce3f3363336
1332,"Believers, The",91e4c9f8695992a4b4973c4be25f67ad721392d849e4697b14b392f41a17495b
1333,"Birds, The",cbff49ca9d801facf02c4a1e9854b070e2ce9ac18379e909e91bbd12b127e1bf
1334,"Blob, The",bbab4a46f8dd9452e657b1619facce1989c3e1e3b0643239c3113caec8f64c92
1335,Blood Beach,eefbc4509708d84ce8c59b2593b66c89cc5433bcb1124cf384753feec1495aec
1336,Body Parts,c61bc9a76b189e696187e792d863996c39a17296985ae71a798f2c343e72a538
1337,"Body Snatcher, The",aaaf55121be5a8e55f024c3a622563e52c5689736381980fb5e47c5e1a3bf9c7
1339,Dracula (Bram Stoker's Dracula),e07e1f823e01e0ff1fc03c07a1f0c38c38071ef0e00fc7e73c78fe0f43f8f807
1340,"Bride of Frankenstein, The (Bride of Frankenstein)",ffba40ea29910b5f95eaf631d84d3d8094ad9d649cc33eb49c663698c247c9c8
1341,Burnt Offerings,eb946bec94cb2e338727954b96b8c11bc14fe14cc51b93a49cd0c6c3f34c386b
1342,Candyman,e050154105e1e2513e1ecbe970e95a1e4a9f21ba38be6397f0138f3ec7967fb0
1343,Cape Fear,841e916e2732b9cc38cfce3a3369e59e2cc71fe196b830cf661a5a69c0ec2d86
1344,Cape Fear,af7e9f3d96bd8b43cb436183b1bcf07ec0517980b30407318cfb183e981d1f07
1345,Carrie,941ee404ec42b216c3b969693ad26bf37b785abc39b596e587a6874d870d8d03
1346,Cat People,eeab6eaab155b135783e9fdc914dd1974ef3c441945532a4c1c29555328de119
1347,"Nightmare on Elm Street, A",8eeec8e6f3c64f93cc99c01bb1514c398ce934e5b324c316cc933cc7b316371a
1348,"Nosferatu (Nosferatu, eine Symphonie des Grauens)",ddb766c66a4e1939a5982b6656b1c128584aecdb1b66eeb725a893487cd8c945
1349,Vampire in Venice (Nosferatu a Venezia) (Nosferatu in Venice),8c27cf3626d6709c7ac83d4351372bbbb48dc2346d5c9662c1b3398eb643c339
1350,"Omen, The",e6669b25199964cc1366b13364c9996c99b3e6779364cd9b66921bccc6466636
1351,Blood and Wine (Blood & Wine),90e299786d196d97a3bab2581e4d0e619b24db0e621f219525d7b4da62abcda7
1352,Albino Alligator,9590492c4c4b6dc5bd16283c74483dc3c96db6186c3c295b3b87962e97fce70f
1353,"Mirror Has Two Faces, The",b2322612a5cf591bfe3a86d18df83d25d20be3cd84fe1cf91b116f2838c111db
1354,Breaking the Waves,95179de26a8163898d78187231cb619d6ee05eb595c997977aa4c2cde21d7a62
1355,Nightwatch,fc147187cb80c5dc81df6fb88f951f047c398e7c847cf87862c3c7c06578c2a6
1356,Star Trek: First Contact,93645b243f37a5e658d9a6dee49b4a91a5d24eb16849b7c45e2da54916cac938
1357,Shine,d26a4d5eb84b325ac5add2d2297d4686939760e12db07905b6c675b230f9e2dc
1358,Sling Blade,c21c367463ef49496bc9c45b3cb665939c927d8818efe1645a78c0c37e16938f
1359,Jingle All the Way,ffcceb06aa7fde00907b94795fe1c4bb96338a843ec030ce055ee37c0f00e236
1361,Paradise Lost: The Child Murders at Robin Hood Hills,b91d393d0620c62266c25adb1a59cf1dc986b9c4b9e4a730673264db646bbc6f
1363,"Preacher's Wife, The",b30c73700cf7ccd14c993624b32c770ccca758f31c8196d96676635d739c9c27
1365,Ridicule,feaa3e8fa5456768c238bb04b50fbc4798d3987ad830689487ead346c27d1c69
1366,"Crucible, The",c8f9cdfdfb4e3e4c1e320d988b3820f2862fe48deb13f85accc1648da3c26346
1367,101 Dalmatians,a3b59398d3040f632c7ae44b998e31ceb3a3d731e8138f0dc34dd87c992b6c93
1370,Die Hard 2,bc109e380efb065bb30f3b6ec9e0caa042b671b6f05b686b746dd744ae906ab8
1371,Star Trek: The Motion Picture,999c58cde643b3326f8c8ccc3a73d4b8ad1416c9c8a335d8cb27aa1c34bbcd66
1372,Star Trek VI: The Undiscovered Country,c21160bf30609e13ec0d478787c09be1c6d0c27c94b4dbdf3ba186d24f7f94dd
1373,Star Trek V: The Final Frontier,c3d0cdcc0d0cef1b1ec732d2d0f33ce531296c8c7c7c853c3e3cb20e13cbe8c3
1374,Star Trek II: The Wrath of Khan,bbeff114c1114fbb84c42ce6b46476274ce3c25578f3c901679825da911f539e
1375,Star Trek III: The Search for Spock,c66e6feb111bca5372461b1438ed87a7c339e4e94cd269383c353026371cb33e
1376,Star Trek IV: The Voyage Home,c994c9bf347b3e945a2bcb6148be3e163f1440fda58223d629f735097c290a76
1377,Batman Returns,865fb045533c3718b9eaa4d6d84bd86f2f987cb34e16c07ac96a83391e153695
1378,Young Guns,93e3d81f043c63e89cd3ff036321947cc3d790d2356c6b461eb257a218f8927d
1379,Young Guns II,de942998fd6d4327236f785e4ad29c0669ed213d931f47c83c8e45a67a172079
1380,Grease,ee4a4ffbb1b1b0149aedce05cc2795303f3ab14185c9b8d2b1c2b1169e34f0ed
1381,Grease 2,b3950bbb3575dca999883954f34eccb6b9a6ae4c9698e1c3cce45e49441236a5
1382,Marked for Death,db5999d5e4b66722672a66eb660b64bd0f2492649b4499d8add6123696dc91cc
1385,Under Siege,929a19c9ef6606747ba7e52994b86cd6c8d21e26f1918d6a3319d2d46d54d62d
1387,Jaws,c7a2b8e3e7a79a6938c5671c9854c49cb61c9834b8dd227949e6679b43e75982
1388,Jaws 2,8516a4125aec59e5699366992e6893296db98e6d36ee69a633851d1e73976493
1389,Jaws 3-D,f4e2a29c1b00ce7b282de5b04fbe9a8bd6594cf5b1844f2c635cb9304ea396d3
1390,My Fellow Americans,ebcdea2d861413f63669bc09213ea3521ed2e267d6580c99e265db2609b2f5b9
1391,Mars Attacks!,ee8cbf03e0e140f4d40b919f9c6234b837506b836ec76836c11ec6f393bdd1a3
1392,Citizen Ruth,b6d9cbb72c8c536e895658c951b66b19259f766018d31d4ec9bc9299598c269b
1393,Jerry Maguire,e79b6b1b5a2f6e396e159b452e4434d5b054147a457a15d89dde4ae67b309608
1394,Raising Arizona,a800b04898b5d669cf80c3d7d1a389f3cd339f5d8e1fc4ccec5d38ca8c7968d6
1395,Tin Men,a0fff7117ac0c5cc80336ee697136ae1850ea031cfce9132deeb070784f9f607
1396,Sneakers,fe4cad3c82bb566bc1b00a85b545e13ac16b9ad5165ccfaa56a1917c2feb2e80
1397,Bastard Out of Carolina,fe80c17fb5549d03c0fb1f1e42ebea939b544f1319e03684769862cb9873c91d
1398,In Love and War,a7fe37e4bd0069304a8406d9ac9669743fdd3ad9719299278f44c798d592d526
1399,Marvin's Room,845385d27bac7a2de451c9ba1daab64468d54bbd3732b6d209cdcd2af68622c5
1401,Ghosts of Mississippi,d2b2c336c56d675972dbf0d078aeb1741936594f8ac94486b2b2592d6969934e
1405,Beavis and Butt-Head Do America,e7c3f51948b9f3c64f99a22c5a34a8e2b3838bdf315cb4189dc62fd2c019ea2c
1406,La Cérémonie,d0f9f2d54e170d2a2da5c1f1d25c3a0f1da3c0d26a1eec792d2de1a652d2525e
1407,Scream,c2aacfd42ff8280fb64d7769d1209213e6d018d2d3b4cd3ca95d62aecd2a9d52
1408,"Last of the Mohicans, The",a419f11fd3bcc6f12ac618649c64998e7986099129d744da6ef8b2b972a9d727
1409,Michael,b2c3718ecd3c973150cd4fcf2c506ce7d1263671e8d2d310073bf08d93393e65
1411,Hamlet,a61998f659546619f0829b6d8e7bb198670d4a7b12e3a5844d995a58f726bb66
1412,Some Mother's Son,d201673f4f7893496ce1509fb7fe4c035f7da400c3ff5320897e2f80700fd4e1
1413,"Whole Wide World, The",e8d031c30fd58e7e0d1db0694e8ee3b2f445fa55c5637af8e7c1191646524396
1414,Mother,8370be333e1683f81c4739e4f27b40e263e43a1b31d69704712bef063e5cc3f1
1415,"Thieves (Voleurs, Les)",9e039e4e41cf43fd26b024916dbef8e7bc22bc22c557034e93014eb84bd59b4f
1416,Evita,d1fb1f042e04e0fb939b99636ec62e109079d1afc18e6e7c3e24d1e3d1cbc4c8
1417,"Portrait of a Lady, The",c840f85432af65e397ab9b0e78708eb7239c204b9b1af970c1696d89f5875ae6
1419,Walkabout,94665b9c79a99e66d19c6d999e6640cc7c99967c6064f6991b6c6664b3194966
1422,Murder at 1600,c56fcf42e28976b9dc3138b439a4383ea44d0edd9f5bc123973c4704e3ca2587
1423,Hearts and Minds,c32ae38a19c5d4836774fee39055a2e25f3ca497e62a0ff5960f895026f6d522
1425,Fierce Creatures,e85687ed96837912c38da473856dde91c7163b9e99a16ce5a162c636b13894e9
1426,Zeus and Roxanne,9ebf62aac81160526043ce7294361de7f06499638d564bcfb1cf91cea58d3e5c
1427,Turbulence,999249b76cc936eeb724a52be891da763da491b248d0922f969565e6da631a33
1428,Angel Baby,c1c2a3e2b7cb1e4f5e29cc1a0ed17eca3c8ae12d792d4fb19d20c890f07a707e
1429,First Strike (Police Story 4: First Strike) (Ging chaat goo si 4: Ji gaan daan yam mo),ac804478ef25784690ca5794e7c8a27b86774f736b0cd16895d83f95837666a7
1430,Underworld,945584dde91179b02da41caa1ede52cb33fe78a64df00ca29cccb1ce331f2733
1431,Beverly Hills Ninja,9901731e617a6ce1e69bcc57e1c9138e5a65e17c5b368f9133b1199e2cc96c4c
1432,Metro,e58aee3152727f472d7d0198239191ba6ee2854f2fe7805503ef4d619dca3951
1437,"Cement Garden, The",ad94edbc5d694b6dcae4cae032f930b86cbec43c192db72f228ff1cb3128840a
1438,Dante's Peak,c3fd9eb4c49660fc39693f0338786c072f8398799f8fc3f03835869a7490c3e4
1439,Meet Wally Sparks,fac3b5bd857c4a6686372c19c8d33ec4806cc8b63f92d0b93ec6b764613b4398
1440,Amos & Andrew,920eacf1f904417156af788669f13707d67896cf6d2a78f408c1971cc1d7f668
1441,Benny & Joon,bf81fd643430bd60c72da784c8d6561e061dca933eacf60b6ad28d7587599398
1442,Prefontaine,c9149b1271df71cd4c0a4d2e9d42a72ca7bcbef14b500e73f25f63689b60c52c
1445,McHale's Navy,c64442e930d30c3e69ffe1d1479c8d3048f365acb53b1e7b94f436aec782c938
1446,Kolya (Kolja),d44bcaf44303001a6ce4b4db3aae3bfc84d3cf759103702cdfec70cb5aa983f4
1447,Gridlock'd,d8f8bf272507418dc83d9270370b2cb64af67a5460d4c1abaf2bb3411f8b4dbc
1449,Waiting for Guffman,f664ddc499b2b731099924cda67b91769066d0b6c61b77994ccdbdc42d846703
1453,"Beautician and the Beast, The",a89be36bdee49ad69109ed9c964b4a2409d2490ab6adb795b34b6616ccb69998
1454,SubUrbia,bfe2c0dca33f3ea0c0d5a617c28897a53576c2a40fe7135e1c23eae5e25a88d9
1456,"Pest, The",a851caad8955bb5455abeac52756494a7eaac554b66a01291bffbd55c402c0fb
1457,Fools Rush In,feb2b11e900f56aa4ff4e7c5c76a9c3f76ab0371789018c8f50d30ece0d0d350
1458,Touch,979399926bc650e5fc683e4a235cc295fc86978283e3687dcc85cf313979909b
1459,Absolute Power,9b6cdb6c649b24923a6c9249b9b3d9366ecc24d94fb37a3196cd498478b26692
1460,That Darn Cat,ebea6332d2191ada9cd34daee30c32481ad38eb2872cdc6f59629353336d6c94
1461,Vegas Vacation (National Lampoon's Las Vegas Vacation),d00c342c6bd34eb3687b334e0f44ecac7cc3d3cb932dc1b49cf02dc4589ef4b2
1464,Lost Highway,9074297d68fe73aaca281edf3f67dd82960a198d25e45e52e02583f22b34b49b
1465,Rosewood,c381c385e3d86758677ac70196051e3d9c183e7a3c7b9c031ce79cc739c239eb
1466,Donnie Brasco,9dea11fea591527087de3e4c1e8d6d197693ac885052e72c8ffa21fd68884997
1468,Booty Call,e9b114c405257b5a1ecc614a125e87ad194be997e6b13fbc19c7c0c3f96c2f38
1473,Best Men,eb21de6c1cd4e5b3f4fbb182676386043a1464ec80de18af6ee12e999b989359
1474,Jungle2Jungle (a.k.a. Jungle 2 Jungle),bcc59981c330667bd10f9b8c3e86436ccc8b9672c374ec4d6c67d39fa5844c63
1475,Kama Sutra: A Tale of Love,ab5bee3a36d12b556b55164a2ea6cba2bc6524c54694ec64c3c9e25d1d4619bc
1476,Private Parts,e598b6e7531b8f3c08343cc9e8d2d363760e63d8e324cf230ef20cb3b94b9686
1477,Love Jones,9d7c94497cce638e72866ab383318671a73349ab59a973a89e4d9c4790c66bc6
1479,"Saint, The",92c9b6f72db4c96d29641e7df0c9709216966193734b1f4d492ecd1b0e1b4e32
1480,Smilla's Sense of Snow,a0ed4fa6667af3d08d2b0e24784d86261a9a31add6a68fbdba502b4747997568
1483,Crash,d1159c78ce4df1e734626702a999b710db26493e2ea751762cd5952c6bd5c5c2
1484,"Daytrippers, The",a2df84799253de370ddc4f86e4d5b285e1313e037368b2567c0e1c81fe297983
1485,Liar Liar,e39c13399867cd86a6496a64ad966ec9b126839a927993256a9ab9e56dce86e1
1487,Selena,92eb495225a593956e7a93274d986a6d259ed6d06f63b3999ac48e733d2c1286
1488,"Devil's Own, The",d1f7ec8a264033fed91e6c0047fb19e12e06b687b9d9887c8136fe4b7ec08526
1489,Cats Don't Dance,d43b3ffefac06ec02259311e3bb1a52ac895fba5c265ec480d921a9dd85c94b9
1490,B*A*P*S,89ab8fcbe79ff1ab393d1ee78434ef3c8b459ce3cc706314864ac3d0d0209c1a
1493,Love and Other Catastrophes,afd28815f6217b64a09c05ba8632dac5c1fb289295f9b63acd46f1a4d982a75f
1495,Turbo: A Power Rangers Movie,d1483f4907eb81462da6d2b22fa83fc3f249c0dd609794ae1c9f9ac5da697a4c
1496,Anna Karenina,80cba303271c1e8c5a246c3e7cd8d9d062b12699346f4de2ce933bb5b1e7fcc3
1497,Double Team,a68ca1ddde3c1b963be332a80fd4dca932571b2ce125c48f3a53445fb9329961
1498,Inventing the Abbotts,b9c03cc1966cd23c94b3a70be25cc29c61adc987d89e387897e097653e23be1b
1499,Anaconda,a451706b4b639b407a6be568b1386aff4b003f80e4efd1f815ee4e972b802f8d
1500,Grosse Pointe Blank,ec1f0c1e97aa23ebc2d162cd65c28e0e1d0f19b998b8d9941bd6473a2c7a59f2
1502,Kissed,dc6e07c75a9b8a6c2391fc3da5469d53e54ae2e4589fcba986471cf121409c4f
1503,8 Heads in a Duffel Bag,bab891b7c0406ec593d74f392f8448d4247e23e55cb07a437d41329f49f36dd8
1507,Paradise Road,9a169a38c864e587ee9239f25fa4e6962d4bbc6d168b494225af969498d29c9f
1513,Romy and Michele's High School Reunion,b0cb4f3ccc6e033973314f3e13e4b8c366c9631cb1c59993e675d44419b9f191
1514,Temptress Moon (Feng Yue),dd94dd3c486062496e4b37db359e25922e2c9c463fe8e765ca2d5a2db213b047
1515,Volcano,cccc22f23333c90cccd63423f34c685e2da35bdef66c26811bf6dc3060c137ee
1516,Children of the Revolution,99b33913664cc6fc9e4e9843c965e59cc3923913b6e9c76c194690a467336e5b
1517,Austin Powers: International Man of Mystery,a9b8255bc6690ee4d99e1aa9bf77c49b1fd07a46cca139d8431e1cf239416709
1518,Breakdown,d1b467af664ae4c01b3283314cc970eeed4614feb3151b7038dbb985497e23cd
1519,Broken English,8727c9e930d15a477b0e359c854bdaf01bd0278e26cf8d1878e1d2e5c31e396e
1526,Fathers' Day,be30ff3080f88cc97786d106d9ffdacb86c087563d173a395ae9cbc086548566
1527,"Fifth Element, The",c44d6bb27f32344ce10b7f621eecc00f87abd3307efe840d4baaccd032666a1d
1529,Nowhere,f61ffd2da4f3bd20d0d0301fc24b3ed44be51ad35b6242c91693a95cd187f448
1533,"Promise, The (La promesse)",befac110cce73efbc10c0ce7911037e6d4511ddea5351e6bb98a60b6ea41598c
1537,Shall We Dance? (Shall We Dansu?),eb5e0b5e1ef532e7932b69b4e4da668918662f321a188d6e6032f99b65093ec4
1541,Addicted to Love,bbbff016b4503db1e14e52e9c38108dfcc21e50c4edcce5fc62e96241e7cc632
1542,Brassed Off,9149c49393ba4fce2fb3bf1d4a5d05843179cce963bcd9c860667b1608dff060
1544,"Lost World: Jurassic Park, The",d004e4010dfda1dc1ffa5a38318f3beb68f003ca37ebf10c6bb40c07af4ce67c
1545,Ponette,ed33b0cc327319b0cccdd3321e4d2199773664e939b42c7c7db3120c86d99b87
1546,Schizopolis,abf42fd4d003d02bc6ad903f953f45ad38c986536ed22ef42b1cf30bd023c8dc
1547,Shiloh,c24e42511531b4afd589c35082c73dacfd8cd4e70b933c2a667c913bd99fe266
1549,Rough Magic,84dbae91333f736e4f629cc2d9db57b19e37238ca3d0d2d6d4d686b648282850
1550,Trial and Error,a6cc1b34c6516ee29125cd99438e167b0c3b638eb5e68e74683674831bc66ebe
1551,Buddy,c43c8d7a781130dd31c911e87ee36636eb46186a9e39cb8303c7fcdb0b6ee425
1552,Con Air,d0b4e0e407ef37cf3712dc10cc12c21b721f9bf437e433e937858d8d4d81c0f3
1554,"Pillow Book, The",8e75cc3b44a32ef63e7ccd19c7a4f314509b0abf8f347f6ae0177025a430836c
1556,Speed 2: Cruise Control,94db00d84b2caf4134d1c2f323ff9e4e6cd419b12369b6cce5c603bcdcd97c81
1562,Batman & Robin,80b18dce7eced233376c24ad5a7a6bc40ca79b7a7c2c60e7ee83ca09336aa4b0
1564,For Roseanna (Roseanna's Grave),b46c32c78d396194d6fb4e651c8c60c773728da46c9ad2b1c9675e965d88b25c
1565,Head Above Water,daaf58ab0779867db054c9c66846e4b087c73c2f95f043aff0190fdaca4b7940
1566,Hercules,c5e22a3d1c3055c6ab295d0f63d468e7b7c22c1ddb3a285637b4dc8a23c5b659
1569,My Best Friend's Wedding,a69b3d1af8f7e360e64dc89b853402e38c4e27f3f3403c3f7362d00d0c3b72a6
1571,When the Cat's Away (Chacun cherche son chat),adfa0bd9d101e49705f29e60d8285a2d0bc7676aa15dc1eed85f469ba217d34c
1572,"Contempt (Mépris, Le)",bbffd2e2c9362796b0519948cd2c8cb4e613b2519191ccccde4c2d3664233edb
1573,Face/Off,c0bdc2193f402dc3f5b5b435ad23d2d2d2c5e0b942bd0f9c2f287a830acc3f2f
1574,Fall,84f7fb203e84e89fd10ea778fa9124b171e616f08c829b4ccecf65b93e503334
1580,Men in Black (a.k.a. MIB),9abb662cc40b9bf169c6cecb8251332cd699bd25b9246d2dac4a61596bd2b0da
1581,Out to Sea,82f8bf0ff559c0b44b862b621e679c744deb9c894934a1f28fc2658dbccc7650
1582,Wild America,81ac5d423e5eb21549c321b8fc741ee12bb32d1306ec7b710e53a5aed35395ce
1583,"Simple Wish, A",f1507caeba1de9a1266d8d5a33a2c6d64c9982ed874aa74238d535bb46f548c9
1584,Contact,d1fcce036e63b17819803c4fe67d6f224887c4dd37667187b4999d7448e38643
1585,Love Serenade,a585da791bf37184ce7826437195cb1c99e24c45f79c2ae31d14f3ac2c67149b
1586,G.I. Jane,ed01b56539d5c2261d59fbe36c5a78ddd6b41a564a914e140aa71d48c2a5ed5e
1587,Conan the Barbarian,9bbf40bff4444b94cb443fc0b111e323a59b941b9467b19779c6e460c6c8e5dc
1588,George of the Jungle,c3dcc5de4ce84a28360d6d8439966e1e762bab29497c3976a6959491db32a27b
1589,Cop Land,c078f07e373d1c85798463c981d2b3767e28c809dc51c7dc72ae6867cc176c9b
1590,Event Horizon,849d31361e685bb0716e6f1933982679274f99d68e7678cf4da3938c04f64738
1591,Spawn,e5a41e96387865a15696a15a1eb1e84e0fa6f311a73bdace85489fac3c4676d1
1592,Air Bud,b62f28298d481d77f236c2c04cd29dd5a1ddc211da3273e627cce49d7c331b6a
1593,Picture Perfect,fb33344c459c1ba1bae563764ce82fb857861f07e27e861a3dc7e125869af201
1594,In the Company of Men,9c6807cff8f3599e3641ee70c79e307be783c830e319661d818cf1c637c600f3
1596,Career Girls,f6d9b4af092079d0fe9e0d0f496be3402f07cd202fd642f0d83d78bf128e8761
1597,Conspiracy Theory,dc17bd1723da42e85fee6ff466a43e0239120019c4114da6cdfeb6662fe0cad8
1598,Desperate Measures,e51d9f55d8e2c32e0f2839c13b0d783ca1d2e7903ad0f0c2f7a1a57de00f61ad
1599,Steel,cb90c31754383e6a2eb7e4c1d1e291bc3b03b4e84ee6c919e7bf33e6990c6413
1600,She's So Lovely,c0d7f3cebb0daf3886b6c01d1b6dc8616716f09af48027e6e1492a4e9d711f94
1601,Hoodlum,9596b3176ae96c68364a9297813f2d28dea07ac08b5aad5b6825d6a597a61ebc
1602,Leave It to Beaver,a59d1791d2bfe266c2428d49ed0340a303b6b65c8c5949f2eff2af36d87448f4
1603,Mimic,c50c15c91a1562db8d0e3c683be3e3038c5e91e1f1b9de1a38f653ee3d693c2a
1604,Money Talks,8c8385fa212cba84dcc9c9cb2b59532edd8258d7936cd3049ea474b2dd3c8cfb
1605,Excess Baggage,af3a0a71d1f15be307846c0068a1e2e192f78ffe09dc6959ad29ad4321e367b6
1606,Kull the Conqueror,9680b761e16becd33c921a528b4935bc35be81ed69b86c9edc927e167a274868
1608,Air Force One,c02bc02a7fc09ed06addc01721a76fe0c2dcb39f4c29d95ab49e4dafdb41b2b0
1609,187 (One Eight Seven),b36a52672ca56e9ccd49295333b5db669a64b458735d0c8bd334f2483697c49a
1610,"Hunt for Red October, The",b0653415b79c68ea4c9b0799639cdc14c974cb6337a2e1ec5b042b459b773ec3
1611,My Own Private Idaho,daef59efa5983700720be0b3ced4da041e798e69cc266c96b5d8b14c9b0d911d
1612,"Kiss Me, Guido",ca2da7d93c92ddc6b2a5e105f2c1b21ab661b53649a449bb4adb36d997293524
1613,Star Maps,8055804163db1cdf4fda62ca9c5f4e2d62a5e0e5cda967aa354e7d0a4e38be54
1614,In & Out,bcf1d360cf9371ccd3308c99e2cf3e1a38dc9986d079e3f1731d65811e0c0e36
1615,"Edge, The",9067dcb59f706759e655c33d959868de9dc07236c07fe0334e883dc81a6643c9
1616,"Peacemaker, The",db35d76804da28d73e6d95a9c999f24a86eb3a951444688c2fabf7697a8d9012
1617,L.A. Confidential,c27fe1376e473ec83be0999c9c9e9c271d4730c269648e5c363a2c31d9b9c613
1619,Seven Years in Tibet,d0cbf961ef7e65b7909390002bc08eda89af09272b250e99b57b4d4e47a5d4b5
1620,Kiss the Girls,910c36ffb4d0c47469afe3188f59787fb8f14f0072af18e4b71058cbe4710f98
1621,Soul Food,b89b2b31ec6b551b9ad428c00b7c2ccd67f43cc8c00a901efb1b9ff7c7173053
1623,Wishmaster,9d19c226271c359968e69d310e784b9c63eb9de69263b119b4cf89d7d8a53654
1624,"Thousand Acres, A",83e307df9814f829b000bed6cd7b672d10b583826f58bf5190afd8aaa7df2a14
1625,"Game, The",c5f3d1a93f31e670c8752b136bc668d03618f86e8c6ec3a4313f381b5c39927c
1626,Fire Down Below,8aa1c8fd7252b2504eb5a3221cdbedaea1914a55b37463113dee35517a5738ea
1627,U Turn,d226f0961cf90d690487ccc3c9c94d27e536ce7676729b393c3966cc6c9c64e8
1629,"MatchMaker, The",e45fdc9396e1a34d7bbc96f04999ce07b6f138c943cc152c39266386bf14183a
1631,"Assignment, The",850c6c65b3d05a90de2735eb346b4b5a3de7e4afcec919eab394c78083d0cb0c
1633,Ulee's Gold,edabfde9baf593044154d690c41ac2aa1aafa145c95568d8b5aa34b638b66967
1635,"Ice Storm, The",b3138f41366ec1990cc3723e70387e44e603f81f1ffc1cf0c71f83f9f813fc00
1639,Chasing Amy,dd998e482d6135b230c66663b5b6b2784a69bdab30e4c2c46cc663c9d3cdb336
1641,"Full Monty, The",aec93bd3945b684e993496b4c1bc49b6c60d9473bc427b3cc588c1c3fb81e6c3
1642,Indian Summer (a.k.a. Alive & Kicking),9babba01e4ee65e4e139ea23e493dd84ddc0d44a113c917f1351b29bac0d9337
1643,"Mrs. Brown (a.k.a. Her Majesty, Mrs. Brown)",979c9f0999bbf0bb6a82319cb1ce8b71047904ce2cb4842fbb41d8e5c6c7657c
1644,I Know What You Did Last Summer,b48e7f8c43232a79497994efecb6f652c3bd8d802215d8026b4fc2d807e785f2
1645,The Devil's Advocate,c899189d56336276761cc6cd3d968db363199d3b0dc770d8c61f936135336326
1646,RocketMan (a.k.a. Rocket Man),cdc02643645719ac9a1e2d3a65e30aab623e39e79b1fa5d8c631d8f1d260b58f
1647,Playing God,963d261a2f23d8e569cf6dcc9fc839317813c49d4dc46c1c707e93c19f848e63
1648,"House of Yes, The",e2aa42aa86fd4efd5af59b5419406930a7b27e828647ab5a592aed25f5b0169a
1649,"Fast, Cheap & Out of Control",f6612d67499627c8199709ea66496a69c636d79a9184dc66f54863ddb15538ec
1650,Washington Square,be956ad5c1fe87cc94e091eac31e1b03b9634bc2261ce4f12af73b7c49e04bc0
1652,Year of the Horse,d810722727f88df84befe01d4c0f0fe393905ee6d43ed19823efa5007e8849f9
1653,Gattaca,cf69319654369bc90bdaf92584e664f246cc18199127d4f8eb961f81b12fa0fd
1654,FairyTale: A True Story,c4a0cac66b5025b91eb71a5aa14f742dde91a8d61fab1b6f6334c6387cc2e18d
1655,Phantoms,905a39b96fa4d6a67a91e45b817819c9d4a658ae9f437ad9919b68b4652c954b
1656,Swept from the Sea,92b6a934cd25d515d550d6aa1aab9aadd2d57a53e2496a4be9dac34b692894a9
1658,"Life Less Ordinary, A",aa4bb7fc493508633f62c8b165acda5844da990119f3e1adbb402dbdd2a53cbc
1659,Hurricane Streets,b490bc981fae4d464553ca334b7fe06463401aebf83afadfc2d718c338b0adb0
1660,Eve's Bayou,a01c7db387e6220c3d9b0de362649d1ec49a7af6eb46261b19e16b0db41cd5e9
1661,Switchback,819263997e6f1db69ee4e06074bbc8934bec16f50e961d2bba6be08469a4d370
1662,Gang Related,8461a0365b5af7dd26bec8e5b0e30e9aa313d81e7ded84e543983389c8d36876
1663,Stripes,bfbc9f9bc0036047e00a9f3439d8c9fc01ff5672cc7773226895b21d83744e86
1665,Bean,85a8119bfaed66f432532f65c90c5a62a46424da4e73b98e0fbbe2763b4919b1
1667,Mad City,e1f7a44e1eea1ee24b0e6d11c22c6bc038a7c2f13f141f1894f53d1aa7c895e7
1670,Welcome to Sarajevo,9e75bec541804138367dbcf7d9b057caa498a339426cb0dbb9b90f02ce4f330d
1671,Deceiver,cd51c9e6d8b6910133351e662ccc99e9c8d9c332cf33c679c114e3aa9b17a5ce
1672,"Rainmaker, The",f33e5206dc94cc9e8d322b7937c9f2e9c3724bb699e61ee686942919a119c361
1673,Boogie Nights,a611b820d9ec47dfeb93757e14cfb291407cac0299d311bff62c674788d9d828
1674,Witness,9bbacc44e4c9b1119336b6d9e4c14b36972616ee5ccb09fbcb3604af9845427b
1675,Incognito,c442e2273bbd3f980ffecce0fc06ba416139948ec2dcc32b49ef9c71bc105ac6
1676,Starship Troopers,e0a735a8a42dbe0e4fe1e2b15a11435dff56c3713157950b3dd88f3a23b81952
1677,Critical Care,b8c4f99604f1c679193bce668b1ed1ae2d2cc635e67f4c709249214e9db168b9
1678,"Joy Luck Club, The",8a0faa0f001bc893bd9359f071d19f5043c2c7c2e6ca64eb86f967a9877977a8
1679,Chairman of the Board,faf278faad61e63b911e1394d8d8c9c2c5af67870e3de458f07002261b5b9439
1680,Sliding Doors,9706e470ce983b252e3d78da57e648cb3393d7761bc1d699cc94d945994194c6
1681,Mortal Kombat: Annihilation,9414c0f279a9310deb5284bc34e01af76c996f489b4ec9e5f2e0b694935b796b
1682,"Truman Show, The",bff4b6bde00bcd50cf9c968eb2f28b716d04cc91c0d3ba5a932ac1c21e962d89
1683,"Wings of the Dove, The",eabe090a3ca9f245e1561db8dea16876b444b3af83336c01fc4690dec70d6acf
1684,Mrs. Dalloway,952bbaf72e58c7a9cd127e08ba8549021079b05b43b5a1b89f1627ec8fd7d8ac
1685,"I Love You, I Love You Not",9b6c62725409f990281b1ffd520b4c6e3bf2e8f7e3f536c9b906a708c535640d
1686,Red Corner,ad46a19f73914e558b5c29534c6255a85c905c9cd14f2af5a3751d3c55abf5a8
1687,"Jackal, The",affe772cd2008bc7b54550efc47324beea55c2d1e528fc00ca93f8057ad8c352
1688,Anastasia,96667999f34d1666e9d9466761763993265bccd82b24346c9e5984d99e909366
1689,"Man Who Knew Too Little, The",d81c783c93c087c12f83870ee21cc0df99e039c737839e3b4e399c3cd3de63cc
1690,Alien: Resurrection,d3416e9e3c31d3ca77cd3c3f08e9c359cea6887965fa870191a67603287c4967
1693,Amistad,bbe4ea6dc00187bb9d8e7884b06f12f9b779198be222696682770d1fba594c8c
1694,"Apostle, The",b64f562d8e94b88231e0097a5132e5d76f46cf8d3029f2eb8e381cbe16c4fb0d
1695,Artemisia,c840d860375e379a4d9a4d351b65be072ec847d8d37322646cece1ddf1372c36
1696,Bent,f055fc7d1b22c4006bcf6182a3c71a3bb4640f1fcf0fa2545efae4580474de6e
1699,"Butcher Boy, The",d02452d962db4927cd7625ab12be9a54ee49ce4b9d2d2db54b329392b3d224ad
1701,Deconstructing Harry,c0fc4fb85f00905170f0b06160af6fa18f1fb05f83c257847887394f9e5f1c7f
1702,Flubber,8c3611a1d36bd2d3cfb02d0e71f1667873828564dce1973b5cc679a32a5c78d2
1703,For Richer or Poorer,8bbbcb1bf470aee40b1ed32c312dc0d19ad22dee612c2b337cf2c4c926496f58
1704,Good Will Hunting,feebaa13255abd6b1aa1c29595788178c2841ca53598e856347cc7ab1a876b7d
1707,Home Alone 3,fcffb30b2277fcc6f40bdfe4637d6800601b00197fc017f60cc22f611cef9c40
1711,Midnight in the Garden of Good and Evil,d053117f2b151b806f8ceeac0ea0e41bf06b0553c355f8d47afe57ea05e2862f
1713,Mouse Hunt,c999f9997cd9466f4c67dce65cc61b910f3b85711db394070338873489b22b53
1717,Scream 2,a601e27079f65d9b259990d653261e6918d5614ea7a796f12d58278676b37879
1718,Stranger in the House,8d5096cb1eedbee31447b46a20e361d5a3c69b34742c783a02f5bdea3798b981
1719,"Sweet Hereafter, The",f932c4d986bff026a158d29d860e333a79a987e6c262492a3cac59b96c7ac7ac
1721,Titanic,ab20bd36045decdad4c1b3457b4fc008a5b6e324c3f798d96c92cb247b26a51f
1722,Tomorrow Never Dies,ffa3942c8f827a06f46083bf34e46f9778ec5881d61925f9233f08ce4f831fc0
1726,"Postman, The",b03c4b01bfc37436e2ec37c9e91e39fe6ce8682713e474a4c6cb92c18e74431e
1727,"Horse Whisperer, The",9300bb00504267c8a7de13bc31ece69d18383a1e726e5ece1ee7d7646f9a85bc
1729,Jackie Brown,c172b1323e133eb363cd4a6d7a6c27e9cda1f28da449b512b336ec72887290f4
1730,Kundun,c6c4e24eb13809931d3b7678f6cda6cf24cf139c7336c33299c48c1931937c8f
1731,Mr. Magoo,f264899b4cf3b2666199d6661983ce383ce373ce972cc8d1a71e1c69c366871a
1732,"Big Lebowski, The",accee4dbc3315b26b1dc02df872569b8b8d394c306bc875942cb6ba4792a39ac
1733,Afterglow,ea31488562b7955e9546b37a176039393e2c942699cdb2e768c37b9166bad61c
1734,My Life in Pink (Ma vie en rose),f3368c6b48de73843431997bc2cda7840f3a783b34dc87d44307cd2f497cf094
1735,Great Expectations,f0f4597c2f0b92c47a7a25637485b3921b52e04c99ccb19a9246cd29def94b73
1739,3 Ninjas: High Noon On Mega Mountain,b307198407b25cd9cc7e76cddd6634c71e11ce16b279e33632c93b3287624d26
1746,Senseless,bc1b9fa443fcf11ff0e5607094204f80af1a15acdb9e2a538f870b7ac2da47b4
1747,Wag the Dog,faed89e7a7125eba43aca9c53911c75ae3086ee59193b512cba836e44c1c6a72
1748,Dark City,c41689f71bec399b2ccdcc1511b3f36413bb6ec44c4b7c937522313b66c416cd
1752,Hard Rain,d0b5f105214a01ea2881d41f4fb14df320fa16c4ab5ebb3d32b549bb1e751eee
1753,Half Baked,b81cb8bb47b3c5e4ccec6725331cf20f3e4ed31663eab14972a49786c28505a7
1754,Fallen,c5ac341b32614a4492f664936c4ba34c6dcf99b15f0f94e14a5a93479e97e6b5
1755,Shooting Fish,e2b887c778479bd1c03a6d3fa7d1964358aa2bbde645bc4283fb820dfd652102
1757,Fallen Angels (Duo luo tian shi),9793eb0068623c80b761cf326e86b8d839788777c6f3cb9e29ad3646546b58b1
1759,"Four Days in September (O Que É Isso, Companheiro?)",d07999ce242fe7a739d866383bc40a6969c62e906432ddd3919a6b6e8ab9918f
1760,Spice World,a7248524aa5c7aaafa2d7a88eb085eba16085d6cb3d0fbd0074c457fcbb7c552
1762,Deep Rising,c67c4e0639d131eb6385e5ba1e05c93ea590cc2d8e706cb3f1acb34a95a69b5c
1767,Music From Another Room,e93eec0f9629c21e696d869b927448d22983364cae65cf4cdb4e37a1c5b5cc92
1769,"Replacement Killers, The",ce3c905553c50c282d3b579e54c073cd6b7b49e2c898d9d4736fb6298589a69e
1770,B. Monkey,978b627a60704ed6cccfad0a792c1937b343929ac61e64b56cb4535ba30bd939
1771,Night Flier,c886f8846891e830a610e24feaff37ffd022f226d72f5f2b753255985313d702
1772,Blues Brothers 2000,faf88017ed0707dbb218176ce861d8c2566727a9a55c5b260cef3ec335582a2f
1777,"Wedding Singer, The",facc4a65ad58a54a865692928d5a722a94a7e51de425e1ad5ab9bde533245cb3
1779,Sphere,c7b143037a4e24d6b4b439cc19dd9673c6733165430cc65a671ecfb510e93ec3
1783,Palmetto,9cf95cfb859eb704a306fb054a31c0da2afb2cfbb5c3b425f405c214433cc3da
1784,As Good as It Gets,bfed0fef8548e001fa815e3cc52e703d38152d40c6fa62ef607b2740e3e0e1fc
1785,King of New York,8410b6db984d3b49938bf53462eec9344e3724e2adc276fbb13402ab2b3cdb5a
1791,Twilight,bc6165e1cf243c5ce6ced9a1338b361bc9e4596634633a9b33986784582c9bce
1792,U.S. Marshals,d04436ffc2bf49202c46f95d0ba46f63380dc6cc377b901ed22002fd76d796d6
1793,Welcome to Woop-Woop,9085cff05db872c09b676518dec339618f9d08da346bdb8d6c6754e8b3644b49
1794,Love and Death on Long Island,f96e61da869143bdbc6aea24355ac8e1e2d1b70fc2749671c13585c7710bf0c6
1797,Everest,c3cc1cb374c01b387c67e48e95595a65230e332fedd254de9b9b496691f8a611
1798,Hush,d807ddae7c49e3dbcb938db8f1d093e6bd647c6926d1d9066f6ce00103b2e804
1799,Suicide Kings,c46e6ceeb39b73311e618cc13b999308e62e8c63c43e619a8be4ce546bf13b64
1801,"Man in the Iron Mask, The",a5705aa95ace24c5a477891a5d80dec23ed7250fe1784cf69a9f2921ad65765c
1804,"Newton Boys, The",fb2a91bba29c2e43c5334320b8e4f4e89285a71faf55be75d230f182d82d96c5
1805,Wild Things,e69a1a6fe14484117796a11369b73187ce13f3161a6ddc659a6c4e6d4f1c639c
1806,Paulie,c5fcbf0510e93b227c9866f62f34c0e91c1349d6eb03e73c8cab94f4539c8e32
1807,"Cool, Dry Place, A",86ee58c610c0369978ef1344b399fa67f333b3105b6619bf41c44511aaff1b99
1809,Fireworks (Hana-bi),fd8e47b30270bf8f0369f8787f8506e69c3fcb1012e3b8076f0a0374f866a5c4
1810,Primary Colors,c669ce323d9991cdce4e2e1ec3997373bc19618631e63c5b4ce3a73478991826
1812,Wide Awake,c2d6bb6c3da991b3ec96664e464d3dd93b321aaa52aa026468552e4517a9dd9d
1816,Two Girls and a Guy,eaf88447c690a72eb144b17719afdfc8daf15a12273a2507261ea61eb46ef261
1821,"Object of My Affection, The",faf7e952843cb5ced3238ae71358c8ad24dd132aeedde5229a19e704498a6a45
1824,Homegrown,b98462bcae6955494085a9b6353ab16aca0dafd1ffe2868500d9fd3ee126d34b
1825,The Players Club,9464e6521759d2927a9916ec96d2b929bb196b76699c59d84122d9729c6b8ee9
1826,Barney's Great Adventure,e490ee361b3ab1896c6199e3769e3c6eb939c6bc7187a1a02dccb0734c30773c
1827,"Big One, The",ea2d4bc33d7d156497238a7988d54823f220d36e5977c907c11837bdd34e61ae
1829,Chinese Box,d1ba3b952b542c6a2633c17334adc5d453acdad19d9b3e0ff1446c21e4b147a9
1831,Lost in Space,867286329c4d39cd39cd79c961b3e7b3843636269e4ec65c6ef9cc5918619847
1833,Mercury Rising,ccdb70a09724cf5bc7ba313462d8b10c4d97cdcb8dc34db3b0624df3f0494a99
1834,"Spanish Prisoner, The",c03337324e8cdeeda172f102129a66c949eb3ba4fd10f61fc0fb41ea7bc63d04
1835,City of Angels,910c101e70d3efc42e652370f1d0f04f2b64f177913367cace1cbc343f9607bb
1836,"Last Days of Disco, The",991332c46ce44e33330edad39c26c99c2ccf61bc9789f0c30f716e36798b7439
1837,"Odd Couple II, The",bfbee0dfc0c01c30cfff027fd8067f0000ffe3e0f8382f916c073586c1f0e05e
1839,My Giant,e91e52d9d2e3cd270e5a6e5cc5b4539b9c8b96c853f1370f894f6d04c3a06923
1840,He Got Game,bcbe774c4742f9ffb50c4eb11af7310b6503acf49f1056ea847eb500c88062f5
1841,"Gingerbread Man, The",944a4ecf0f9131b43975932e744a0cd90fa1f46dcd0e4f243cc6324b71fb39b5
1844,Live Flesh (Carne trémula),c33b9788788f3e70e99d7c2b4e63f0c139dc60f0956194799e1a4f18f2303a67
1845,Zero Effect,ecbbed6981113a57526cce82117fd523e2423366d8692f7cc34fd8a23a3cd249
1848,"Borrowers, The",bfeba111e1104eee6416f4b992fb61863f080c3d6e049b73f043b1ba933ccf94
1855,Krippendorf's Tribe,a77df8828dd7e03807f9386df2868f8fec300bf970f031c6870d870b68b25972
1856,Kurt & Courtney,8611ac310ebb0b39707db2df933f90bbb130b36c92cc9d341e91f2cb34ccd64c
1857,"Real Blonde, The",ab1691a9d4f87e5629a92bfc7e536e432bd681fcd46cd40294032b0e7b2ce983
1858,Mr. Nice Guy (Yat goh ho yan),a7dba7dbd80478223c369f1b638b34c72773633a91e4d84458a29932e61d56ce
1859,Taste of Cherry (Ta'm e guilass),952b90ab6ad06e6665a579981a4f8e7268f8690e9726962dec183e67b1e6699c
1860,Character (Karakter),a40faa035a15c5af2ad4127b3d68949cf01e677387f451de5279cf47e1c850b9
1862,Species II,ce74cc5431c4319a383b4bab4faf4ce3b6e7cf1ce930b144f0c47160317a879e
1863,Major League: Back to the Minors,e18d77810e55c6789d723d85798f18c6933a32c7a72dec484e66c9939092b73b
1866,"Big Hit, The",c06ec09215b8bf6ae06f6b9d4eb2967a1b253ba67458cd49cb1d901335c68ced
1867,Tarzan and the Lost City,c45bae7f3e8d59aef9c0b3b026b6c6d4cec990183925da41c64a79e438b92d1a
1870,"Dancer, Texas Pop. 81",f86a85418fd77296962e172d6ba56fd40fda68c0d49d949ee402386fc335394c
1873,"Misérables, Les",947dc4736b8d9ba23b4ca477ee114fa52f64bb639459f4819191c60a847b86dc
1875,Clockwatchers,eaa31fb1a748265db55fc082c882b13d96efb64932f85ea689b381e4c679c90d
1876,Deep Impact,9545360e2ab4cb765ba532a975a9e429615a3cd21f9ec76ec43c3646d35b81b4
1881,Quest for Camelot,d19bae100aec556b75d79b851b29e10edc95c6e1eb625a58379c8d8db8621a72
1882,Godzilla,c63c1f83b9c7f07c3ba3961f9838cda1f28e0fb0722938c36bb838cc4e617c38
1883,Bulworth,9a4c4e9869a39133366c61cd276c961a369ac930cf274ba6e9674db334db9e58
1884,Fear and Loathing in Las Vegas,b98d5715055bd17a61465cee9ca87383958bcd596e1265166cbc2969be723296
1885,"Opposite of Sex, The",9252382d651845d329348e1363af967eb8c9ae5f7ba237c9161c4de2eb2d72a8
1887,Almost Heroes,b24c818ec89e4bc1b713d078cdb3b6650e8d3fc1d826389bc1f83f0e81f678cb
1888,Hope Floats,fea1ea33c03f97cc4ef1cc44b304141639deb95934cce6c82a72d1a79d89cb13
1889,Insomnia,a451b4d15f964f2f60add8444fe9c1c3b856ae1db5ab357c8257928375a4c156
1891,"Ugly, The",ee846f30cd7b902fb5523b17ca468dd8c6adc7a99570c4b9816ae4dc1b814ad3
1892,"Perfect Murder, A",f307e3c22cd03c3c1e3d9f17db83e3e0e3e8e59a6087186398313e3ced986583
1893,Beyond Silence (Jenseits der Stille),8ebb4efb33eeb34633a8d9dc9f45514fa6c12c9bc674536493049119c5916c92
1894,Six Days Seven Nights,9870c34f6f8fdc32324d0f499d32d0dfc8c0e727b0b318944f4ee1e325996f1c
1895,Can't Hardly Wait,8f15c72ef0aa3ad1c9d3ec6a364403b5d32d162dec9ae8d31a5194c407ec63ed
1897,High Art,acb5b161dad0cb92e9691e8cb4d166e8824cc04f16a7cd4b5ec991a768b73b53
1900,"Children of Heaven, The (Bacheha-Ye Aseman)",8325955a388d791c07da81ad786a7ae9606a231e0ba8fedb1eff0de37a385a82
1902,Dream for an Insomniac,c590dcdf63d988050aa7db3c390665f29c57c208f147006f3f799f9cd04bf4d1
1904,Henry Fool,ebaaf048b4010dd3a5176d90858fbd4192f37bc44f289c5d72afe20ed07b9873
1906,Mr. Jealousy,cc46c6e76333b118398c3b9cb673ce634cc6c4637333339cb4585a370bf494c3
1907,Mulan,c14bf0c21ff4098f72a51e7871ca49b40cb464a38e3d30ce9b5f9b72d873c4ce
1909,"X-Files: Fight the Future, The",cdc93ccef33b85c388cc3938e67363c7991e5319926130cee318647199d7334e
1910,I Went Down,feeb1ae981548d169506b4e946e93afb7a37c6a8b985510bec16911649d24eea
1911,Dr. Dolittle,be6be196d7989b67998740f0e85216f8eb2c474ba2b278450df93f2488d17e09
1912,Out of Sight,89402b3b1f9e5c4048a79186c3b9ccf917c37e0fbb1e33f80ce0394371476fcd
1913,Picnic at Hanging Rock,949887886727ab5690adb1c3e5d96e4d7b2793161f3b8d1a62c57a69f05239c4
1914,Smoke Signals,ec60b8a1939e65610cd283a91facdf52e53574c4786b333f8b98edd1e4b13069
1916,Buffalo '66 (a.k.a. Buffalo 66),b3419a59491525322c92e4f077e9e6022217f8565a491bfda1171baf7eaa4bee
1917,Armageddon,8b8971c3447e91eefaa1a71811c74c38338d4ae32616b39edd6992abca54f3ac
1918,Lethal Weapon 4,9c389c10ce0a926e21ef8d81ad15a73c23e0f1ebd8cb7c06e334f1d5e8c3ee66
1919,Madeline,e3989a418cb5631e98733d9237eec5b4d24e486f875987269e929059d16cf4ad
1920,Small Soldiers,df73da9a110c05208cf339d8618c6b64f0a1979f9f5eca39c7ef1f0258b564e0
1921,Pi,f58b563cca34b0c1072b096a615c3e361ee6194ce23078f3574d2fb67ceac64d
1922,Whatever,b215adb00f37da5b5d20f6a6b03ae1a6027559117bb7563bb18229643a720fe7
1923,There's Something About Mary,ba73ae58a50833b75cb5c5ac876f0a46da4823cb0ff17e15c5858ee5e860f906
1924,Plan 9 from Outer Space,8aff602b403f4e16a663b371db303b93b1d14e0db85c1f92e1848878f9e63f8c
1926,"Broadway Melody, The",90174eb04f8cf06e4cbe331b3c6d06ad3bde2c5561a3d43a41b89cff3216938e
1927,All Quiet on the Western Front,9a1c9e1d369331e16961e16d679f6796943e8e5298d998d36c65c26c8b39d930
1928,Cimarron,d975f802ac158e116706afd70c0ae1c56a2ac47c69bc659887fddc2ec0f3f61a
1929,Grand Hotel,809cd1596fec9d8779418a923d0f7a8c171bae2e10f796ea2991b3691d8bca63
1931,Mutiny on the Bounty,abfe13fb460ba70cd908b84c29fc6990b70434b3a5bd9c3b92c5c6c6b47268e5
1932,"Great Ziegfeld, The",dd20ec0720d7c0fdc3b897031e66dc550938b97b204b61ea37bc64b0c7f53787
1933,"Life of Emile Zola, The",950898b0af7b62aefa84b5fa2c759b09b4f0ad4f19b184663c8c936a6e9ab585
1934,You Can't Take It with You,9003be0f6a3f995a315e35b8d5b8d0bc39b5d3f8b0e8ca3616cac9c31acdc648
1936,Mrs. Miniver,bdbee68ad848d9e4c61524904a491b6fe1b63629a76171b6d8519f44c3539c7d
1937,Going My Way,ee17c95087ec3447cc1a69b4b193929d98147166c3c40edbb65eb668b665259f
1938,"Lost Weekend, The",d23c2cc32918d76402e74b3f3dc3d23de5a782f8d83f3d868258e2e73b0c28e9
1939,"Best Years of Our Lives, The",9aee03a3e5103e7dd600af5ef058b452ad43f1cdc9c58935f0398782b30df65a
1940,Gentleman's Agreement,854b7286ae0d9c7fd2e62bfdd29d1f6381965479e92222d64ae127b02c599327
1941,Hamlet,bfeffc00c42f01ffc0f31f0f914d6272bf051919d0984dc4c70ad21f919547e3
1942,All the King's Men,b4e18934471eb64e19bbcfe9b1e77b93a61c5a1e9cba88699d65258067833298
1944,From Here to Eternity,eaaa72ae811f23f981bbd90e31c7956299660f618c71ec0efb113f98958d6c19
1945,On the Waterfront,d28697bab8792d27a0c7e6c286189715f920cd93ef9478d98e69182cb1877bb4
1946,Marty,8fbf5d92e055e07cd2295be0e85a36bd92d63651f34289a5b5a59546957024da
1947,West Side Story,abef78dac484d3a2f3500d559c6b96108d54566ef19085282a7774f6bd28caf3
1948,Tom Jones,c6fae8ff3c2db781912f9d26f2c0c65ace64e03c9d3899c6a7466a198413b436
1949,"Man for All Seasons, A",e4fbb4da4ec3c96b1cb49c3061cf24c3939e31386b3193a77b613a611ae46b0e
1950,In the Heat of the Night,faee370dbd807a609b5a8dbec28df0dacd9061a8f1374e9d918881e1ccde9624
1951,Oliver!,bfea09eac165855d959e43be602bbc419dc1a7d12653395ed30c6218469f9e95
1952,Midnight Cowboy,aeafb41d930e2d4b854b4bf2b491169ffd20e50213f67c60dcc8a84bc8d98c7d
1953,"French Connection, The",e58de49b8c72165bf349f1e50cb49c9ad689926d032dc7a6947219735b0f6790
1954,Rocky,e8b2a1f6370ed6198288e733a765d2cfdf838b45c0522960c3f3693ff580d09b
1955,Kramer vs. Kramer,fc7e78709d3b699460eb03e9f0c006b5abe2a5c625619d49e521af1db08f7332
1956,Ordinary People,c3402afb7cfe2345dc03689ec3ec8f71d41ac6e92db53f128d22c08e63dc3f30
1957,Chariots of Fire,82f3c2933d3e384d38c967262f2d60cdf0ccc9ecc2f298f35923b73336131996
1958,Terms of Endearment,95517aaa62bf99c1782b851c6bc06a259d3fd1ca96c16e31e35e438c9ce31f32
1959,Out of Africa,dad4a94e3daf2856d02657bbacdd0b645e9396dca226c29b52d827b60c81db58
1960,"Last Emperor, The",f193cc6c539125feac4987b634e1eb0c14fb238495773a08b2e61f93604ead37
1961,Rain Man,ec85976813374a8765c8c8379839b5854ace2d5a3eb952f195667a492d3e6cb4
1962,Driving Miss Daisy,eadf21f3548395280c476ae53b569b39d70aa5644abfd2d519912f4b2c627d88
1963,Take the Money and Run,85548d547aab722bf12a63f82bfa0ef92e9f7aaf78039d001d38e07cc049e24f
1964,Klute,86b5771de2550e71dbe36b8e2c34ec5114c2dd0a6beaa5aa7e3930768948cf28
1965,Repo Man,feee1abbc445c75cb354856d8d9bde82a52539cdda136c16902d30d3c3466994
1966,Metropolitan,eb4d96b294b26d6db3525a926d8db525da12484a966d66912d921b6e69ac855f
1967,Labyrinth,eef44e35c72d6fb9c5926ab8337933cab14e6825c470acd23999919b1b97b004
1968,"Breakfast Club, The",b9d4f183c42b1b5c2ec46c60313b919fc3c027cada4dd43d353ac0d8c6e77763
1969,"Nightmare on Elm Street 2: Freddy's Revenge, A",cfffc6bab0663ce93821e346cf892f08be34da3481d1f884d886b80de13f69c1
1970,"Nightmare on Elm Street 3: Dream Warriors, A",ae86e5a6a5218492c4ce9bc993335b58cb6d6b9bd0d17861cba4c7938ce93cac
1971,"Nightmare on Elm Street 4: The Dream Master, A",841a4d20217f0f16dfa0f70e205eca4efa547c311f6d80d762d3ad299e5e3be4
1972,"Nightmare on Elm Street 5: The Dream Child, A",861d5278ecb2660c4b439de3b4a6b9c32fcd469d582381f286d7f80ce18cb377
1973,"Freddy's Dead: The Final Nightmare (Nightmare on Elm Street Part 6: Freddy's Dead, A)",e3fe3d5a0d53d0afe280d6a0d8075af9c3a4c71cb8d5b405ccdce22f91e26f10
1974,Friday the 13th,8126719c7ad19a634cbce52ee66698d93e912316c136c99e366a3ee13de9ca26
1975,Friday the 13th Part 2,95812adaca5a9e353dadc1636ad0b4ac942f6bdac057968d352bc14a7ad4952f
1976,Friday the 13th Part 3: 3D,9b1274fb664559bc999066c934c5998e636d663a9c34991364b38e537cedaa45
1977,Friday the 13th Part IV: The Final Chapter,ffea6ebee4919b69d9306c90b44d3247e934c49ace45cf27b11698d8cc41c323
1978,Friday the 13th Part V: A New Beginning,e619b0cfe3261b32dccdc0cc8799c66cc1b296f9862ee18e5c67613233864e7b
1979,Friday the 13th Part VI: Jason Lives,be08bacba0d785be9ff597accc045823390d525f965d31c22dd28cb29617970d
1980,Friday the 13th Part VII: The New Blood,e150c6a9a15f17e85e202b567ebcc5c09cbadeab4e8578567982793465a29795
1981,Friday the 13th Part VIII: Jason Takes Manhattan,ae5db9ba1026e195725986a739eafe54a78c2bf93984986a861a8604719b79be
1982,Halloween,becb33c1d3aecc354f30cb70b0b46c2bc2d13ccc8d4f33c2f094c62d474f931c
1983,Halloween II,d4159214f114cc10b65491c71e10636a2dca3faa272b1feb67ab4fab07fb61ab
1984,Halloween III: Season of the Witch,befb9dccc5049e73905865acb1313b38e50499779451cf1d9141d2d3c71193d7
1985,Halloween 4: The Return of Michael Myers,c99fc8dc6c5827e2c7e4ca49382d303600360fb1c773f4f23b92191b3e3dc34f
1986,Halloween 5: The Revenge of Michael Myers,93839a901c7c6f6e6b63e47364bc65ad96231b0293d6999e6d94c47a3a429b4b
1987,Prom Night,dfaa01ffa780e19438171ee3e24c7204e17edfa8824dea79b7a1b991d89417e0
1990,Prom Night IV: Deliver Us From Evil,e5e416adda1f485b972961adf0fd786ea61254a6a3d08a7871e82e1519e73f80
1991,Child's Play,84301db765b7b2c239cd664ac2321fbbce6030a63df7ccc53997c9113259356b
1992,Child's Play 2,cc4165f01b9ab076391d6e8b4eef68b1a0dd1b8ef5848666bd50f198da64a94b
1993,Child's Play 3,d414f1547b61c69ab060ea69479e79bc4b6396c3948ee84b20d734af72ce5a71
1994,Poltergeist,aabb3cffe544367cd51198c7e544231c9551ccf3c544d18cb551c733dc50f14c
1995,Poltergeist II: The Other Side,c5626ba53199f03b6665c66d644e3e25d8c9c1886b95973a3e3773a1b1621fc4
1996,Poltergeist III,dc89c6260ffa0cfc3427788f636acbb0869c363b1c4b7a4079a4b1a421bfe3d6
1997,"Exorcist, The",a565a715313dbde6e53b41a252c6d6da5a78d2c138a7992de5a42696a51885bb
1998,Exorcist II: The Heretic,fefe699994516266f1118ed9c99894ccc1443737d151cd99f4918c4ef544b26d
1999,"Exorcist III, The",ccc31999333d732ce700863619b39913e446366e626fe644e71898bb399bcdd9
2000,Lethal Weapon,afbac9499a05d6a6c14a2ddb92d13c2de5aac252b63ad90939a69c5966dda52a
2001,Lethal Weapon 2,f21865710dcb92851ead4c9bd564b36de88b5d221e562ab91eee0f7c20eb564a
2002,Lethal Weapon 3,bfaad914edf3844b9445d2bd42bfc27ef34811c190829ed69cd2b4c07d09ad33
2003,Gremlins,baae168e740969b8c554ce5fe251d1ba9924a665e651d4d29d96092dc36d32d7
2004,Gremlins 2: The New Batch,9e15d5506112207df40b9f344fa316ea793f0c2fcecb93b7b5849851f0d8ae34
2005,"Goonies, The",811558973efda0497a8b07bc6be35ebe2d7d664185b69990cf826d926c35a4c2
2006,"Mask of Zorro, The",9652969a39ac69e84e736c576da5c3299638318c738c9ad51cf76cd96359c330
2007,Polish Wedding,ab0d5487ca329bdaf7244e39f8d0253bd061e99df91974677ca202d92f30c572
2008,"This World, Then the Fireworks",e6eb39309900ecdde145d2da96d6336d07da0e67690b69ba5e209c36b974ce11
2009,Soylent Green,c3afe6fe8fc29dedc44d3949b1246290d1e891b54265d7053538f8507b8796b2
2010,Metropolis,f2d8ca385e28f4fb08dd0f9905b30ca6e406bba7f3272d8f23cf61496270f232
2011,Back to the Future Part II,c53070de59fba7696085185e1e4e49913d0461bd37e5a6d0766295ed29fa1fc4
2012,Back to the Future Part III,d102347f187dcbf37c04c00c0fb77c852fd23d0664eca6fda67a947219c80ff8
2013,"Poseidon Adventure, The",fbeac3646331b73bb50d720eb05491769b1f3a9dc4054faecc80edc0c3c24ad3
2014,Freaky Friday,d1972ec0103b49e6b6075378fd83c22d27b25547c92cb6ff695652ac8a4be516
2015,"Absent-Minded Professor, The",9b2fc4c0d415332f4bba4afdca851fb690511b6acac82ff42dd5ba3ad44a9b20
2016,"Apple Dumpling Gang Rides Again, The",a2d8cc2018263fedc4b1918f4f7559322f4ce4a5799b8f60d427639e6f6a942d
2017,Babes in Toyland,fab26361c9d7947ea4518eb39f2d5c9a96e984d4934c4695710870379f63c519
2018,Bambi,8bff70522c5095d6f04bcb94a4c468ceee143be8ec4c4e8dd21f8d29df09968d
2019,Seven Samurai (Shichinin no samurai),dbaa68826505666ce5013f3f9e44ac9b9c079f6485ffa65d91b495da847d9520
2020,Dangerous Liaisons,9a58871c218758c765ef4d2d32f632d3cd3869ed924c92196592d9b323b536dc
2021,Dune,9abf38fccd016b4be750b436e0747269bc50cd82970b7279c464d334b419cdcb
2022,"Last Temptation of Christ, The",e85634eb96a94b3392cd6c1feb7a9d0c6c5595b1b510d3f4a591e58493443c1b
2023,"Godfather: Part III, The",99194b6d6ee9c6b3703939c831f6706c624b9cc68beec326660664cb39da399a
2024,"Rapture, The",a72f819698f13d3b47c2f0649d33025dfcfd48c082640eaef3711f982e4f3da4
2025,Lolita,e16a968438f38c3c63ed94dc5a5bc9313da566dbf32d8736d83c86cb9c603248
2026,Disturbing Behavior,f9cb0cab6266f2581f790b0eb9728de94c8f1e87d5b01d8aaca663d4281a6b1b
2027,Jane Austen's Mafia!,b0e494fb8f1bc30cd1cb2ef0a42679cd1c59933b6382c6e43928330ec6d72dbb
2028,Saving Private Ryan,d076949559996666b6461d994c9be6263b2c190b8745d23f39a2c17eef4616cd
2032,"Barefoot Executive, The",a563a133f2979add881f195a4338b974e4a16cd226b227c79ce4774a76c5ae48
2033,"Black Cauldron, The",90718b727cbc63c9bd8760741ece662ce1e0319cc7ba766429913e1d4ec679a6
2034,"Black Hole, The",feab6eeac24a3abea555e55590ef924b87419da48195b857bd43e2456e52e080
2035,Blackbeard's Ghost,e5b65a691c6c793624cb3895c76c2eb4d9c324c6db39264660a7966b619b9764
2036,Blank Check,eeaab5739291588e1d6e6b2591116699365d66aacce78945d86c99be2b93a511
2037,Candleshoe,9b3654c90b6ee99106cc327d79aa8dd6326996a5cf4fa01233d1cf6f30b0325b
2038,"Cat from Outer Space, The",c07f37b43f403b2b198d1ccc3ae2c85435ece135325ad2f561994bb9a8579ab2
2040,"Computer Wore Tennis Shoes, The",ebd14869952976b4d296db468d4ba4b996b192529d4fe5a9c6c4425a7a5a7923
2041,Condorman,c6cea5bb009b9a4c2d74eadc0b0cb63669c945a4ba73705945de9f6fa1094bca
2042,D2: The Mighty Ducks,9f5a695ea9563dfa3e5bd255e266761c01351a3ee1a069618a1b6946da21699b
2043,Darby O'Gill and the Little People,fbbab5c990414b3646ea3c4dad1452eab565cedc84ced023d321f336e36a8d90
2044,"Devil and Max Devlin, The",bb3be467d2c50793ef403452a4be11a5db434ad8a52d7ceb1a305b74914bf889
2046,Flight of the Navigator,d21192ff3944e9115e1b94547985c36476436cfbed104fbcf8771c2b848f968a
2048,"Great Mouse Detective, The",86ffae3f6b98d35a724ec0d06d9e9dae93e735078792600c1c4c38136192ee6c
2050,Herbie Goes Bananas,fbae11abc08b60df3e716308d8df1ed33f24946fc07c2eb12583e49f9b501b20
2051,Herbie Goes to Monte Carlo,afff0fff89113f03d603e48ecdb593f07a48e45884bd5809314287d2d294f81d
2052,Hocus Pocus,effa4aec9e819e157b38707aa40587a393457cd9864fdb4699349cb4a5319123
2053,"Honey, I Blew Up the Kid",b39f3c072c663e191f19368a966934c3b0e2e1d8c4d9ccf3d0f630c798e53635
2054,"Honey, I Shrunk the Kids",eab54eb1e44ec02ed936b51a9d30953295e21ecdb64db64cc05eb44ebcc368b1
2055,Hot Lead and Cold Feet,ac2cd0f893cadf2fdaa3ac5a9dd185858d3ab0e33cb7a185a4d52d18a248af0f
2056,In Search of the Castaways,bea3415a83fc6c27e04b37fcccb57a4ac5790d9532a7497948dc56033f2c13a4
2057,"Incredible Journey, The",eabb30549500c4bb6bf7a6464d9a1b3df48326f58976e48b89cc18f8d5132f46
2058,"Negotiator, The",c8eeb333374c48f3b3313eccc9334eecb5999b07cc427acd0b900c35f0eb9312
2059,"Parent Trap, The",9e3d1c185e084be81fd74aafcbeaf083f0aafa54b03af480b785aeb58cbca0c2
2060,BASEketball,ec62a97251b14cafb84e7b9aa692127676de8c8f38ad927443a8f37d2c484c59
2064,Roger & Me,bb05c5c2b4c33b11cff4b06fd4824ef4325b79816c091f373bddc582912694ed
2065,"Purple Rose of Cairo, The",cb481595b4bfeb482c9514b2ab36c34d16e1cd75f1ba2b05349996e8cb4535ba
2066,Out of the Past,9eee42bfe9531670c624fb45e493cc94137cb062be71524bb48548d6d0ce27d9
2067,Doctor Zhivago,aabf6216c41295e8d369c989995db90fde021ef598d75afcc960195395d2581e
2068,Fanny and Alexander (Fanny och Alexander),c45e9b433ae866181b63c94d3a938627e90cc1e3e46738dab13a64f417bc7b3c
2069,"Trip to Bountiful, The",d7a9ea56502038023e4b8ded2cf716db97361f3c9f113bcb772cc2404846c9b7
2070,Tender Mercies,b00126d543ab8c182cffd1023eaf82fff9903eff806d79023bfb810c7f8c8273
2071,And the Band Played On,9a8f11d8cdc07626633d6d23b0583c9fefa341dc3663cb58891c6a86d56c1f0f
2072,"'burbs, The",992c1130a49334cd72ccf26a17475b64ca7e28b7aebad78843cf6b67b8b83891
2073,Fandango,ebafe550c7501efcd841f0afd2133f7281534bc9b519911d7d00e49eca15785c
2074,"Night Porter, The (Portiere di notte, Il)",ff40d4a46197fb225335f9d994cbbac42d2694266aa64b39bf51a0125aad566c
2075,Mephisto,c2cf14c419b47319b6662cce09dac99af27cf1a6dca476c995b0cd39e2697283
2076,Blue Velvet,d1ecc0fccccd6c0f7c1f3cbb30c54bc24b416f702d7831e833319b318f21cd2e
2077,"Journey of Natty Gann, The",d0caecc7271197da48bd6b3163629e04c8e7a5cb9418932de713e49863fda752
2078,"Jungle Book, The",92419a14736d537b75fdb02f78d6dac41f80c568c539621a336a9e2198b675ae
2080,Lady and the Tramp,86c6cf83299096c666d1a9d84666e38da9d87636a1ec53c3be36e9345fa18cd2
2081,"Little Mermaid, The",c45093b625caec19f3479f8c24e12136b9986ef43336b369ccecc10778e7319d
2082,"Mighty Ducks, The",c49c2b06efcf34e2d8c9933704bb95646d7e7f1c878102c10a764a3fd8754dd1
2083,"Muppet Christmas Carol, The",d2b70d885f4972678dd2e3ba318b9d96690c986b0a7a6d18d6e2399cb09d368d
2084,Newsies,a65cdba97bb2e76cccc9b61295679145e619e1e354d0e97b10a06bba49e1d884
2085,101 Dalmatians (One Hundred and One Dalmatians),d1132f422ccfc1bd6bb9d6ab7b12c1a97ce48951a495c393a39626f554eb3908
2087,Peter Pan,d30c9fc83cc7fc6f24e16c33cf1f13f1d31ac24c2cc69c0f30cee4e41f2390c3
2088,Popeye,efbc0fb4d053f0cb4ec62d3eb6130ec36968e038b49739a79947264ce6328693
2089,"Rescuers Down Under, The",9390717a0f4d7c415ae283bf05e8d95f243752f19fc84cafe55212369dc56a29
2090,"Rescuers, The",c11771e317a18fe04e7e4dbf78894e4f2d3a4b78c276b15ac40519209f7252f9
2091,Return from Witch Mountain,f92568da465c8ce73d759969cad864b6c5a583291f4b9e56d895d03c712b0743
2092,"Return of Jafar, The",cda24e37065986583806e59edb5af0a52db71c5870b569cd694a98a7256719df
2093,Return to Oz,da08b4ae61511cf336c5c90cfa902ce5d338ecb259cd0e3fedead3140e91b98b
2094,"Rocketeer, The",d00c9bdc0ff3e40f789213f36dab4c0c386633cb3f986c3823674647ccf83d83
2095,"Shaggy D.A., The",ee8699395268648c937a4eb3b19e66e43c35c95a66a39ec6c32860f33d8ee4b4
2096,Sleeping Beauty,c058eca1525337563d2d17fa29b5da0a8f8b93a568d3937660edc87bd15264e1
2097,Something Wicked This Way Comes,92ef3268797a9b36e9b2495b926484a7489a5a5b6d370d8d76460ae599cd0da6
2098,Son of Flubber,91adee43f5acec4232d6732d8d76e4a90eda724749389ca1eece075bd1528096
2099,Song of the South,baff367fdd23c8d0a5cc7a98a750d5aa8264a975c019fc24d5c0d113bcd59341
2100,Splash,cd9ba1cf92c4439b9d71613c16166cf7674d8973ee28914dc689b34a9c2aa23d
2102,Steamboat Willie,bfe83ee4c01bca1ab446e06f97b29dd3d0ce66246a313b9839a04e74c637d193
2103,Tall Tale,ac29ec68764c8cf1e38c52e3979685b67319bf968cb0d3199a521ddaa34b125b
2104,Tex,9cb3855c134df205a4f643b00fa99cd7300d33cfb1d69b1a2d762c9e7361e3d0
2105,Tron,8aee4889e598964c93673933a5841e59b267b136cd91e4cbc336f33ee251c726
2106,Swing Kids,cbeb9a33e49c73cc91326d33ec6134c4e10c5853bf144f0ed8415c99b535c97b
2107,Halloween H20: 20 Years Later (Halloween 7: The Revenge of Laurie Strode),f5c2076ada11c8b63f1d434895e67da909565fd0e03d92a6fd21b54aab62bd12
2108,L.A. Story,aef980d5f1466e2ad914953e84531ee47ce42ec7d41b1b34c503a44ed9a44efb
2109,"Jerk, The",efabe51533321bb69d249da49ab34eebc4444a4d5ac90c4ab61812db333b66b3
2110,Dead Men Don't Wear Plaid,caefd22f9e0c2f40b1416a1ccc343ce1b1e035adb7312c1ecc47487e9257d33f
2111,"Man with Two Brains, The",c6dcf3d23970ce4c6f072d332c29a70e4e86c0b0399c3a61714edbc9d1737669
2112,Grand Canyon,be63ec86a19c8379517360662ce61e849e99c6196576b14fb3e9b0ed7c70cc30
2114,"Outsiders, The",d09a8d630f31d0b230ce2fcd6b843a643ecd3ed81b469cacb4b3b3039987b4eb
2115,Indiana Jones and the Temple of Doom,c1db8de8142ff2ec6a1d851ab8e3e00fa71092770be5d4b88ff1f901d1f39126
2116,"Lord of the Rings, The",dc8032dc635f9f2234a5c09f4b724fea3c890dd4e0f6a50ac3c8b4b7db52316d
2117,1984 (Nineteen Eighty-Four),9038da7ad0f1c5842fcb87b2672697a3649eb1e938c3c9b41a4a693c97396e1b
2118,"Dead Zone, The",ccc27c4323bd13bdcd23f4c622c89cef6caf733133b1c9ce0ccec4403b2393b1
2119,Maximum Overdrive,d45a4fd001a9ac17fef0d07b2929b50a7a5602fc2f097f2e2ae6303d5370cb7a
2120,Needful Things,aeaabb576945348ae9324e6bbc51cdb690cd329ade142873c12538ccfb95903d
2121,Cujo,8371e1154c1b4e3f8a3c5bf9a5e8a5d149d3af0e87c9c6ac2c2ecc2e4697d0a6
2122,Children of the Corn,904590074f2f6e3cb467f187638d94cec4e361e363b1d638e47861ecc78ec61e
2123,All Dogs Go to Heaven,c03b0fad3f07b22778f8c9944fc026c03a30797ac5d3d7c5c70c9c37382fc19e
2124,"Addams Family, The",aef5d11a01792fc4c002b8779c603eb96b1669c797e96ed9ac1c3d69873243c6
2125,Ever After: A Cinderella Story,faaa213ae6554ec1f05c92b59ad1b90f9710fd3ba459366c8745dbc4c315e912
2126,Snake Eyes,cf364ceccf3490597bb8915125e96fc49c716f2e9071132420cf931c4eceb15f
2130,Atlantic City,e08707789378e0870d781ff0f0864d791ff13e30ce0d36962bf07b49f30e649e
2131,Autumn Sonata (Höstsonaten),d2c30f7eed0170f94f2c92c352fead0270ff8b007d3cc28d35f0cc2fb7c040f2
2132,Who's Afraid of Virginia Woolf?,914b66513c854bb4139e7c462e6573a9d66b15ce2c306a39cb99d229b2b7c78e
2133,Adventures in Babysitting,b9480a07c05eea18eb0130fe9e4f7da0149f39d87b84bd4c267fb2177532c937
2134,Weird Science,d3c4e28c623b716703758d371d3f9a5a3e903e8134d15cc7d14f0cfe66c2b80d
2135,Doctor Dolittle,d07b96944b00cf076bc7385d36d169b66ba492396c649e3c7319138eb2db65c3
2136,"Nutty Professor, The",817185e87a0697232c7d62f5c98d7cf2b8b46f0c6c5929b6267591da66667869
2137,Charlotte's Web,c400e40053bb5bbf9fc1ac507ccb726fa13c82b40fc5ed4cce1accb738dfc1a1
2138,Watership Down,b490c1255b6f36da65344b6db65b1d965b6cb2180fa1de45d0be4bc09e07607d
2139,"Secret of NIMH, The",c7c81eab2cb97954e92c16cb87b2c52832dd4b1a9a07ecec38726972e34cb794
2140,"Dark Crystal, The",8a75f45c0cbbf5a36181abdc374c3a0df405ce2a2974c33838a1d3420fff871f
2141,"American Tail, An",a7bfc1a8104332fdbf4469a042f90c5034af9fcb7930a80779eb2c17a4e6f5c9
2142,"American Tail: Fievel Goes West, An",a1959a476b8e4e069ce169c95d3856665ceb7592658e967fc2d6089416397bc6
2143,Legend,c8619f60bf14701f339335cbc04d336ccb6cc9e24960cc9b3d93679be4993669
2144,Sixteen Candles,eb47c4bc95a33e0fc0bc6de3344f9168c70768189cb0cb1296e3305f36cd739c
2145,Pretty in Pink,e451afcf58711ba2b89cfed2a85de223243ce6a2a1f921fec030c7a8d0ecf2a5
2146,St. Elmo's Fire,8c11940f5ae66bb02915960ffeb16bf529fe5620c405f94fa79af40294cf3bc4
2147,"Clan of the Cave Bear, The",aef82ee8d4077bad7915b15160ea64e6c4053ea55a22c95a4bd9850d078d6fbe
2148,House,f476bce001bf399f3b84c4464cc1ce724f32817cb217afc17d0750f141adae53
2149,House II: The Second Story,c22dacc919d6c38622ccdcfd0cb1ab35134aacf22eb695ac6c8722b95d1cbf43
2150,"Gods Must Be Crazy, The",b9aed98fbe5926d8a910e921c4afa29592705843931b97ef4da1fd3096c62b68
2151,"Gods Must Be Crazy II, The",bbeebdc53fba8f1006adcb83c14342e3817012bce41c6b9e91139d23eec5d694
2152,Air Bud: Golden Receiver,e6e98bb51931f2eb44965d6abfcc854678ca3285473bd8a2973cc8522ea42b74
2153,"Avengers, The",c43a5f2c9b06a9c235e984616edd945a34cb74ad9b614b9e991e1db1c93b9b90
2154,How Stella Got Her Groove Back,a529049df4fa1b3601664c4d9c89b198df9b09d15b9b33379666668c6f92d336
2155,"Slums of Beverly Hills, The",f3ee804e65f89703c7c52ef0b10f3dec2c57582bcdc28673430a1c9c56f019f5
2156,"Best Man, The (Testimone dello sposo, Il)",99635a63d6f624e6679ed2d479db999dc7946ac79e498931495a0e1a264ca468
2159,Henry: Portrait of a Serial Killer,ffc09966d339c0b9cccbc4fd846ed266933d3913c1998ccc66663331331a2ccd
2160,Rosemary's Baby,d556df91026bc42e2d92826e9f81629b9e4639b1066b9ee061bf966478d5079f
2161,"NeverEnding Story, The",8cfb8cd3b671d5aa5f8a730efa64687de14564c5a634361cbc141db2e700a66c
2162,"NeverEnding Story II: The Next Chapter, The",8cfb8cd3b671d5aa5f8a730efa64687de14564c5a634361cbc141db2e700a66c
2163,Attack of the Killer Tomatoes!,9055b0553beb62b987f00fea2d4e294c4ef65caf782e63d863d2a4930c07d9a6
2164,Surf Nazis Must Die,9102e4550f9f87ea1ae67183ee011ffe70c3c0ca2fbcf260251ffcc139681f2b
2165,Your Friends and Neighbors,800c6bf677e3d411a8dc214e47b05af1914be904aafd86bb7526934dca7a2df4
2166,Return to Paradise,835b315d198418e566784c37ec84e39163d9925f1e668f852b19a1ea1f6b763b
2167,Blade,899989b1b40337a74fcedacc5ae1d44c6f74e54c4e71560a5aab58b3d8891bb1
2169,Dead Man on Campus,fcf2e0c76288c3088afdeae7bda6e468675c39758ae30a5283b038e56469a3bc
2170,Wrongfully Accused,f6e8b05d995fcba0c4f2261b30175be8cc70a517b3c91bcc0c266e336e19b1dc
2171,Next Stop Wonderland,ccc4ec6e13b33b19724c84e66499c6e33a4693b83b366cf1c39b3939c6d93a41
2172,"Strike! (a.k.a. All I Wanna Do, The Hairy Bird)",e54c8a9b43378d3094af1ce931dd32cb1aeac2776c16cd9a4da83987c0fa9a6c
2174,Beetlejuice,c0f8039a1e0ff876c1f60fc1b2414e153b9d7a656fa46f2516713edcb98418f1
2175,Déjà Vu,93263ddf684da1c926781e35f9b12147cecfd21c20918e66710acb7d32b9cdd2
2176,Rope,afffad54f4a8d6ab933039f2c583cb1cec186d81c311ce30d4c6528f931826fc
2177,Family Plot,fb1d7d2651f964ed6e473309856292b9dae64930c798332e4e19b2c79c636c48
2178,Frenzy,ebef9d44b13ccb319cc76cfee0516383e594cc328e41d0d998449b67d107338d
2179,Topaz,e125a54a9f08479494f61af0694bb5c33ebbe11c6b9cd093e3529621da76da5a
2180,Torn Curtain,9b1a8d996ce77c766631c30a31292ca19c9668dec9cb978d2729c318787b6cb3
2181,Marnie,fbaa7082f0406a7bc8df86d59112f08a819d2a7687784fbee987a5e9ac159c55
2182,"Wrong Man, The",bbef1bbcd513e3662dd1bccbe07432cb97e48546d089cc5cd403699cd0033972
2183,"Man Who Knew Too Much, The",8eeba0e09e163e3e389369e1e1c2e3c9c70e840c9f3e94b098f1dadbf0454be6
2184,"Trouble with Harry, The",bbee1e8bda24e1ecce781e17a1e9c178fe9447a7a15a6e96e0a1685987d46028
2185,I Confess,8ffe9a65fd106db1e0014b3bf13166a39dd21a64f0349379934d6e8786dccc48
2186,Strangers on a Train,bfa0d26bc40b2d35ad5542c6dacb55abd1ae0f18cadf5ad892b41c9691c41ba6
2187,Stage Fright,bedb66fc5a0c0cec3c9a258ae679362798fd9a93e706231cf152cb50065b3c0b
2188,54,ddaaf25b675991ea0b367c1db4a61cb4ca5f92c744e5892c2fd16532c4e91a11
2190,Why Do Fools Fall In Love?,d474cba4c7a93c5f6f833eb2b05c0e81692df0478fa4d0e481bc9c4b7a4b2ea3
2193,Willow,979a9d6d3b6b6e960db585dbb3dc39690e3566b49907d0cba66083279193043c
2194,"Untouchables, The",bcdd91239adcf16b0d8c23b4fd5b167b8127d8399f362f863422bf80c38b9908
2195,Dirty Work,ff2eaa0ed6e52cf195041f06b253e0d4cdc49e4a9629f21d3b9e48e64d68e319
2196,Knock Off,a0d5f7ea962a9a8458b5cc482f6b71d0e4f6b407278d96919a4b4f68da3b181f
2201,"Paradine Case, The",8bae7cb8b436b445f9510236a2d9ebc903278d969f411663f6d0e2549f9199ba
2202,Lifeboat,cc9c196bd9b004029be9a41ccdcc3379a4467299d36ea690f32fa774e4131fe7
2203,Shadow of a Doubt,8663a599e19db054a592c9691acb4e767a667ba63ae85e7a5b201b6464cf23b1
2204,Saboteur,eeffa543c15516efe9047bae93847b0e9182d874b1c2487cb6c4684df6079295
2205,Mr. & Mrs. Smith,baf8e10fa14f4af485a0b70ac63c1eb89ad21ac4d31f7bd394393970d137c92c
2206,Suspicion,bffb3fc095f6e028f018689bcac69257e3321c4ce14ac3b830fd14bc9b994b62
2207,Jamaica Inn,fbebb604ad10c26170a71bba3e6c609b9307bc60c1bd2c4ff9d1877c9c01f3c1
2208,"Lady Vanishes, The",f458614f4bff1b011e01ceb22ffa945a1f07e92de522c3fc63d6f0e238c98650
2210,Sabotage,889dacc435c892aeca51b533cfa495eeeef3f913c74aaf38a51394bad2441306
2211,Secret Agent,b449340be8076a973b7019f8c07f13ff99f1cd00c70c03ff83f0c5434f838be7
2212,"Man Who Knew Too Much, The",c4c1c4c1c4ab3727372607236be1d9f03b7994790e3f2c0d39bc3994b13e782f
2226,"Ring, The",96f61e74de8a7b8bd919a1f981580719ff3b967bd063914a8d690e631c61d026
2227,"Lodger: A Story of the London Fog, The",d5aa6eaa3a1831dfe4439d7d0349f5c7f4100773fc62224cbef1a0171fdc5a20
2231,Rounders,c5b89cb8327fa36f0d847ac0387905fedab87a0c35c604bb6696df64748b09d1
2232,Cube,c01e87cb1ae153bce51a90be38416c3566983fc9f13e6daa9865984d6799d696
2236,Simon Birch,db52136e241fe84e70e7cd5193acd6907a463d2b29a57bcb693133351e0972ac
2239,Swept Away (Travolti da un insolito destino nell'azzurro mare d'Agosto),bebbae50c54cd2a7eb302c1b94ed92c0c9d04d2ea50b1ab1b9554deae46496d7
2240,My Bodyguard,f916bc77a72b46c9e2ddd2b2d390f134dda0cca68c16082b0dab9d21ed7102f9
2241,Class,bb5e2f1dce59f26cd303c5a618f611b38d929cecc181e035ba6cc7094d89b93c
2243,Broadcast News,c0220fffbdbef20ae31d8ffcfe48d0c0a9cdbf081f00bc0ecce4a3baa3804867
2244,"Allnighter, The",9db6431c6249ace05616c7a76bba1a9836e54cebe2ce67a1db1980768cf1f246
2245,Working Girl,9658492064a3325fdb58b4a324a7515c7152cea287bc714d6f6336d612beefa3
2247,Married to the Mob,b988ceff4c01f3d20d559801d7d7662871e33b8e167ced92d80bb2f543ca219c
2248,Say Anything...,e897b769962f6892b14ab6b6ec6915ad92d6494b49954ad2eca58d24956ab64c
2249,My Blue Heaven,eca691591313dea625c9b6f44368526dc84649dc3c9047b9b626ad6b65cebc95
2252,Hero,e1508b7b1ccbb4ac5a1bd356715867f365223405b5c43b9d8bfdd81a0ef8ce10
2253,Toys,be7ea9ab96f4e1895e0659b9496a7e1669e1979ca8da252506d8898374196976
2255,Young Doctors in Love,efb9b35dd11acca71ac45cca866dce71c4331a770698c522394e3d9b622533e1
2256,Parasite,d7d32e89f901a68b1b968e3c247e05b6265c913622fc9ce52a0b73134aabbdd9
2257,No Small Affair,afedc06a97e270ba97498d28ecb27686d0b8ce1166e71c66c35c0359e3c363d4
2259,Blame It on Rio,fb543f4986a1c39469d86dc93f1d3c9498da93586334e073c76bc61cc4f29833
2260,Wisdom,c6d98649271ade883e4dbb5d382ff52f304da8d695b635a4e1b62694f6164c06
2261,One Crazy Summer,e1420ba5d10662bd3c7a628e3fb81ebdb3f6c3c3951dc564da33d8c8cc2c6929
2262,About Last Night...,bbc0e4bf0f4860f49f3b6f0438f3f3080c7174f2f32f8d5864479b988d48d4b4
2263,"Seventh Sign, The",e0e363031f3cbef80cfdc90eb08937c8c364c03b3e47d76069afb19e36b2446a
2264,We're No Angels,8e6d7fd0f442883d8956f042183d27da9be81aad9e5ab782918798fee1a9816b
2265,Nothing But Trouble,84cc89b48333c70f5ddad8f9f2a4a4430db593ee73ccc662e67b95cca4581931
2266,"Butcher's Wife, The",95ae1433627d6cdc69431ec9ad8e3b323927cce5fc42931ab2bde08d903ca6d1
2267,Mortal Thoughts,c756e75038ad38ab8f52c75446e770abf1d058783c2db787cb0389d134f47429
2268,"Few Good Men, A",c4c6794f0b398e9664eeb96f41117611bb444fe4857dba014faa18deee0579e0
2269,Indecent Proposal,fbffb75d238ecc00c83e09fc6079ccfb18a177e347c1996b6106e516b31c1260
2271,Permanent Midnight,e671e1861e311e737fce79803c03846ee3bc5f99e07c607011e1a353c74ec3e3
2272,One True Thing,f0103ad29555c54d46aa7ea339d7b1db64fa4e248e25c98d6b8b36121e7a6aac
2273,Rush Hour,ffec222b3400b5713cf604f22e9da719d15ad4530ee23a8a313f597ec8c569e2
2275,Six-String Samurai,cab6996ab449c48d954964971b2ac2b2fcb41b7d2690f968927b15d374c5e5aa
2278,Ronin,f1b9c24fef68e5fa2e478824958559ef918196945ae2161312fb7e4a6498469f
2279,Urban Legend,d0b7e5892b4ad2560f489833c0f335cc349f43781e4a6c9763ec1b2f3c3b26f2
2280,Clay Pigeons,e912e9af34ddf21aab5187ba4e978e791ae09c48c5373102198b0edfcf327138
2281,Monument Ave.,9127792773008ec06ed827bc85ff85be04ff8b4f7a39d0a909f21276e016f02f
2282,Pecker,c9bd9942344fe638c4a6ecd73c1a93991b103a43d6cd15cd79996b4ca6a57f20
2283,"Sheltering Sky, The",b34cc4ebcd3299663c45c5994f99ccd918b3e76667673264a632c18e98c34e39
2286,"Fiendish Plot of Dr. Fu Manchu, The",eafb8d16f2080fb6464e3de1d1b0871a916f66692d94d0c90ddec8b39da16a1e
2287,Them!,9110ad0e458cd2bc9e9c9e1d23e996809d3d2cf4ea3c9b5b28cf2db3c92b0f5c
2288,"Thing, The",d5d0038b8c38c9f46bcb27532d38783de1b022d27b4fa96861e72db50f920f8f
2289,"Player, The",ae5f685669123fbfd06795ad85adc0e79db886c16246cb508728de0ec5d83c68
2290,Stardust Memories,91106469620499923e5b6e6d9ddb910e6a6d9739b5324ee61ddb95926aacf90d
2291,Edward Scissorhands,bf2d390fd09a2ed8466cc0789632c783c1c73e113e3bd06730fe781dda411ff0
2292,Overnight Delivery,ba5e44a9415e23d1c1a31b66dc052e7b267ec53c13f112d213e36b67ad37c0d6
2294,Antz,c5c8188f1ff86036b712c2333f6fb4406e063de0e03fb9dd199841ab2cc35cdf
2295,"Impostors, The",e19931919e6c9a6ec39b639bc66d6c6c6db40c6418e698ca1a9b86734e636ce6
2296,"Night at the Roxbury, A",81d85e2b4a2e925d35e350f93258b1623986e2b57caf6e5887dc7c2b79243336
2297,What Dreams May Come,a932dacdb74c2db652e98916a63bd8493912c33ac4ec95d8332d62f3d4589b1b
2298,Strangeland,929518dbe642c72d3924cb453666ad4240db3ef6c15b3694c9f7f2003febc417
2300,"Producers, The",9455a1de2bc09e31453f6d56d80039cd6b5ce39c43fdcc107e0b63cb23e7123e
2301,History of the World: Part I,8afe3c22e7034785ba89c8f8b815c147e5c4a5d0edd0267ff24b3a8df904cb33
2302,My Cousin Vinny,c671ab94d90c64e1af17914e4f32784b31e9c531de6f5299af8e8646d6b15894
2303,Nashville,cc46b01333391cec1b33db906ec6ce2d3cdc59336332214e304e74decd3d34f3
2304,Love Is the Devil,efff0cf11982e21990451f7ae185e1c6967cbe73d04571ee9511fa11c441a5b6
2306,Holy Man,a916f7c1f4780a16c30777979ce9887af74f988981369363b21eccb58d68285e
2307,One Tough Cop,9d209de7635962187cbe85222fe7fa0872681707dddbbd5fc0d02fe0d82c702c
2310,"Mighty, The",89b49e6a7649e5b4e99e524390c3309f4e3d87f47388c651a8e6317d0e989e7a
2311,2010: The Year We Make Contact,852de29c58723d2b4695c74ea3edf0d3b8f19c2c4e16038b01e564fee438f633
2312,Children of a Lesser God,dfb3a314e004cef38bb373a42ce0c65ba20d99b6cc76e649358a59b24b3073ce
2313,"Elephant Man, The",c349c36ac924e9366c922c903cdd3ec1b6cc36e683e6e12c639a731bb43b36d3
2314,Beloved,c34bc6b564f6316b1aab9f962fc031a938909c5e6f25a12b1ad194fb292e13b5
2315,Bride of Chucky (Child's Play 4),e041e240482758ab7dbed7f897780af448f94cd33fc2940bb61d3a7d904b2dd6
2316,Practical Magic,c2aa067a17a676412e4fd98cb25960b339b39bd379a005924c9fae4dca9e65dc
2318,Happiness,c3a51c5a03a5d89ea7787aa52cda77a42ad26dec333069ddb462d135cc4e9532
2320,Apt Pupil,a94a55adf4152b56542a54a956aee952cad225ab42bdfc95075afd0b02f5fd08
2321,Pleasantville,ab2d94120afac96de49263e9f2407e2649b9b09288ed6c65d4327f39f70d1f8c
2322,Soldier,c5937019312b9d2fe30bc49279fee11708c5b7ac1ef03fd462057a803fe42fe4
2323,"Cruise, The",9081ca7c75fa9887870eb6f39159e64e18b1794c66b349f9b24e0f399217056f
2324,Life Is Beautiful (La Vita è bella),eaac01e10786baeada73f99e446d871b833c393398c758cc86d32b75852e0e3b
2325,Orgazmo,86b3f0d0bb4d5a2aedcc4cdcd613a941bc361baefa7a2c43c0941047eaf8e336
2327,Tales from the Darkside: The Movie,b0504aac3fafb553c0c83d2c2375ee87152fd2d4ece2456832918dbe6c4eb3a5
2328,Vampires,8efbd4a2a914594ae35be58c965df6989144692c95121ef75f63093759aaa951
2329,American History X,b6956292356c2e9cb5279d652558956ba535944885374abba5ec67ad5ae0d895
2330,Hands on a Hard Body,ab3bf06019b66e41d6e38793db1821d76c596c66295f733213adb01d3d913466
2331,Living Out Loud,9921cc61e66d339c649b319b338e33ce669ee1924e33c664664c66c66593799b
2332,Belly,be0d267962e143a6c1f2db8e8d5c58cd1ce3a87258a68f32e1991f99c1d9518f
2333,Gods and Monsters,89f2568d54dca9726e01b5727a2d68d4895656a9ae94636c072a9ebd7e450bba
2334,"Siege, The",b65c1469bb467b14947dff83142b57ace9e0e1e06fe484784fe42c5c8a95078d
2335,"Waterboy, The",b4f2d9694f0d24b6e31873c7086639b07cd28e63263cc72ccb83b19bd8da2e56
2336,Elizabeth,944d4dcd633ab12347e146deb800c96bc6f79e86385e616c67a446963c7b97b0
2337,Velvet Goldmine,d694b3f7094ada149ca5e08968be60de79fc97e834c097014967361e9bedcc29
2338,I Still Know What You Did Last Summer,e414778d46628a721beb9de2bde477d4f4b8072122037807c90f3adb4bb807be
2339,I'll Be Home For Christmas,fd389f3de07995801f4ef04117a7e3c28f2b182571c3073fe6415c5a2c3d59b8
2340,Meet Joe Black,9e36ce6c661c2531296930e538e7acca2cdbd88599ce95ca79c469adb59a4996
2342,Hard Core Logo,815e7ca91ea583567ae17ad66d47852a670dd299909ec2e694fa6be7c1e01c19
2344,Runaway Train,94007c0050662d4b0aff179537ffd0aa6ef7b624cc184cebb54582f76c4ab1dd
2346,"Stepford Wives, The",ed75afa94227d511e09897ce34d8c632b785e1041b36f0e9646f4b095a6387db
2347,"Pope of Greenwich Village, The",c46bc6ee3ff43a016993c13f3100d0ecc1cfb743962c7c26e4e0cd2f2d97c1f0
2348,Sid and Nancy,c2fce0fc1f831f0738196b433c6dd0f04dc726d6c63a673c90d995a7918790d9
2349,Mona Lisa,eec5912b3f986c75cc6fd13fc4dc9966919b941ab40ec52b686c952b1913c1b2
2350,Heart Condition,fd18a3cb9f2e386ac6926279c9d262198772eb7f95600e2767cc691d19d89832
2351,"Nights of Cabiria (Notti di Cabiria, Le)",c2e196c197b1c08c06061332588e87febb37b27d39dccc71ff019862b9b9c667
2352,"Big Chill, The",bf6f16fbd2d86884bf0193c168dced449633ac32ac1c2d9ba76b983a919a2343
2353,Enemy of the State,e57c25c15035f77ba46c9aa937785a294a5e1b56e542c40c3dda60b463671df2
2354,"Rugrats Movie, The",c11d36f00f87c106feb88e757073cb0f877c70e9c3e2253663177c8b8d5e3228
2355,"Bug's Life, A",d25984acb19a8a196b863c46ca696d6630e6c6e98796de9e3c79db267806b6e1
2356,Celebrity,851e94347be16e443e34398b6ce4c0b4b1dbde364ac5e5e8932792d26ada4b65
2357,Central Station (Central do Brasil),d8feaf7913b4da03c807e581c6c8926e3e6442f8f04ccc0719b3fb511b4e3763
2358,Savior,c8f4a8342118cd4a3c4f64c56cbd25313d49d86dd36132739336f36c337ec7d2
2359,Waking Ned Devine (a.k.a. Waking Ned),f74bc4ea98913b35cab4181f85cbc9eaf67061b10b353e1d598be70a6ef110e0
2360,"Celebration, The (Festen)",eb5bc63d90ec6b1cc6973e4a91e8c791ca5631b6ef12b4418b50f894f61691e2
2361,Pink Flamingos,e19e9946186594eda69e6ad2725a2a9a59a4fda98f195ab6f6c466814879f149
2362,Glen or Glenda,eda493b29dcc49dd95aa766496b5995ad14ce24cc232f12be549e84d4b2671b2
2363,Godzilla (Gojira),8efb127818b7d38633de275eee7087fb665bcc4089cd688ecc07a534f1346301
2364,"Godzilla 1985: The Legend Is Reborn (Gojira) (Godzilla) (Return of Godzilla, The)",d7edf4006c3015f297a4092f607fc0cb718b5f937687270d3b419267260fec3d
2365,King Kong vs. Godzilla (Kingukongu tai Gojira),a3bfc099c17585a78e783a5a948328c6b34b56bcab0569685eb92d1bcc6336d5
2366,King Kong,a9234e5d6f3e740cf93886d318d0ce67611e1c9cd3912176cfb5f0f8062fbc12
2367,King Kong,eebbe1519b6b88afa49c37bac9336990b34c33cd8613e42ac9c429d4d1eb4a45
2368,King Kong Lives,bfeab16bc1590e4c9604deb4bcf50cfcc9007b82b4535a3bf194b1c694436a2f
2369,Desperately Seeking Susan,a9ef65ecc69f1b5b84b19ed25a6acd6716b61b6bd1253237e06899a4681cc109
2370,"Emerald Forest, The",95979d8f6b656af98ed229d7701bf6692f4b80610ca68d94599ea70581251dae
2371,Fletch,d2b2e4e52d4f1b188d2488eb96e12c34795362cf73946f2d79cb9432c6b719b0
2372,Fletch Lives,cdbc4108b2f336f30c470ce6e6ccc799d3a5d14828f68cdaef2cf92c14031ef3
2373,Red Sonja,c42fcc2f3f90b1b070f17b483ed2cf16cd8a719a993c6c25e66ba6c961c09e29
2374,Gung Ho,bbfe5aedc1676c1c9083a5d2c419b572e452c389c9381af8379ee15f0bf44a06
2375,"Money Pit, The",eaef63be951b9ce1b6d61e7ac541613f89402dd4b1154ad3d24c968dccb2b034
2376,"View to a Kill, A",b8adc2eae15a9bd50e6f702a9a548d6af331a30bd2c3d87a8e8dc9519825fcc4
2377,Lifeforce,abfabad16b934f339451904279461e54ce9d438fa78734a294ae318ee93c113f
2378,Police Academy,eeae916b84552fbe91ebd8c5c103903d7d50d1422aad472296b22bde4d722abd
2379,Police Academy 2: Their First Assignment,ea9a947395946e83183e2bd5f603d43a8bc5921bf4f8f944a587b4ecc029f2c5
2380,Police Academy 3: Back in Training,afb7863bd10871fce3544a6f1cfb3d96cc10e104c365378ad852ba71f12c7524
2381,Police Academy 4: Citizens on Patrol,aedf14b481c36fcaf8f574939f5032dec868930d6487d858b121c03dcac6ed69
2382,Police Academy 5: Assignment: Miami Beach,ea3c703b87d9b517caed9ead62f6c54af41825f2ce5af138069df80070809bc6
2383,Police Academy 6: City Under Siege,f0f9f2c3b58d453c8e364b1cbc53b471959abc690c37b1c5d3c040aba6e76912
2384,Babe: Pig in the City,b073af0cbf2c415bceb232c4c2de6ab315ad6aded28d11694b96c4a998fa26a4
2385,Home Fries,bc79e11acec1c68c3a3271f3639cec494eec6722263cb9b11da31e889e5c9e07
2387,Very Bad Things,bd1be44bea6b0d85f44c1af3e5964850f3f0deb406177dccc670b388c644c077
2388,Steam: The Turkish Bath (Hamam),f91785ea0439eb138dee38afae5119362dcd38259e33c44a79ae9447143bc536
2389,Psycho,abbbcd3394cc6cceb1113339e44966cce44472ded5137399954c6e4cc44c6dcc
2390,Little Voice,a4b6eb5d3b5896a0c6cae946a8748ec18f8ab428c2c7e3d3af39aa2d80e6f38a
2391,"Simple Plan, A",be2b766d8450cbd2c9c19184f92f3b2b9e3e955a24f3e4640470cc72dbc131d7
2392,Jack Frost,9a3d4e9d3c6471b361cf2c43b23086ad479d3834995198cac67379d699cd4c6d
2393,Star Trek: Insurrection,c1fe0f839c2f71be23c8c707643e98f0e983070f3a3cf9620e4eb99c3ed88649
2394,"Prince of Egypt, The",9b4b72bc4cb1ad43725e93c9eeb4cb3225c33c8dd34ea3347a39c4638494989e
2395,Rushmore,b3f74eb94d8b30e6c719b4969071c713b8c4c3696f9638f85b8c6cb23261c98c
2396,Shakespeare in Love,99f3bbd82f3c3c363e9d73496672c4cc64accf070e8a35c9336132a6d1394833
2398,Miracle on 34th Street,bfee742af480a7b48a74995ccb51cd04ad1503dba7dc069f862dd8639f82e982
2399,Santa Claus: The Movie,eaaf4baab540f041a4dd9d7e0f25ad35ec32e899d245b064b304d2b08ef799c6
2400,Prancer,c1c343fa634169c763bbc1c763ece2491d6691b3f04c6e2c9c519e7039b33e4c
2401,Pale Rider,eeeb66bb9cb594b495143b4fc95d1aa5c0959da58549e75034906a995a2ee589
2402,Rambo: First Blood Part II,c1817c520bfd83fc3e129c296e1ecc6f31e76382c3a83a51c07bc43e3e5699ec
2403,First Blood (Rambo: First Blood),eeeb65511bbe828ee4e2a54986544cf3d154399de901803e3eaed6a8ed3461e3
2404,Rambo III,80e55e617d39b19618c749b9e318972d1a66e0e265c34e1ccf3c67c6d0ee3ad8
2405,"Jewel of the Nile, The",95584ab73e10f04fe3789c916bcf9c3c3193c6c43673c91e1da9e4e1858e3339
2406,Romancing the Stone,910d8fa68ec05b82a4dbe1046961a7f92a55193e8e91e2888ea7df9f63ecc6f1
2407,Cocoon,aaaeff7f722253a28d5da57ff6205880c9d98635a647d898d080227fad4d9c92
2408,Cocoon: The Return,9990d99126652664d1d2d99b199b4e6ae66a65eb31c9336f90269d9e0c9ce69e
2409,Rocky II,b8f3d67fb7842101d4604d7ecb38d43184db5e96dd313e64048f6484c3337f8e
2410,Rocky III,fbe6094eb698749d0a36e107a6494759e0b37aa6c0a65ae6c50b1fc7893c39e6
2411,Rocky IV,b0f3f5423ffd3050d32d072eb235ba0fc937cfb3c5044873c4160cf18ad81eb9
2412,Rocky V,bfff242b627a4540bd726bfbfbd60835ce5534a2810d2ed6c4a02ef7a10b1a03
2413,Clue,c40e2f152f7631f32768d6485d83709b70bd6ac670edf133595817320b61b3cb
2414,Young Sherlock Holmes,afbff4449a6c1b7bd1e1c5fcc40619a1c3191e0fccd0789a99744eceb04d3871
2415,Violets Are Blue...,971d0755b4c739ba49a81ce34a336a9034c6d6c85b48a36733753dd9b9562f54
2416,Back to School,bf13d63878dc63620dcd44cf901a48f1376148d0a9c77bcf40637d08a6bed9f1
2417,Heartburn,efaa5bea1ad59235cc29e460ee54865485a6e5a9347ab352b1929dc0bd69b364
2418,Nothing in Common,beccbf61601f8ed9664033c6f91340bbcad6c7c032897836dcf282d9c7cb6aa0
2419,Extremities,9a5aae0a6505f92dba109732e33f24a438fcb4f066acd07dd6587692f8f21a3a
2420,"Karate Kid, The",c6665a265993726463660f4b69baa19326b0f4441bb34fb3b2451e7ace4a23f7
2421,"Karate Kid, Part II, The",813715635e9c1a665301e881e1be347f86293e4519dc43fa73a3e0af987f257c
2422,"Karate Kid, Part III, The",9f6bc49071e432712c9333269a1a4ebc61e772f6c34e4c7b9d343a9a86cbc325
2423,Christmas Vacation (National Lampoon's Christmas Vacation),8b2954d67b6d6591597aa50d52b46a52354d66fae54ab8b5f0d1e7021e5619e8
2424,You've Got Mail,8ac794c7d4daab6baecb47ab4b2e3b04bd84c8da4954c95ceaa9c442631f7229
2425,"General, The",a0b5a0bbc56bd76a8ebe8abc8a34ca41ca43d2c7d055f941f9608a618a2f1b7f
2427,"Thin Red Line, The",b34d8b664cb2f09973e5176c8c1a68b133d1911f7b346ef9846f38643993831b
2428,"Faculty, The",b852b55047a65ac3b873a532e7049bc058f26c3c2d0d33cf4afd2cbc372c536d
2429,Mighty Joe Young,931b4ca647d92965f135e14b6c96931a2f46f83160cf1d038bc6ce727c3a7475
2430,Mighty Joe Young,ed6b5faac11581650deba6cd8eeb1936b696b58bba30b00e39be93e09612da04
2431,Patch Adams,be1ed1e38c79363191836c5e73e46d8ece43b136c1891a54e534e3cec69621e9
2432,Stepmom,9219f28891240d356b9eb9cfc46bc668a3cc6f929e113c8f6d87873678f238f4
2433,"Civil Action, A",9001894e653176a7e31636b556dff0d218ebd33158ced9613cece5106b6b8f34
2435,Hurlyburly,bfbdf41ac0420be563bde4133eb517acc14a6077a4b5db881be2b01e609a2f3c
2436,Tea with Mussolini,9a0ce1a358de06a13968cf5fb0a24ff843250c2a5bbc60c13e1edd73fb981ced
2439,Affliction,dd68196ae1e7dc301eb07a9762a7dac06249635f225cbd59f44b419a2d669ca6
2442,Hilary and Jackie,8650a74a32ec59647b17eb97c4920c99495efc294d6e72e6b8d1b2da271f8619
2443,Playing by Heart,a659e711cd914fa18b652f7634b6702df26ac24a69d20799afc2dad25e92d0a9
2445,At First Sight,e961961e1647697964b591e59e7a6618638739f29862ce6287dcd3a788761c74
2446,In Dreams,cd97cdbb8c18ce3a463c2718c38d83988d9cd8d6dc660ce7c64fe6c1e0c938d9
2447,Varsity Blues,aeed8444b55a7abbd33b1bfb9d5e6d86e50484558455c47ab5209bc0d344c15d
2448,Virus,9c1766c13e1cb9974e711336a1fe68f0f63f7c8f034a9e67a18148f0118c8777
2450,Howard the Duck,8237601f699e97e036c11d92296b25ad97949a6e831af4b879a96a836e67666b
2451,"Gate, The",cdb03f36358cc0993c3b994c9b669873d372236635c5cd310d9c644d6e59b27c
2453,"Boy Who Could Fly, The",8b1b24934cce8dada5b16b5b4b994b1949339523733b333bd8371b3393334a52
2454,"Fly, The",e7ee8ee51991a362344ea4c8c7305f98c99dab97b9e094c19063545bead9c179
2455,"Fly, The",998f70ef66e79a0e69106f9166316a706586c319916995e6cc6e90cf398f4e35
2456,"Fly II, The",ca7b74ca3372cf332ccc378c2b8427b52f8d68cca4e4d232c073c4fb885a9b33
2457,Running Scared,ec5b349392929e798c69dfe7e1c463cccb0cce782c7161b69392b4c36c499919
2458,Armed and Dangerous,a8c8c7bf073318d47cceb225d330691bfcce81a45673897a9197740eadc5e079
2459,"Texas Chainsaw Massacre, The",eabc39d17750ca9c954ec1e2ce13716328e4d69ccb27257513d39f0a698cb4ca
2460,"Texas Chainsaw Massacre 2, The",fbfaf1509013423fcf320ff28cc16c8fe4cc966c3e603a66d3401fd2b613319d
2462,Texas Chainsaw Massacre: The Next Generation (a.k.a. The Return of the Texas Chainsaw Massacre),c58541b2f0cb30ec9a64a6394698e398b3c758e7ccf31e392b9cb60e0e36f4c7
2463,Ruthless People,bfdd8b934820f0381e77b6cc03bb2b46f528c68162cd1476fa3a2da5be5a922c
2465,Deadly Friend,911280bf4efcc640f443b3b03b9cf82bd86b5a9c1eb4d64347c35754f15960eb
2467,"Name of the Rose, The (Name der Rose, Der)",91d3b4332c2e638c73f9c84f6a079a7095b635873ce8463cd8e969e2d31c1b17
2468,Jumpin' Jack Flash,b6c8b34c53368f334c33b0cf13cccd0c6cbdb0d33353cd3e903532c2cb0fc43d
2469,Peggy Sue Got Married,ab4734fdb8a04b5d409277393fe452dada724907e2894c7e4f0f2352be3448e6
2470,Crocodile Dundee,c15aba9d0d624cb5598957f2b22da709bd720d76580b45d292bca34dd206ddf6
2471,Crocodile Dundee II,e5a6e3345a6bd8c76669da3159d6898628e9ded90c9acc655b8ec9892ce4dcc0
2472,Tough Guys,e470f8f91bcf8f6ef83c12932d0ae3c45270cc79bac63086c7637af19934c119
2473,Soul Man,fbbe4ebbce2b934c299124b3b446e8d4c9913b49866ebd34b19896c9d21487d4
2474,"Color of Money, The",8c518d367b3ee2c96686583e278925cd91733728b60c52c7bccdad774b104bdc
2475,52 Pick-Up,9513994f79ce7cb56e57265792b47229a45ba1c4697494ea56aa4e2d89c85b94
2476,Heartbreak Ridge,bd79b083c2864e5a6c1db12931f21a7aca0de586a9564b3c37ae9a8e9c5f64b4
2477,Firewalker,ba78fbeac045199ba59793c6596ca6593a798d3646cbc0cc499694fd8d6506c2
2478,¡Three Amigos!,f8d4cf69f732807e0ccf23b562089e82d07687b96b817457d71e2764c9a1985b
2481,My Name Is Joe,944c99734a766cae63b13e9034ceb7492790c9ccd0397376ca4eccbb0da16e93
2482,Still Crazy,a8ba9761b37f1980f474aa08d97d8605c28a2ab229f87d2f7755f19785c2847d
2483,"Day of the Beast, The (Día de la Bestia, El)",d612fffbc9aec0132fdbc9260db12504e40a09b9600c4e69ff34f7603fe983d8
2485,She's All That,83bbd731918e38542e238f671a44b479a541a55bfc1fe5aac5aae5a4c3e0da19
2488,Peeping Tom,a32455da080b92e5fc5afe330aadb5005be8a5cde05b7d002ee9c17734befb05
2490,Payback,94402f56eba17a2245aac54a6e52d2b53a6f15fa299b3d3b6dc758da94d63412
2491,Simply Irresistible,fe06360315a1810de5eb5e6ada3b49e1ac2dc25f5ac6b91a0d46b97a465cbb4c
2492,20 Dates,bf91c46ee3f83c07433f97c09c7fe38018e78e78038f19f1e010ccce1f8131bd
2493,"Harmonists, The",8ce68001b31cb33e4cf3cef25b8471c8bc3e320d279f441fc0e94336dbf4dd31
2494,"Last Days, The",d053dcd1ae2b8f0e0b0c15097bf45cf214f38b4d2f0eb7ae6bad699294911f41
2495,"Fantastic Planet, The (Planète sauvage, La)",b6d140bceaaa365ffd874b221a4d2c858b735c244a3e32d9c56f63b8b08fc368
2496,Blast from the Past,c144bf7c16a51687ef98c8583c30fc6384e7678261c793ad7a2a7b5e6f30c0b4
2497,Message in a Bottle,d017bcf860fc1f00618f307a90cba7a54f20f782b0b513e94e7ecc7c7083bb8f
2498,My Favorite Martian,811555db1eaa1e45ee81312a617669d8e888b47796a397bc6ee0e9914dd5da87
2500,Jawbreaker,9e685270d13e7a418f332d8dbdd95c58d22c4aec2c6791f23d88c76bc3b34855
2501,October Sky,86e496ed75912933a973684a59ed91ad95934e5b9a46927c4670cf5a8b4ec1cc
2502,Office Space,e693e6729b6ece19cc9219e6b2491baf649233999a6da4c84f3e94663269c472
2503,"Apple, The (Sib)",fc9b827455ea0b8399fce7a26b993d4ec4e64f91250ed22993564990bda474d1
2504,200 Cigarettes,fafa4aeae880e484956d1f7d8170885324df368d5f84e1b22afa6d52d70f4b05
2505,8MM,905d9f0fc3b27582e4cc4cc97a3c68a074b2b2f1653963576ae5ceae17d68584
2506,"Other Sister, The",e66ac8f690712d99cba6d2e83d9d2379d85bde26a14c305f9e945bc9984ae604
2511,"Long Goodbye, The",faea1cdcb595678be446c8b5d0b9e6238f3983dd13933b33c8645a10c312c74e
2512,"Ballad of Narayama, The (Narayama bushiko)",b3188ce789197633a5c64e989a66dab8a1fb9f22d66c91f1fb83863db8c91421
2513,Pet Sematary,d9cf970a47992be47bde10a650701c1ab2673dc51b770ed561df4c0ec7d88708
2514,Pet Sematary II,de6590e94216e9dcf80d16e27aab23c60b6c5f962f8d19663c74b41ac7f4d601
2515,Children of the Corn II: The Final Sacrifice,8e51885628d425049310837aafa16da33dacd72d762d59af4da7cdd5786d7345
2516,Children of the Corn III,9c96b36e626bce4b9db49cf826d2e4143969b3994cac99e43318c4979b1b166a
2517,Christine,ff6412541114a121224b5a7d7ced578679e828bf0a9fba6d71fc5dd2e60435a1
2518,Night Shift,9b394f207cc6f09f87d827c773d924d6c7229919cb2dcb3030996fa7711c805b
2520,Airport,eeeac7408c5f34ffb9151fa3c720c801d8173abdd1adc9b0d16416daa45826fa
2521,Airport 1975,afef2fff9651d692c9823b24336dcf69cc9b7892b00016aacc4585d972bad006
2522,Airport '77,c00e01afb5406e1ecb95d2d11eca3eb47418859d8de7c90af15712ff2e722fc5
2523,Rollercoaster,c25017b33e4de82c31fbd0c46687b79dfa0c4b781b06aca567b31644ca7acb33
2524,"Towering Inferno, The",9d014cfe72d6bd212177e212ed011bef621afa1cdc49c64a1b31385d36ce7cb2
2525,Alligator,956a3ef46a95d07f7ad08da2944e7a5521a8e40b3e95916d69c3678d95bec250
2526,Meteor,83513816467599df27b0302d3ad73e3a47eb1fad6ea73a0c8b3270d1970ce1aa
2527,Westworld,af05115670f8ee8a2326af40741f3eeb6b227aab9ec18d0fac07612afbcdbc40
2528,Logan's Run,eaeac260c4042f5981d77097b60795a389fba5553f91945169e79c586c1e79b3
2529,Planet of the Apes,b20efa0c664dc4ecc0f339e13bb0816266844b910d9bdb974a8f43f735a3be1d
2530,Beneath the Planet of the Apes,b500db23a2fd49e043ca4dfe7e4dc416d0e007db2fb57d039c0e96fd4ec54590
2531,Battle for the Planet of the Apes,b41df2383638c49dc7b30fc21ba6ed177c929e3c423bc9bb841d34094d5599da
2532,Conquest of the Planet of the Apes,b449524b15e38da087846f243a2de814088f4adb19fa4b7380f6377fbe98b76d
2533,Escape from the Planet of the Apes,b407f82c6e5c85d8492f33f359b7d8a366c02e00175dd983c98ff6456a8e943e
2534,Avalanche,8a1fd5630ed4162e6dc33e55f4bc13731c3cc2a732700d33e5d231e1f63b18c3
2535,Earthquake,c5021277c94227811bb72ce74360b797ac47c4d3e7a43b1ed4c9f66ccd5a5f20
2537,Beyond the Poseidon Adventure,d05b601d4ba44f80357c92683e1d950b3f80d816e87a7a7fb44b3fa19d0f1fe1
2538,Dancemaker,84375401eb5cc3f67e833d58a8347a83974b663ed4920ccbbbc5c8d5abf27c10
2539,Analyze This,c4398f0bd906cbb5685bd4e9c46d265ac6905995a51b8d4b5badd39a2e56c2a5
2540,"Corruptor, The",c58431b64a5b7e7938e5c3c63496c79c3c28d2e12ef76a5edb188c383129a74e
2541,Cruel Intentions,e7ff2d2f0fc1dad0f10250abce8c8f54c181649cac35f623b41a83d9e5cf6486
2542,"Lock, Stock & Two Smoking Barrels",efea5bfa9019c4dfa0591a148b06f8a1ce35ef45a1c3ec728376b152857e906c
2544,"School of Flesh, The (École de la chair, L')",9d0130fd4bb66f8c20769a5b59ba97c898772a3562e37a2831c6b5313cd9c467
2546,"Deep End of the Ocean, The",88d2bfd4e6296579b4041e8f9ad2ef92011bbb69c476f496386ec52c979a3a50
2548,"Rage: Carrie 2, The",e9e0e95a43fad6e0760564b361879e69c5ea39c48715d2861e474993d99cc739
2549,Wing Commander,906550ef2f2c2f0278d094f960e72c5d727aa1c09f3b96368d8fd6dd0b746b11
2550,"Haunting, The",c5b2bfa7bb3dc5fa4fcb737f7219f981a476d4207128cc426889a498a4326383
2551,Dead Ringers,88187911451387153668997a7a9e696647ee76fe8d781fe87b88a9971585f468
2552,My Boyfriend's Back,c0c7c3f87b00adcfa707033ef0f9a8cf3be5934b5cb8e806823c8e6331fbf080
2553,Village of the Damned,e0019dee79e0d1310d4443dd3cd0dc779410dc7f3d044bec5e0b9e8b25b74fa6
2554,Children of the Damned,eabbebb5c101dc669412101f9065956cb0c497abd56287d9c6921f7b8c597eb2
2555,Baby Geniuses,ad42f0f4c28f0d3094a8d2dc9f0fcf2d0ed03cc3f1adc3f0e4bbcc96348d3169
2557,I Stand Alone (Seul contre tous),bce9ac7e12139619cca441e6cbba4b38e9c04ec69339b33b0c6ed8fae3107366
2558,Forces of Nature,963f73aab3ce61474f71e518859e0db62c82713362148a6cd4ee31d1bd07d32e
2559,"King and I, The",8651c5561f663b3979ab24e26ee84edc3b041931f33173aace85c59479559663
2560,Ravenous,81c6cfc9621929e669e4761b5e6581e67b922619966dd192cbc8226d6793d9e6
2561,True Crime,a60ab787587558346f2dc3cf72c2ac1cbc7b34cb4ad04b7c358650b1ca39ad56
2563,Dangerous Beauty,92335a726fabbc66793473286d97349564b264dc2ce4a39956f7424e2720b4cb
2565,"King and I, The",aa3dfa37954f9bf0c2e8a14fbd70068bc9a66b538451c538b01d5e6fad243648
2566,Doug's 1st Movie,896789662da626dba7193519654d364d971c153971a39da6dca6cca13ca9c6a7
2567,EDtv,bbc13988b988a9070a75361ffc1b983334f60ffcdd98368cce1dc09c68fec80e
2568,"Mod Squad, The",def9b715e2147a4a95b444e9d6c97319a31ac47608e65cc30e569a9ad339a363
2570,"Walk on the Moon, A",9be664001e9fc62479907ef2ccc933b2cc6638d97e728d94f1c3b6df0c241732
2571,"Matrix, The",f0a6b2aadb6a5d5549d30d8c249c0fda3b41d8ed50ee91a77a86cf056c95a319
2572,10 Things I Hate About You,ebaab59d90466aee9599c632c2672f9b5f020c6cc8339ca6977460b3a9b9c21d
2573,Tango,c972b8c371c349b634c9e399198db36ee1999b64f4c62c99d366748a9b11d127
2574,"Out-of-Towners, The",deeec2aa0752de2c6875b57062e595e06429e37518db4c1c9b16c48bcf14dac7
2575,"Dreamlife of Angels, The (Vie rêvée des anges, La)",86a995843b76687340cec7c92fd6643eb02111aa4bffd9974c3c6e68e64430f7
2577,Metroland,d4fbee52cb4cc9ae6b86d986d1611951917914391d02953e97f41f7681ce0a6d
2579,Following,9ebe3ca8e1d1c2c6f42525b1b51dc2fac903496fb541e357b11415de8cd26ac3
2580,Go,942584731b5e9b8c688e78b054b9cf7a9e938f41d14474b7236d26ccbd90766b
2581,Never Been Kissed,cddec8903723c2542a4fb36a89b412fdf420e51bb58bc525b33532b685ae7d52
2582,Twin Dragons (Shuang long hui),b34e4cf3cd1973ac8ccd3e4c8ce7631bd076a7a4629d1a114a1bc0c6a5afd8e4
2583,Cookie's Fortune,baa5c5429c3e17c672d66539c1b2dc3e0fc732997a1e4f492c789d86c1b0e42d
2585,"Lovers of the Arctic Circle, The (Los Amantes del Círculo Polar)",925f43beef0b816c1e923e18cc246879b8f390e448f92dc16ae66a93a4dd7f06
2586,Goodbye Lover,9c73cce5ad219b186484e49ad3de61ce3d0c3307a66466a9b279c77847a39736
2587,Life,bae6c7136218ba4eed0744f994dc93d2d2e342a9cc8d31f4bd74bc0392ca670b
2589,Friends & Lovers,e9e13c3cff61c1492038c7d5165a3f8795e01c273024c0e3169fcaf09dbf3eb4
2590,Hideous Kinky,b953e21d86ad75d22a94cb591e53ba5649ae8d694d1bb0d64ca5b1e33a09732a
2593,"Monster, The (Mostro, Il)",9baae110a4771ceff3829a11a55d65a65ac86e8c0935f0dba6c39376f213dc46
2594,Open Your Eyes (Abre los ojos),ffffb008a76289fe39029a02c2f9d0ddc6c4c7313b133f57c84da57185892587
2596,SLC Punk!,ba383f1ec7e6c070c21c6c0779c399dc8c784edb9d8c95e3d921f01e62c668dc
2597,Lost & Found,a4c36998cb0b932e9b34c665c49934c9c985e5b39a329659cf2c6e46367369cf
2598,Pushing Tin,a55115ee6a94c8aa3d69b35d649664b0b74a6965e1283a9746f7b06c1d3983dd
2599,Election,ee4e5b6390f9e5b81b04ce13f4db394c95a493b56425ce5aca4eb0606cb5e781
2600,eXistenZ,923cb0e7ede78f187ba0ba4eccde7c903c2138671a7d30df32079a160dc58f81
2605,Entrapment,88d4c09657230d537929d2ad666c76ac7b1d2b643d46bc1b9691f2a9ce7e4d12
2606,Idle Hands,b2e6b9cf4d19f6223a80395c2df72b912ce2bce6d04f532cdf804b7801b38d87
2607,Get Real,e49a55d27666827c2f49b94b1d97b8eb983b2c7cd1e90ad0168ccc2b8667173c
2609,"King of Masks, The (Bian Lian)",ef99bff1dc801c020aa0be00c2678677977787fdf310e3196b50829c33ff838c
2611,"Winslow Boy, The",b047b87d4f904f883e3792ff41c84fc0ae05b2357938f4cae0835a0f98fe39b8
2612,Mildred Pierce,f45a0d11e1e27c1c0ba373c4be3977c39558643b4ede48f29cd65aa21fa233a4
2613,Night of the Comet,e0152bfdc740d0258ca987825afdc1443affed021fc12ab8d03e2fe99d4478bf
2614,Chopping Mall (a.k.a. Killbots),c50dc9d1e15687164ec1de2168e4c93069b566576edb66ca0ba40f9e1f3c9c79
2615,My Science Project,87bf3e3dee1c1e154e40e5c83918de42c642819bd1c6364774e171a3396fc0ef
2616,Dick Tracy,8abbf16dce13ccce30ec93e7e32c949acf34cd339c4bc3c6685a342cad893806
2617,"Mummy, The",91ec441f24d3bf606b2d40c3778a2f8f4a6033f3e8fe9e2987384df6900fa705
2618,"Castle, The",b2351be199c9137ff667b1c9994c304fa64be659704eb443c45c6cd034e586cd
2620,This Is My Father,8555644b7aae8bfb60ccbf37be466310ad73528e61a25ef52e14a106505baf23
2622,William Shakespeare's A Midsummer Night's Dream,c45159ec331e373378c1971b4eea86de333280d119afc9c596c89f754c347876
2623,Trippin',dec8232d29165d2b12f1c6c1cf85fd5e207e21f36b406ec6d08f9139e7162ad3
2624,After Life (Wandafuru raifu),abf4e91f954a9c4a954b53a5e50f6ea0d21d2fe4905a23f5951e945bc50e438b
2628,Star Wars: Episode I - The Phantom Menace,c0fc60783ef98e49da6038d2e1b60ca53b8791b66d9e868d3b06c3eece5a9619
2629,"Love Letter, The",f6c7813c896d1dc56e106638954afb37ccf40e78b389248d466b9c526b16f45d
2630,Besieged (a.k.a. L' Assedio),90d796d692d6f1b2764c630973096649e34d8f69c66cda64db24db6599348b4c
2632,"Saragossa Manuscript, The (Rekopis znaleziony w Saragossie)",9151b15524964c8e71e95be16cba6c9eca173b3d1ef14ca668269a676b517352
2633,"Mummy, The",f205291e492b326df179dc0c1e3e4f0b27e0c9c01cfedc6e39f41b850f0ee627
2634,"Mummy, The",d52a7edbadd1c9a4da52373cd43d9150992285f4eccaca53ea937d2381d4324c
2639,Mommie Dearest,96e942ed6a573d1acd122e87b2cde46535a3d33e433495b84cc96cf338733244
2640,Superman,c13f5cb03ee1c34ff23495ace10ec9d03b8e90477890b34b761d2754e70b7aa5
2641,Superman II,d4238d6b6a0a342c15b9639258c438bd3ef3a6552f75e263f0c66c8f6c8c5dcc
2642,Superman III,d0554f8a17bf78bb69e8816d7c6884f32f9ae21612c695c6f0e7b940331c730d
2643,Superman IV: The Quest for Peace,ceaada04b155057a8b5521f2bc452f87c71436a7e6319c793dc9cc5891eb6f50
2644,Dracula,c7554fb866bae4543ea8184ebe113fb9319ab99198e8266ee264b16638ee98c5
2648,Frankenstein,c5512cd62933b6495ba6d32597dfa436e4495db21b2872a8c7ba9d893847638d
2651,Frankenstein Meets the Wolf Man,baea72a7af159c3cd813cf95367c07c933d905eec4594372e16a708d98136c0e
2652,"Curse of Frankenstein, The",ebae6a3f9d59938ea5449460bc719c7390312954d028ad57c4078f5ed5053bdf
2654,"Wolf Man, The",f457ce809d00b0246bfab57f7aaf2d1e5ec861a7001e73604235d1f997f4c4c9
2655,Howling II: Your Sister Is a Werewolf,cbfbc4f6d00072afbc1e2165a5f5c811ace6cb0ce5b4c3c3f8703dda93011c7a
2656,Tarantula,d9bb114be4486e7792ef771899575bf931023670489938bf73504acc6ea66312
2657,"Rocky Horror Picture Show, The",956a6e956a91996a3da97295c24ea54a9491daa56d1a85da1aed34a56dd26a4f
2659,It Came from Hollywood,baec9146cfa14fa8cc5fb878107933a1c7064f16c5e969f191813a569a1ee4ee
2660,"Thing from Another World, The",aebf7ca4d82a527bca5294568d69cb41b1b624afc61225979d25b079b54e3d21
2661,It Came from Outer Space,8bf69e0396be63f8e401c40fb9a017be4e1ec2f091fb6cc264401b3f0b9e337c
2662,"War of the Worlds, The",afff17fae21a6ecce02071aab3c5b75dcc00d8b09c3d6602cb8ae487ce138d4a
2664,Invasion of the Body Snatchers,c377a6ff05db7b583b9794834aef185e7072d8dc3a1897206b63c4c34f82c114
2665,Earth vs. the Flying Saucers,cabfc2e8e2554d8abfd82537ac443df8ed1572a1b031719ef3389354d30096b1
2668,Swamp Thing,b5a0f34a1bce84856e3459bc338f5e40c9bd27c35e0898bf33e147802c1f7af6
2669,Pork Chop Hill,85de22839fd0dd29a9a09c5436de623b708629ce6068d6a23ff769565db0b7d0
2670,Run Silent Run Deep,cefee644f108199bb995a4668d904c3ae6353e2586c96ad9b47338e7c28cc73c
2671,Notting Hill,d8a72d07ad5ad1f2d2f85a85ad070d15dc384539b4cb72c453c4b33a4b3ab52e
2672,"Thirteenth Floor, The",9d3267146ccc34e7113f5abe6e361daf71c924d3c72481459c52e7300bd978cd
2674,"Loss of Sexual Innocence, The",c952edb455a9d2694ab6291a4adb24a52d5396baa5b33257d2b23bcd624a4d33
2676,Instinct,eaaa421eb57d3de197179536d2409d09a155c2e29d1562cb9c759a5fb1878d70
2677,Buena Vista Social Club,8fbf6afab0c09f07c955e07096281a04cbd5e43a94021befaf54e459d0cf3f64
2681,Free Enterprise,d0ed33ed2f134c9e3862e65647bb93634ece9991632c98d2183b073ee1c46b23
2682,Limbo,c5d2c7d9c74bc9c772e6e8b46839aa241cc01723176b99469376197be9217af0
2683,Austin Powers: The Spy Who Shagged Me,b36aacb5972d16cac4c0cb3dce27cb4d05e16a5ca51a3cc339991cb4bb46932d
2686,"Red Violin, The (Violon rouge, Le)",9651167769a76998698c984f965146b4b52539ce6b7a855238e65e31c6396ba7
2687,Tarzan,e52e173a07bc5a9e2d4d2b1432b0435c6cd98db39a50b1c2b44bc4fe4f6b6bc1
2688,"General's Daughter, The",b2237fb065ce4bcc10f9843a177a89f7cce7ee89720c87467e1139e2d9037498
2690,"Ideal Husband, An",94eb6d256b1c3259c9c8e1e6963b4eb18ca4693c727bf2626ba43c21ec4bf286
2691,"Legend of 1900, The (a.k.a. The Legend of the Pianist on the Ocean) (Leggenda del pianista sull'oceano)",966294d87577f66749996f236f8648b2247d217228f83909aaa4cc8f6c0f5677
2692,Run Lola Run (Lola rennt),c0e2c4e3f68fe81dd13cc7849302d60c787cd9699b938cf29c24f796996c39cc
2693,Trekkies,c1bc5aed97a3679cd06bcf313c0062d26b1a38403e1a666c78f53d16624f9dd3
2694,Big Daddy,ad555565d4aa6156c8a81a51d34f4cf8f0a52cbe3f40b4e82d125f3f2ae13f2a
2695,"Boys, The",e3998f18bc6381cec1f8e0350387e3c02fcc3f8abc3fbe01e301c31ccf3e096f
2696,"Dinner Game, The (Dîner de cons, Le)",d03b277fa3054ec4a670103bcfcf74331bf8017feeab034611b8ced0302fd917
2697,My Son the Fanatic,99c898ccee67e727e731c5b1f4ced2466a64c109819938919ab39366966fad46
2698,Zone 39,878b17bb6a4a7139e5580d11ad3fb2ccd8a0a5c916feec14136b69c09eb57a4a
2699,Arachnophobia,948b0c456339b70d0db25cb2b71c23bc69f7dcf36b50e2c87a07c5231ee7381c
2700,"South Park: Bigger, Longer and Uncut",d69a41043f2e330943efae849c1968ff34c2f0d30e1fef3461b4d77e1e01c13e
2701,Wild Wild West,e9f9f1d85a069f35b1244acbc4d49cd4c1cb25c88665c64f3e2b9e1b1b09697a
2702,Summer of Sam,fc8cb4903fdb7246a5d01afc6eb35c03740c297349dc7687893d5c893ea5419d
2706,American Pie,ea10bc60b5ee0395cd5bc79bd2954626e07cccface0b4b0d9b61e90e817d9ca2
2707,Arlington Road,c0732f833724737ee4018f9518fa650c58e3f2ce2f31fa5446bb796883df3e00
2708,"Autumn Tale, An (Conte d'automne)",9eadad59f20a1374add26cadf150d3ae265746ea3b7d1106c20546eac4f839e2
2709,Muppets From Space,c982998754c9ab18c03345f3bfb2c0e325d57e34c063b5576e36936878c9ee5c
2710,"Blair Witch Project, The",d9c2dbc0b40f063d2d3f269d2678066633c278d9c360c8a6c79ccd1d3bc7d9ca
2712,Eyes Wide Shut,c5b989b93b47320686943cd46cfae519698ee164666e96d398a7532e96502eee
2713,Lake Placid,f54f53ae5b01ed4fa93410b0f4da9d876af8a54d118e0a83e4d745b60cb2e09f
2716,Ghostbusters (a.k.a. Ghost Busters),9331934a69cd64b464b187c1939ddadc7977352185286b1e789768ed2c79347a
2717,Ghostbusters II,95cb94c97a196b32e1b4caf6c69187a5bd6c93c93cc992d8a349c73369364a46
2718,Drop Dead Gorgeous,a6c5bfc634d0107a6b14c38b3d0606f16973cb2f5a99313e84d17c3ed03f1a79
2719,"Haunting, The",c041d54d7ebe7a323d052fad72e478122e3b30d4f586f329b0730e9ccb49f123
2720,Inspector Gadget,9135ed014e4b93a53b976ece342b1daf7bc6b416e4e1c469fd17e11012c80dab
2722,Deep Blue Sea,85cf912e5a78c8f907e763468a0bbe3c741e1bb09bf14a930927f3e4c2902fad
2723,Mystery Men,ec84c36c9a3a99c31ad9a61e25a749f9fa5ccf0d0b2949f1fc641c8c67ca6272
2724,Runaway Bride,bdefe050d2110befe41458ba93cbfb057ca6ac1e5ad947cf093453e2261c78c1
2725,Twin Falls Idaho,94cfa42d6f4b1e433bb449fc70fe373b49624fc6c4f048e3c858c1cf0e1ea483
2726,"Killing, The",c0341b803f60c0e34d9c4b7e3663b0de36cb263f61bf8db5c82d334a235e637a
2727,Killer's Kiss,c62c84fd717b7b120ed5f4d96943960a61c7c1f6e2b4a19c97806b61f4293c6b
2728,Spartacus,afba28dde048d27acb37cd06ce21d9e381954fd0904f19acba703e5fad143592
2729,Lolita,eaabec05019c819d7c233ee3e795630089ffd4ea26c19fd2c972e27eb0663d01
2730,Barry Lyndon,b4ce30c61b22ed334e99b399132cceb64c5bb3c9170cce1e5adb92cb0f8ccc92
2731,"400 Blows, The (Les quatre cents coups)",95c6db8a38ddb06c42a89ed43fcee5906f123c6f66de67b09b6070098179916b
2732,Jules and Jim (Jules et Jim),caab43a8854736ffe1302f4730fe9705133dbe45906f59198cd33db20d19ccc6
2733,Vibes,efeacb751a27e402a51a1f96b54e71ba969135c8f44d788ed81f6e788160c386
2734,"Mosquito Coast, The",c966ecb266ba1b58facae58f31e71d679632e33e2b0c00ca9113f930666c1e5a
2735,"Golden Child, The",ad95ec8e57e327105a1bd1bd27648b4b789639a18362e6ed269b18727b25274c
2736,Brighton Beach Memoirs,979842ce43772f0778d9c0dc3f23343c90c3eff8152db16466151fbb3c27461c
2737,Assassination,b7ebc9369c1a2ec1cb66b05490b3cbc19f742cff30813b2a12c06cfe0c6ff2a1
2738,Crimes of the Heart,ee07684592fe933e35b184e8c2eacb533f0d3c2c3ce669527913c6ecc6063b13
2739,"Color Purple, The",90b53f4a271ec8f11a5266966f4993b586e4995b652d6d6b90da666d59a46658
2740,"Kindred, The",c719638e38e79c719c1c431c678e99c598617a6364b8959ccb1c6a3a3cd7bcc5
2741,No Mercy,c44396795b88e185e4f40dba0f8bf065397c1fca34c66e3a0fd364e729389f0c
2742,Ménage (Tenue de soirée),fa69a5807a419196b5aa9857d5a83a45f1acd287c98764df694c72586b3c79b8
2743,Native Son,92644492bfed0cefffed80927ed09892225b4a678d4af3008d9a387bc83b3f49
2744,Otello,986725f6679cca0282792dd934867667735939264ce3ccd9b0e6b32e7d94481b
2745,"Mission, The",8fff0fff7a027a00217b4fc0f07882d58795850f9f85b54eb645f424e07ae070
2746,Little Shop of Horrors,c1b01c4d174f1ea668f5f1535e6ccba213b1661f68ebfba861158b9ceaca6242
2747,"Little Shop of Horrors, The",ebd5e02935aeda164afa0bda9f813dadd0802beec07f6f59c781249696c29261
2748,Allan Quatermain and the Lost City of Gold,878c909578632e567b8c7b1332430cf46d4d7bd312a662ad2e4d1d795d9acea4
2749,"Morning After, The",c046ee113df8324dcb338db2b6dec34569229cb36e199b6c62d8658692e749f1
2750,Radio Days,851b85137bc47aec64bee503914392fc1ebc4fa3c9c3381c3c1ca5e3e763162e
2751,From the Hip,b9b61a4d9c0eb13363cd4ff2c6789d8ce4673999639866e61c8d9a4d2e30c13a
2752,Outrageous Fortune,8afba27f9d209729a5c5dcb6fe10724ae1da78e3f461021c881ec8b6b37523c9
2754,Deadtime Stories,8117cc2792f071f82d1fc3a73601ef0a30b206fc2d55d2d546bb85e67ae99b0e
2757,Frances,9e1aca5221c8816851bcab0db6d735b1a778d3d42da5cf6d52d234b5dc71235a
2759,Dick,9e16a6ff05e1fea8daa0e84405f47d18d93ff6973803c02329bc583adc173c96
2761,"Iron Giant, The",a601e613594a314d7334a37a28fa1dde3ded6acd0a315c9359a28b6aa67c34ed
2762,"Sixth Sense, The",d4daf01e0f252fa5a372935adb1a5ea5b4a4846fcb4b6909b4ad383acac66a54
2763,"Thomas Crown Affair, The",a61ca41c1dd239f37b01562b3e3db4f4c1d20fc8ce57d0a7c481f5b871784b47
2764,"Thomas Crown Affair, The",bfbf173ec058e8c5d0015bb8b671a44164fce5a93d8873ea90621e4dca55e715
2765,"Acid House, The",ebff9ceb1ffa2233d18c845cc851e114948261254cac6b4e5b336ce2b64d49b7
2766,"Adventures of Sebastian Cole, The",8858955a3ff760a560a7738a9f49dd0a7b827e618cf7e298114c383de0bc927e
2769,"Yards, The",e1e2f3d365db4f294ca8d71c371a89928f2c748bc946ce742c99b423e4c91b3a
2770,Bowfinger,efabed9c40d4da8a126e0af64a983c4841fe81f97ca9cdac2d9ce463e1379116
2771,Brokedown Palace,f190f231266f254f094f19d38a312e320fb7cb944bdc646fc525cfe1f66a904a
2772,Detroit Rock City,beba41538145370747c3637cf1056cee791c696366e4d03e2ee3a465063cef83
2774,Better Than Chocolate,c103e5153aad16ba3adeca0e2f7969e86e852543990f13bcd1e26715c71acc5b
2775,Head On,cc59a493b3875b6c6ef43b301beca4e6830ac19ae0b357399ce45ee5331ca0d6
2779,Heaven Can Wait,b6341cb399c3c34713cceccda9b2a519a530b136e6c8d34ec709972c9e33cc9b
2782,Pit and the Pendulum,ac5004158d3f0d18838678539e7b8ebf619f9b8311a46564a7d132fdb769257b
2784,"Masque of the Red Death, The",a44656f619b02d601b64625d2d4deb3acad2c7bb17aba4b534ac36a5e524ed46
2786,Haunted Honeymoon,c41469331de6b1c4e737c053a1f029f8b50c1e074ae3c3f82df9169f380f5ae7
2787,Cat's Eye,dc33cbaa58d48d97e7b25a6f2ee426d5952a26a2a65e516989d4b45a66b59a10
2788,Monty Python's And Now for Something Completely Different,9fbf863b844579f1f11064ccf41099049501f6eee044db0dcc94d66d9c9fe5f4
2789,Damien: Omen II,ead46a52915a955e6ec56ea535b595a584a5e5a59529db296b056d6a854be11a
2790,"Final Conflict, The (a.k.a. Omen III: The Final Conflict)",d6e72f9f28789038f4856b839d7bcf7c3a7c6186310bcb248c5c4ec664b63123
2791,Airplane!,bffb2fffa5143c13da6aca04e191c2dbd0659c24c119f4b3a646d1c39c918738
2792,Airplane II: The Sequel,945a62bc6b859d53d62a60dc8d54d32670a39c51cf9c63ceb4e6c4336b13b3c5
2793,"American Werewolf in Paris, An",9c2dd93063c0304f71e1a584ef3dd4f85a4a4c63d8c58b8db5ca6b325bb65a99
2794,European Vacation (aka National Lampoon's European Vacation),ffea3b6e91745ea1e0271e754d0ee1426a76b18fc7406c31958f95218a1ce395
2795,National Lampoon's Vacation,9efa9f9d833ef004b4462afdcb317920988c6e63eb216c9cee66438a9a595866
2796,Funny Farm,aafb8c5893a7b1c5e686561ef858461aca712971c6e13a3ba54467afe35087a6
2797,Big,b9dbb361362d8e5a64cc368d4c5389c339b58d3a62c28e5e872cb0a5ca123f7e
2798,Problem Child,f3e286660f2669f3bc97eb4df94d3c93c7497b2c1ca067cc23839230576405a3
2799,Problem Child 2,b78ba1994978db892f1c2d24d03368d28f4ade6f2cf4e4d8664486639e3379d4
2800,Little Nemo: Adventures in Slumberland,b0da492ec52e32d14ad27d112ca572c7965bad2153c892cf2dc9c93bd3a69e1d
2801,Oscar and Lucinda (a.k.a. Oscar & Lucinda),c050c65f1bef3ba5b502b0d0460c5e3cc9f74fcee734e527729852594963e9d0
2802,Tequila Sunrise,c14aabcf69b1d51034cab4c0b667db35e4045caebc660d64099d875d5b0b67bb
2803,"Pelican Brief, The",8476a2cf73c199311c18e48e4ab78a61376c7eb1ccb6c2ded25b2da92fa4ba42
2804,"Christmas Story, A",fae8aaf471479e2c6291d157ad7887189c53e2c69d0c83468ef0d8c3d23db16b
2805,Mickey Blue Eyes,92c9efc9e163db369e9494d92b638b5a840c3484304ba672277cd16cd6d3d673
2806,Teaching Mrs. Tingle,8079a4e997dad3bef987ecd2cce0712d2075ecd6794bd01a4acc1aa196a40fa6
2807,Universal Soldier: The Return,9742b54a21bdd336ff066cc970b962bf4f846bc19e4b9512b560c56c9196d4d2
2808,Universal Soldier,c5dd7e8283dd89bd480885b91880e459e46f3923f5d538e78f7e16767226f046
2810,Perfect Blue,909670116709646dcc461b5a31b997b5b4e49ece394f237b3cb31e9619a619ed
2812,In Too Deep,84b7e35e6a4d1ee13d48b1341e31c22f66d9c0776391939acfee2fa0b1d03c86
2813,"Source, The",cc0fb84031f2c33fd238cfb36c9b30ec1b4d3fc80d36257f64cbd50233644a1f
2815,Iron Eagle,c6ae48bb8d113c6413e673cbb518722ef24fb5142f8c4ec9e1733866cc09f49b
2816,Iron Eagle II,ac28c2f7840d9b1acfe728297bbae4796b54269bc2e1fb06b4ad2170f83d9390
2817,Aces: Iron Eagle III,a16469a5fc93925aa49abc9f5a2fc5a1ced2d248a8594613ef42f8cc745cbd29
2818,Iron Eagle IV,a710ca69595bb9a63ecc861a6ea99761e7a6c18c3d9b8719606c9fb2953c6863
2819,Three Days of the Condor (3 Days of the Condor),aa9b3a51906cc66bcc438d1885b491b192e532ced207e51e89be9d760c7eb6db
2820,Hamlet,cdebd235732c4c123b326cccc1baf332ccc92fd3334c0e4193b391ce86793738
2822,Medicine Man,c4f9bebcfb13d41848fc81e3b0474fef8dc160ef83e7303c449e5a807f906c82
2824,On the Ropes,a11100bb4cc1f0757aa61ecc877566ae052e9d6f45aad1639570ccf2f578965d
2826,"13th Warrior, The",d272c22305313dc43d198b598ff1849fe40ff3e092c70c4ef9e06bbb259f4cf0
2827,"Astronaut's Wife, The",d178f8406e87950e317e46fd27e80ff01e9c9763c3d0ca9cdc231e864e2b6a8e
2828,Dudley Do-Right,b31b65a71a7996f6e74be15c48619e8724b44c5a9b5be1a660b05be12d65a61c
2829,"Muse, The",eaa443eda7d7bd5298696e05f5c6546c4a75fab67ace480ba53885829443c4ec
2835,Chill Factor,857342957aaca5704fc53acf3536b55e90ddc8b0cb5267647049329bbdb49d48
2836,Outside Providence,ff8f3b8280f844ddac0656324b33bd84b4c9c2d83564d9b688db5747c3078dd9
2837,Bedrooms & Hallways,c1e925c81af94a373e06f646ca521e7e6329e16b8dcac087b6851cbdc3d137f0
2839,West Beirut (West Beyrouth),fb12a7173697548878e82e4cc22ef023216999b98619cdf549c21bd6bc86e5f7
2840,Stigmata,84cfce377b38b1cb7a175e90cf4cca75a561335c3e08cc82c0a325e6b3f67248
2841,Stir of Echoes,c319ce39ae70a0762f922f929c1f4fedcfc99e4dd6a93867b004962d620bc88d
2843,"Black Cat, White Cat (Crna macka, beli macor)",e97346f55374192f8590b889a8c8b9b18c8bdbf46f2dd2f46d4ad34531684716
2844,"Minus Man, The",9551355bcb6c6285162e8dab2c534a916af03745cb7417bdb0b5c5a1297fd651
2846,"Adventures of Milo and Otis, The (Koneko monogatari)",85a3ca501b59b18c66b43959397b9da625a55a25bbdc662a96466992573eb29b
2847,Only Angels Have Wings,b31912b13c676f7622b2c8a939dc24565e766fea44a82a4c9b9f61bd8b53b910
2848,"Othello (Tragedy of Othello: The Moor of Venice, The)",fbbe3aefb4443ec6e327c7500fb9e192e4834e29ca76d009a9cd9106acd9d206
2852,"Soldier's Story, A",b1a333030b1924f05ce31b2e831e6cfc70e59bce6dce74dcdac9819b3c46dc1c
2856,I Saw What You Did,bff0dfad5109309932a0c702238b827e4cfebc92d4706f6cefe046239697d994
2857,Yellow Submarine,afef0afdc014bc2b96bee046ca159f18e54bc96690cab560696db961d61a1e94
2858,American Beauty,db33c1b194cc6a1ccb3636ca3c9949b56fb3b46a910ec2e46e936b396acd9490
2859,Stop Making Sense,ec440ce9952ae1e7dab1f2054b52ce16092bcb38e5b5393de49605b736da4cf2
2860,Blue Streak,8194a3fb076a9a6628b7a9919b576656ecd148c97588352a1b6dd5b04eb2de4b
2861,For Love of the Game,a004a6e95f7b199a608ec3b00b355ecb46ce5b485867e1e7a73d371839ccd2c7
2862,Caligula,e99cb1add2530e1394fcc9f46d2fe6c726b07e469a64c9b31903998ce09d2731
2863,"Hard Day's Night, A",faefa52d855a6c20d43d13c68547798ed2846994c59d86fd9b63d837d302ce0a
2865,Sugar Town,9eb1ef39eb399cf2614a614e1cc6650e19079a97e3b9f2b9d2e9f28895088d18
2866,"Buddy Holly Story, The",ad6ab5b172b45bc253ab12ab855f2a57282725358d2d57495e9a1a94b496b2b6
2867,Fright Night,93be9e9460a56c692e48c15a5a94cb4acb4b3f4b91bb2cb4f9a536a4343695ba
2868,Fright Night Part II,ee8c5efa618e913e95722f54b6d5688dd2a5952b9a61952be04de255a0d1d8b1
2870,Barefoot in the Park,ebd5a8e7142b93ba3bd47e05c41aad5a854c91bcbe81e067c77fa9c00d8a590d
2871,Deliverance,b3bb1b9bdcce6eeef132a519a414f114b190e0601be613c7c6e14be1ab09a759
2872,Excalibur,d054a6b026afb0473bf224cf3b11d92f6b580b4f4b034a7c4aef5a0106ef6ef8
2874,"Pajama Game, The",96aa36fbe2578500ee75bd4ef98aeb15d231eba3845cf8fa8585ca3cc0c04386
2875,Sommersby,c4b451b732594c6ef322a73168c7a6591d683b126f15eac49598c8f2ced939f8
2876,Thumbelina,d7135d074aa32ad4f5f5efd94fd3256e45e492120aa9c1716cdc870e176c9072
2877,Tommy,c50c03a212f0bd5b4a06786c32dda2dc7c23d22d2d9bcea5bf2e859786ad97e2
2878,Hell Night,c0eac269331d1b3449e06ccb6c973d966bb163a83c4e9e53d235732c98ed98e3
2879,Armour of God II: Operation Condor (Operation Condor) (Fei ying gai wak),b107c6984e51216dda3c29d371ee2e05fef91f2673c519a6cc9a207d63181dc7
2880,Armour of God (Long xiong hu di),e129b1ad17ce3a42da1656b56ca3c4b184bc6e0b674be1da3b529467dc642cb3
2881,Double Jeopardy,f630e950240933a6abc991a7589646cf296f27625bf19df83cba2c19246ecf36
2882,Jakob the Liar,e643be1b9a9dc3e319788de4c1b3c0b8cec3c74be64c378f338d4e298b473804
2883,Mumford,befccfac5103d01346d6b4734d0750e49796c707c8a94cadb53c857a684bac7a
2884,Dog Park,eb183a4790efa7b44e331dc9b249486796a4c95a956ad25ec43bb2c50fe04fa5
2885,Guinevere,90ca3551ff1508ca406cf734158af9ee823d0788f4e67877279ec6e32c73e58c
2886,"Adventures of Elmo in Grouchland, The",cdd397c63630f83408cfcf8bceea93381d16c07d2011d176cf6abc00ae9ec6e3
2887,Simon Sez,c19c9d141a63caef3686e812ed933f69e43d749c18cccb5307642667dc9f300f
2888,Drive Me Crazy,bdd2d20bcfe23c049829e1f7c688993dc4bce13099e36387e23cda71c1878e3d
2889,"Mystery, Alaska",f1e4f1e64e19ce199f198a4921e725a63992bcd04e7cd24ec367cbebd500498b
2890,Three Kings,eb64fbcc8093c4b254fa3db82b5cbb466106da7092712eb17cbd56ad07967106
2891,"Happy, Texas",bbffb1d3d00202af4f5db30e312fe6641b304b15cf3094bbe4d41fb84844cd39
2892,New Rose Hotel,9150e91194c4e4345b3d25ca2a2e336f69ba1aefc7939267a6c5b593e4c4d1c7
2893,Plunkett & MaCleane,bf42eae740f537182b4640c734bd1f5048433e3d3772c0a3bebca760ca1bb1a7
2894,Romance,ddec58612a4ba79ea59c68e358639c6ca318678b7dc62996d07896694e5558ba
2896,Alvarez Kelly,846695c65361ea235f9aa2d968a5786bcf8501ceb4724ea50bab12932e75f5b5
2897,And the Ship Sails On (E la nave va),c1f13d063c98c5f85a1eb2e16f460963348562da6e5b90cd9666cdb333496e5e
2898,"Dark Half, The",d5fac3ba30003d016b069df7e69ae4f49964630a8c55609e6ef7cfec52c8a465
2899,Gulliver's Travels,e750faaf59a429d2263947217ad60da946c2761c2b6bdbe01cb5c2ca6558b277
2900,Monkey Shines,95897a1a3c6085666e8385ba6a5e96e9e85d1f89d683e2763f60789681a77e86
2901,Phantasm,fc230310e4094af6036f6edc613337f49c09f131d7abf858406f6eb47c5e21e6
2902,Psycho II,9501c32e4aff6ee19326b512ec594aed3fa23ef2b109e109c0d62df13be27096
2903,Psycho III,8f11b98e34dcfcf178c793411aa391a9f9050f30071964936671b363738ec97f
2905,Sanjuro (Tsubaki Sanjûrô),ebea9f3f0eb439cff10416b1d849e140c273c715c90d845c9707e4615ed6678b
2906,Random Hearts,82f8ff3ff0df1cc094037e207f0c830fb05fc0c7c683633c1b3dc1fdc0c68476
2907,Superstar,c16d06961e5a396c24b458fbc3094e3a72d2335ad727458d3c7da9c42b57bc65
2908,Boys Don't Cry,b336b3333cf9d8d7c212b6390ec71ece4b38e74052288d9bb76123c64ecea560
2912,"Limey, The",c440b4445b9b3b5f34e613ff66014e8e326e649b73bd44e371aa4f9b1d664b02
2915,Risky Business,be9fb60b96e2fb44c96e41bace340e7be1c0618ab7841791b0723871974fbc06
2916,Total Recall,c446cc8eb9113331b731d64eea0d480e59b01efb1eca6b2ee00e6fbb46533af8
2917,Body Heat,e5421ab53b03c56ac2f57b3b1ebfec4033f1f41d25e023477ca828d40f12f0e7
2918,Ferris Bueller's Day Off,d9002f43a52510b842fec47c989eda974fe3d36031682f7e6eb6fc102d0b9d2f
2919,"Year of Living Dangerously, The",d64017cf63a6ccb460193f1cfd9328c28de6b007e683718b17faf333601f0f39
2921,High Plains Drifter,eeaaedc49dc5a519b17614cec62042aed09d4bb186662336b59913f7877a522e
2922,Hang 'Em High,b7dbc801bff9d00ca3377e59170cb2ee6801df648f9b8072f5e1476708169724
2924,Drunken Master (Jui kuen),eb3a398ddacd4f330e84d2c69119c434c540b949d06f6c92d58eb9463c73d6eb
2925,"Conformist, The (Conformista, Il)",ebe0eaf1941e850f87aa9f0c9707c0ab5e3c947c89c58af31efc5d0e706268f0
2926,Hairspray,ba179297342c3c0f914b78d2e0f8cc3ccdab63c3c5eb8e2c8c3c31bb92b992f0
2927,Brief Encounter,aaaa5a002d50b5bf91054abfd15f736bc15563c4c4e42d789424cc73d4bf9e35
2928,"Razor's Edge, The",d775108ae2a71bbae854cb70a98c96d63731f286152f095de4afaa5dc2d5095a
2929,Reds,c7e1c7903a1e3836bc3849ce986730cbe6c20f33e795cdc8386db8e890c3e2f3
2930,Return with Honor,9c5a951d06aec2f2e1a3f125f817784b9c2d4eb5865a6369332d919e5cc08e6f
2931,Time of the Gypsies (Dom za vesanje),86d7a7e9cb0d5f3832d1909e0f64ca1ffe08a7c0e9c191e4961fce25138f3c45
2932,Days of Heaven,ebafa515e1005a739a723afb945178c7c4535ace8cc4659cc11c698c9ccf3ec9
2935,"Lady Eve, The",efef42fe9100f202c07693fd9d0bad607b042497845360c8b75f67adcae438b3
2936,Sullivan's Travels,cc2592d276922e2ea56e6301598d8d374cfb9ced6b33a94d50c5f25a3358bca8
2937,"Palm Beach Story, The",cb30e105b54f96f82d692783e3b62d3cdad952e9d2e41e92b053235325dcc8f8
2939,Niagara,cfbb0ad7984278f93329b745e52a8587b51e781c81f4e6e3ec05853a2f45d42a
2940,Gilda,eeee4e79bc0131bfc1949dc0f409344fc0559961817767859f76d9b4d119849b
2941,South Pacific,e82017dc66e7691b575f96812b2079ff5a1ea62769f95ad8858439ed4a4ac4a4
2942,Flashdance,9ebfcb6ce952245bd846b1b4b191c5cdc4244b0e9c196e5b916199649147b7b7
2943,Indochine,b3209ccf4d9ae3082cc58732cb6ae96594959ed8db0c6da5f6b30a4b332c79b2
2944,"Dirty Dozen, The",932c10f012f86f060ddf3b193d376cd97246cd90e6409d26ec73664db0ce95f3
2946,Help!,efa56ca5951e0b52d2d180ffca8b9a49257f5682b5246dddc601563b6c5196a6
2947,Goldfinger,e082e3409f7b368ef86d78d5daba5a29c4af98793a984b84c36563c0c731ce33
2948,From Russia with Love,d12a96cd3b75496fc4cb6c122d381d9634b7c4adce987952314b8cfd8ed47302
2949,Dr. No,9100265e7a4f0d3b96e37b00611ce05f4b8ee7181ee339be34b9cac7bd94e638
2950,"Blue Lagoon, The",b75cf1180c6773e2aebcc89b936397d2718d6d58c7b5a82658d92933222dd48a
2951,"Fistful of Dollars, A (Per un pugno di dollari)",b7bee41481551faac9a0f7609591c6f9954c9dabec4449e999695bf85ac39841
2952,Sydney (Hard Eight),c14ab4433cec67f89e439212e3417e25661c184a33cfcb393e39dace23fb0bb8
2953,Home Alone 2: Lost in New York,91186eaed44b5bbe4ae4ae45bd11c997b555e5091ba5b44d651191e4a56de1f0
2956,Someone to Watch Over Me,d1d463d02da39ce66e35a50990c3f2b42d4b5ad297ac4b4b4ab31d6c9a5d1ab9
2959,Fight Club,d449431e60a32c7f331610fbbfec1f9b6c90cac08900b666475fe1e5e61ff813
2961,"Story of Us, The",ce286822a0e38feddfd7b9dc9f1ef735f0e276836309628c68b86a840c63a871
2962,Fever Pitch,9785fc3e6169a5405a1e96a13d3e928c707bc3f33a5e1e0cb421f333e06ce5cc
2964,Julien Donkey-Boy,eacb6a54e209e116a154895795773dadddaa16aa18b7d829964cc2bfb18d845d
2965,"Omega Code, The",c514d4b676d7dad0d94a896bad6926350ed6a94811ae30399fd8b896a7cb87d0
2966,"Straight Story, The",c842133e3feeece1931f1c44c0d9b31e6c604dbbbbcc305441f987ca323b59e3
2967,"Bad Seed, The",ea153e17946e6c6f6671c4f8639663839172393699a190f9b58dd2c995686b4c
2968,Time Bandits,ada1525e474bedb1121e8cc989b7674aced5732638f9cf0a9465391858f2c785
2969,"Man and a Woman, A (Un homme et une femme)",a6ff3ed1d824ad45f48c76ac8732691ee934d9a0d0cba4c94a6cc2b2f607c52d
2970,Fitzcarraldo,b26f0cb38d91d34c61796c9394c68361d53a388e639c5b318ceff572cb13e644
2971,All That Jazz,8d5c89783ba15e874abf30fc6958a34bb3851f19b73c25660d43ee1672f058a9
2972,Red Sorghum (Hong gao liang),9eee6f70e95196f6c44498e4e951671b966519ccb115349be351696587846c2f
2973,Crimes and Misdemeanors,bafb6bebcd049c3432f1d0416d0e332ec3f06bf83ebe9441c641b43e91164b9c
2974,Bats,b332172651a7eadd6cdd6898a25a4d2a924ab749c92922c5d5addbb6b4b69132
2975,"Best Man, The",e4a4af5ea06115b56f9a904188bfdd56712e0c33d38ec2b14f5f1f2274fe820d
2976,Bringing Out the Dead,943f5fa06bccec1b6b1441fabc97db69107ac5a67148948b94b4672d6d82306f
2977,Crazy in Alabama,bd4a6c5bc3b590e449f0972496f16b48c33c3e076947c3d03f0e0cd3f3f2926c
2978,Three to Tango,9bceecbaae219041e59e63e25a798f05bcc1b61ee3c6636929fa1cfa1a013645
2979,Body Shots,c542b8b84765d71238f007dd78bdca47f62d6991964bd6a0099f24ea69969f58
2982,"Guardian, The",c30cc33c3cf33cc336ccc49c670cd32c3b72c3034cdbb6d0d8d71face10c4cf9
2983,"Ipcress File, The",bbfee228e5056c7798381ae698d59d55c6233c8bc25e93f8ad459d47c06268d4
2984,On Any Sunday,ad756b594d5a35a63729096f0cd4bfc121bbd3b2d2a14c2dc8eccb895a3152e4
2985,RoboCop,e77719d412b1f62342c4c7573e08f0a327bbda15d07497c26118cef2b5c5d11d
2986,RoboCop 2,d639fa0001ce0dd36e35e26c39d691e97e1bd39b93e03a40c72d6f17e47530d0
2987,Who Framed Roger Rabbit?,d1084ba26375342f387e18f46b8b97de9e06915b9db987511e26d205d8efc89c
2988,Melvin and Howard,96fb94944dfb376132065adfd1e02d26a61f7370db20648ea0d15e39a44b4dd9
2989,For Your Eyes Only,832da535ec1352c6f39af318684995ed57ac2d240546a532413b4affaa3773d3
2990,Licence to Kill,baff50514fffbfffd844e880b30146ab8c04980db75c3bddc0503524890d3eba
2991,Live and Let Die,bb4cf078d9ba394e1ec8613cd31b17e64ce65a9931bcc3c0b653f031c670b661
2992,Rawhead Rex,c04bce341e94398f39b4f1d2360bc43de3e16b671c3632d08797c3594bd3990f
2993,Thunderball,90c41ace0a5af4a475a1e5216b19f4d3cc4d29bd6494f23a6d678f64e41e69db
2995,House on Haunted Hill,965669acee4d9e5a61a4964f7aa2a753d97160b9b618d838631d74689ec669a1
2996,Music of the Heart,c493c4cb3b246b34697291d3b14b866196abd09aed9a6f36f364499978792c47
2997,Being John Malkovich,f4aa0b551775f0220849b49dcbe7357a62822ffd2e3ccb8393eb5204c97c946b
3000,Princess Mononoke (Mononoke-hime),b41c110634feeda842c77cfc6b2b1ae8466b47d1330d77ab786232c8c3b73643
3002,My Best Fiend (Mein liebster Feind),ca51b1ef6c80061c83d7fca8ee8a233df532cce9f830d12385eec6ce7b10da64
3003,Train of Life (Train de vie),d1510591efe47d6ea52a4b1e3ae8d6b7789a24e142773cbac025e16e3dccc318
3004,"Bachelor, The",934087c048e09837d81ccdccc76367e227c8a6ecae37d6d31ec81bc9d776c936
3005,"Bone Collector, The",c56bf0cf4a145e053f489f7034b0bc791f4b4e1569946b4a905e51a748bf583f
3006,"Insider, The",8ac5e478f53a1aa70ad5ee5afd2bb5a1b2544a4f8dc1b710d10f7bc3a151083d
3007,American Movie,b9c3963cc6c26a3f3bc85d8bdc7dd0738330c4ca803f918bc62cead2513d3f81
3008,Last Night,b99949896665a92796dab54491335bb92e96a462b52452dbab56953c7da1ae92
3010,Rosetta,cfc9ccba306c250757c1f3e07b8e88ac0a73cf1ddde47651918828a6863be25f
3011,"They Shoot Horses, Don't They?",c149e3674add1ebc96b03c406a4398cd312d634c63c6e5d96cdad67671b59907
3013,Bride of Re-Animator,c6d366d1266c393d391c1e8d30cb3bc1b93e919c68ccd1cc3b33cf92c3854e63
3014,Bustin' Loose,82937c1619685309f28ac6f62e11d0797f6695ea1cb38e5d235c3798d9a77364
3015,Coma,c988306e23335cc263c84e3f91a2a28d7ce03d8f7b10d25baeee8d8f7c3117bc
3016,Creepshow,9ebf9a529045c7afef1469d5c0d13f50970391a6fb24c62dae442ed1e6434f12
3017,Creepshow 2,950a95ea73324a166adc699137b336ee178d379b7b35c925e454d0c2e450de58
3018,Re-Animator,833c507e5c8eb471d3062ee437196e3669493be6f38467639e108c1df368d2e6
3019,Drugstore Cowboy,bc12c4b4c2794a4b99e99de4992c3313c3b1646ce6db9993d9a66c26c6ce6e98
3020,Falling Down,a266dce4499bb32170cd4f0c99f6a4edd631a514f8c687362610d0fb9dcf499c
3021,"Funhouse, The",feeadc68395763c684149c3f9071c97dc94426d3b4d3b12fe125c3d08e523c93
3022,"General, The",a7cbdb3e7c3226c9072019b758cf276c4f311cc271e4431b0ccff1e43098c7e7
3024,Piranha,919ce88cb11bc89196241e1e46ec86f47cf26f61c5b29cad6b6cc36296bb3647
3028,"Taming of the Shrew, The",8d466dcb179cf20d49d6cd923c6950f9a1d6878a5c2cc9f7c7974e0e7128a174
3029,Nighthawks,e1ccefc69675806b0b5112b96190450e56aa2b74dae39f2f6675943db450f85b
3030,Yojimbo,91314c0c6ae85b9317ef586c97936cf94997c6d4912e373a6cc4cb3bd9e22264
3031,Repossessed,811155fa786462559689f4e26b465e1bd489e1f3a999786c6ee74b39c4306f8e
3032,"Omega Man, The",c5119d8148ee787ea71d07b93da3e63a1be6c69fa60993698976e894c6091cea
3033,Spaceballs,c5807aeef052c78c3cf3b12c07a79cf9783c43c2de3c3cb3330cb0116bdcf1c1
3034,Robin Hood,c3ad1cff5c56725458db3caa6b018f136497cbc830789326a5aece549fa0784e
3035,Mister Roberts,9beaec91c66e63d8b19196668c17979194190feee4d4b358c515937c9189ad3c
3036,"Quest for Fire (Guerre du feu, La)",c686874a197769b9f2029a4d380dc5fae6d2e136694c6b374ac8caf396a83e36
3037,Little Big Man,eebaacb49454726e16ee930dc31dd0d38937c9fd99d31d61f20916896e616930
3038,"Face in the Crowd, A",b34c611fa031b80178077e1eda1e9b569e6c5ee96cf2a9cca1c546f306f447a9
3039,Trading Places,af1cd0b90bc2cc3e24f3f303826ccc6c31b42659d63b1b264eee239b33936cec
3040,Meatballs,e7b9c699ccce39d4d13ba52a8ed0693d93031a54713393ca307cd33b91694cf1
3041,Meatballs Part II,eaad0ef99030780f854b84d490fd9d723bd61b0f6c2a60e99f48c792de13fc26
3042,Meatballs III,fb44b39485b8686638e7c4eb2f1b678491ec7879e438872c6b07932398ee4ed4
3043,Meatballs 4,f425dbfe7c9305710386780ed8f4a76b0ea3098e7e147061db53d725c6a44dcc
3044,Dead Again,912e26ce713479d1d1b3f46f27c6d80c3693e28d996b6ab5183b47e2780813ed
3045,Peter's Friends,96b75b33696864cc9697c6ce39cee0b1b48a6671c64d98c47130313b6fc9998e
3046,"Incredibly True Adventure of Two Girls in Love, The",9578b5273e4d975c72e11a4b1b244bb4cadad224c6c9f0f2d06e6b7d60f20c56
3048,Under the Rainbow,b43343a7d9e7bc718304841c1e78dbc96a9884ce05dc5f9edb27286324f685ed
3051,Anywhere But Here,c1a4b2794c42a1b6565919cc2cf24e1ba56593f23f4ebc23d29fe5fc64901f83
3052,Dogma,c6c7ee98cd3c9d66591361a360972cd2261f078c1e4ed06770e4f4762f272f92
3053,"Messenger: The Story of Joan of Arc, The",da698aa9a535b555f550250a192a456ada7c5ad336b1b29450b5c9656dab36be
3054,Pokémon: The First Movie,dd6403e726957192c07f3d6b5a9c695075ae386f5d4267911cdaab0c3695074b
3055,Felicia's Journey,ce008e3e305f31c139f38e366f8677c05e4cc66fc3a250b6909393e0a2fe3ecb
3056,Oxygen,855f605e7ab51fb04feab1573f14858b3fc090766cb84f25da873818c11f26d2
3057,Where's Marlowe?,d018d0b93dd70fc76366e16d346df62cd4b734d630933b9191ce4329c71cd40e
3060,"Commitments, The",8145f1c47a691cbb2e96ca5b5692cd4b2af530dc8def992cca0447b2b15a52bb
3061,Holiday Inn,8bbee12deef07ad0910ff3298e0280f3ca0df503b7714eb530fac343dc11b351
3062,"Longest Day, The",84f3d29eda2fa5d085a46947934816f6e6d971adf896347c272141c9996acc76
3063,Poison Ivy,c7994f05986798d76738cc993878398e918f18713c79e6f1667026ce66ce66c8
3064,Poison Ivy: New Seduction,89dc75655f936f1bc2cc9ea63b51b8c6373669514e0c35621ac3c728b27b64a4
3066,Tora! Tora! Tora!,f9558d4544ac86ad3259fb6719a47c92a6523b7bc0b870985b085bee52eec8e3
3067,Women on the Verge of a Nervous Breakdown (Mujeres al borde de un ataque de nervios),c191066663e6c1b9364e99d758897e4b6b913c0d7a7d6f203aa49a7d3d0439e6
3068,"Verdict, The",81e0c4cd3631ce0f31f038fe3b803e0fc61e319d74e119b83c6ccb8fae66c8bb
3070,"Adventures of Buckaroo Banzai Across the 8th Dimension, The",d141b5595e24f5a32190c3e43224c91af6ae97eeb5fcdc9f0e5bfc02cb032c38
3071,Stand and Deliver,d98d0c9972600626f063070d6d991a6ce5df19381b34c6d9b8e797371b953cdd
3072,Moonstruck,d05447b26dabba559370cdae5a153a7b345aa5ecc8a4da131f4a34ecf0e5c905
3073,"Sandpiper, The",8fbe271925ae49b5f8c47c66bd213ee4b45161eae00bb4115ea0fc707c68725d
3074,Jeremiah Johnson,bb86d87944f1c7ce1672a762931b2d3d993c1265958c91996ee2c98a95d6a5cc
3075,Repulsion,f8ae6e2e871ff3318cf186d323c7d885ec92633281c6644af24cd2c47a2c83fb
3076,Irma la Douce,a7a57b30da79304529a6e0d270d9eebdf04133ed816f19ef91303b33fc836680
3077,42 Up,c0374ad6b7cbe269c0749d9717996ea07865056fa79c3b913963ce6e4298ba11
3078,Liberty Heights,c1231ce7665cec2b198377546ce878898377c5663abcae15854cd9a9e337b506
3079,Mansfield Park,bbb7d1026e7186eaa650e6798e639ac1394099aec39639a69c6f72cf2bb8e410
3081,Sleepy Hollow,83d881dc31c476736e236a236afb6c6f2d0d9d351dc495d0835b47cab0aab336
3082,"World Is Not Enough, The",bf90c228057e7a973963717b6c2013da98a5d3fb70927909bc1764bfc4ef1980
3083,All About My Mother (Todo sobre mi madre),b2a49f9c6aac70a7aab369a3697db53283365ca244d74ae24e3416ecb5503937
3086,Babes in Toyland,fc48833449c39fd0723a786e0713e0f3ceaab41d1b45178e35b52dc0acceb33b
3087,Scrooged,d6910b7a3c16e4c5c17d939038cb0d277678c1bd0f033bedc096383bd3fde680
3088,Harvey,eb133e9794cab529b46a4ed4c1293b4e4b50996f7936c564624f4d81913e6e4b
3089,Bicycle Thieves (a.k.a. The Bicycle Thief) (a.k.a. The Bicycle Thieves) (Ladri di biciclette),b9ff23ffc6881e4dd37479e090795980fd954e22e871627be730d70cc00cf980
3090,Matewan,feafcebbc950bacab5a595444a5bcb54c50107bdd01649fbd045b6928d58c24e
3091,Kagemusha,faba7aea8d076c2fb4d013dbb864a504c78f994279e2641d0ef09296f10d6d4d
3093,McCabe & Mrs. Miller,94dc912bcbe34ae62f442f11643c343e309961f9c067f6c433e56b46bbc6991b
3094,Maurice,eaf0791d7b89cef6956a1fb962562e42878939acc0763f09b138c072e34f6829
3095,"Grapes of Wrath, The",ffff5312812f3cc2bad1c1798e461ced9303702ca69285785f0482d9e4976f4b
3096,My Man Godfrey,eeefe64092b419bfbd816d80863ee076a1d89690f1316d7bc1cf30f4b6704724
3097,"Shop Around the Corner, The",ebfc681b8c531d607137508d17ee62526b3b0ff56c021d8f31a5322c5a9d12ef
3098,"Natural, The",d512ac242e341adbf1cb00310addcbef75232b65de64652218bcdf536571d49e
3099,Shampoo,b5dc9fab5a38e35596a3f8facb0594a2265cb60d61e195474836b5d0649b186d
3100,"River Runs Through It, A",c4c42671393a1ab6d585396aec4ac7b762f59c0963b6ad8c3a77e1811afbe128
3101,Fatal Attraction,c1371fd82f98c82732c4873c9f0fe47b7835378c6bc370c36c3e969025f17443
3102,Jagged Edge,c693379331b6e82ccd29cbf9c2c9368e33d63f862c052c786989398a7f422e67
3103,Stanley & Iris,f64c5f7b3992b404403b44df036c7fa03b443a3b3dff488cc2f8436d24f9a741
3104,Midnight Run,96c4b3f6e13a6d7b3cdfc4e79973c1b6369c1c4c68641a31c3331a454c593493
3105,Awakenings,f895f1c1476ec9663ac1c699393b5856c1ea916846f486935d0f291e59f436e5
3106,Come See the Paradise,dbbea510e065d2e0999dd132a7140beed2c84fbb29636c06327c5bb2cc8e32f5
3107,Backdraft,c242e89d2dbd43603a0c0f3306d332ccd2b67496d2f7f24de78ce7e378a3c3a0
3108,"Fisher King, The",80fcb6467e31590e499c61f526e62e73a97c99e5a1f1e433c40bcf2e1e0d1e8c
3109,"River, The",d6e9bc913916d330cce9eccf6a944934dc1b96da03ec66949c7039d9293b8726
3111,Places in the Heart,c51046379ae75398e50d2ee74eeae64724a41dbaa993253b731ab243166d6dcc
3112,'night Mother,c4468d081f337037e03dc0cf4bc9c1d74e46c63ce81bb771398391e3b19d8f1f
3113,End of Days,d2739af03c8ced150b78385bcc1333ba7ba6d60717ecd36e364106c8ec4f6c14
3114,Toy Story 2,814b425cfd77d7de356c2f30a7d22c07722c5ae044993fa61ac2ac3975ecc85c
3115,Flawless,c72fc21e98395a80a5ccad44d4235a33f713e19ca0c53dcbf27038791ab7e3ec
3117,Ride with the Devil,f630d2a118ce3cfed84f87424433e9109b99d558c32df75b88461be1957a1dce
3120,"Distinguished Gentleman, The",ac8594c2b4c4f6d9c339db324b63c26c6a4dd599dd331d36918e3442a39ba1db
3125,"End of the Affair, The",c787c6d23470736d338559e6399b3339a6716c66b1e5590c9c9962593666c2e6
3127,Holy Smoke,f0327a66524a839bc5a4cc7cf65d6ac499653323230a8ccd4e33edd94ce4f372
3129,Sweet and Lowdown,c0cfe7f63f109e48684f382323fa61dc17a6a7107acf160f6e634cf5748c69c0
3130,Bonfire of the Vanities,d18eb1862873ec793edf5e8ef4e02123013c93dc9bc86f48ce2162a7123733db
3132,Daddy Long Legs,9bc666300d2928e3398c315912f390a59d3ae153e2cf26691fccbd25e9b3efa2
3134,Grand Illusion (La grande illusion),e344eaf8375316294ce0b5c69faec8d44ea839b51d6ec129e2151f7a99a5dc90
3135,"Great Santini, The",e83b3d8c97965a685a6da7418559c4b6c095e156b469b4e3f690739d394e3e28
3138,Stealing Home,cefbb5095495582abb6e64fc96a02ec9ebd1692434e9ba17650483e9ed29d614
3141,"Two Jakes, The",d010f8114da72dff227fb37c83e55e8249f809eb3f139c14c19dc1dcc3ca7243
3142,U2: Rattle and Hum,c797a71630703932ac7230db73ac4836487accf96cb4b647334f932d692dc49d
3143,Hell in the Pacific,eaee4f9b4ebae46169ebda94905061a5d0143b2ae5a56cc6b1719315864caddb
3145,Cradle Will Rock,ccd484f1b4d1b2531f58132c312a25b3cdb01f567a463317670e472fc7af58e5
3146,Deuce Bigalow: Male Gigolo,aec09b8f2d32396492e649bc16703de53cdb37963b292ed1326d3dc6364c3270
3147,"Green Mile, The",c99b4999322636e6ccf0e43b7367f06c3cd8991349b1d09b278d27703c760ced
3148,"Cider House Rules, The",b968383896b5e685c3c2d330363f3cc519cef3dbc7f38926e625869630cd3348
3150,"War Zone, The",c3363cc9c33627d91866c719398ece63339999e66639d30c9cc36639b1c68c79
3152,"Last Picture Show, The",ecbbeba2b1c13c7dcf142101aceece199774a544c899927e5eaada8290b336d2
3153,"7th Voyage of Sinbad, The",a20247f2706c840615e3a9d44f0eaf7a853e9c2c67e0b475cd9a7fca5ebcb40e
3155,Anna and the King,c45c657d73e3ba292e48dbe836f298339a95a505f4c854bae40ecc26ad5652e6
3156,Bicentennial Man,f43c498ea9ca1638ba656c674b79539a90da2ec6a8576a5952b9539a95563666
3157,Stuart Little,f2b38f1c19ef6633355acaab9546da688e237590ac45d4a372c9895d96a3c49a
3158,"Emperor and the Assassin, The (Jing ke ci qin wang)",985e9c2c3fd1b3c078267819f1981f67f6c76728b192e0798c7e22179be39584
3159,Fantasia 2000,fc0dbd313fe043c642fa007da0df80072803da00de80f5e0b529fdd4ce77c3ff
3160,Magnolia,97c2914afddb2839fabc5aa5e0c56a44864436cdac436dec81cc65c7cde37c12
3161,Onegin,aa7ee57996206200f43a78d615f599de291a5d8a14f284dcb8d4fd09daaca1be
3162,Simpatico,94eb71bb671c9e507b84e764c97b581f948d51a564e39a7273342709590b36d2
3163,Topsy-Turvy,857d7fe181ecc91a369124524283a1e89a1189daf897c571ef6cb14e7a89fcab
3165,Boiling Point,9c968856c96ad6213711e15b28cdd2ad672a716e324536d569b33bab3ca86d95
3167,Carnal Knowledge,c373a1711c8f7f8efb42c053007106bc7fae3bc1915be9164f3620fa96d9b601
3168,Easy Rider,9145cc55241237aa0bfe43b368283b6d05dbf48e2ead29174eee535a39715eac
3169,The Falcon and the Snowman,d1c4dc416cb964ff32761a764f93c7991a49bb2469302d911ed392d2db346f05
3171,Room at the Top,ffeb9bc4e014c028ab761fc77ea4559c83094b7188684e4e87773d239ba1f894
3173,Any Given Sunday,9efb8dbced0c3a61f062f41e9a99c263e1a35b39964661a0c349a6478eb6995a
3174,Man on the Moon,917814f8a6d06f255a69ca726c363cce7119b15918ae4e8672db32fb533cbd24
3175,Galaxy Quest,d8db49843338c03d3c46f312c3c61def64397210a71148e679aba74f3b746eb9
3176,"Talented Mr. Ripley, The",9e6c962e31cc67c64c7b49d94b19ec51698e8d1b696393c7ac6c353017ae728c
3177,Next Friday,dba9407624563981532aacf6393ce3587cc6d88f669a2f34f84df0ce95a18733
3178,"Hurricane, The",a4c9525f949535a43732a9592d2454b53b69a56a3b56e8502d7f55a995daca5a
3179,Angela's Ashes,9b0da49321b29b3a84d00d4d313134e4d2d2706d8b3da3de3d67cfbf851cd4d5
3181,Titus,de82ff813905045f257f79a8b6f8c1ea81ad67b19e81c68781c5de4bc6169a0d
3182,"Mr. Death: The Rise and Fall of Fred A. Leuchter, Jr.",ec78968f39b1485674a106dd78368d23d634f1830cdce4859b7b3236e9891ede
3183,"Third Miracle, The",94cdcd964992b324973696334e656c4399c995358793c9b2d9669879c61bc63e
3185,Snow Falling on Cedars,eda464b4923ab94ba52fb6b452925d4a976d6a5524cbada5e934b24ad6694a85
3186,"Girl, Interrupted",998ca98c698d07ccb71f339a96cc1bc4a3e77209e885f34e42f8ca734e53abb0
3189,My Dog Skip,ea53b56c85a8cad5e1453e23a3581dbe93bc6a44bc4bcc11db0d27b4307e345b
3190,Supernova,95919dbd682f4de5a531276b52ca93906c72c3ce9618ece17d8e9939830662fc
3192,"Terrorist, The (a.k.a. Malli) (Theeviravaathi)",90919b93532692a4949236edadd0e5b43adfd4b3cd643f0d19ab96d2934942db
3194,"Way We Were, The",abb63b5dfc00dc014425c2fed3feb59217c87ea09a4dbc16361be0aed06e4364
3196,Stalag 17,bbaa0fee9e57f0a1dec28f51b08cb8a66c1db891f202cadc94f54763944d9132
3197,"Presidio, The",859fb4bf4972c956369ac4bd302d3e827a426b686f091e4b3d852794d29a63cd
3198,Papillon,9528b4ea962b33a70f9f81a368fac228f2000edcb1e22bea2d7e1b8f5ca5ef21
3200,"Last Detail, The",c3334647bcc81f9310eeef1c8643d30ecae34d3c079b33f311b17804fe1cbcc3
3201,Five Easy Pieces,b1556fe8086b937766028ddd73203e675998e4338fec731999f35e00c27d7806
3203,Dead Calm,e465603179b396ce9ece399cad32c64d61117b338ec4139d733ae4ba488b3b23
3204,"Boys from Brazil, The",e107f8a93bf084700ccf970f6c31b775fe1ef80fe18a43991c7b6cc3609822da
3206,Against All Odds,f19e024306e6f5989b19646574a89b1c6d64b5cb4387e8649d7896bb4bc78d5a
3208,Loaded Weapon 1 (National Lampoon's Loaded Weapon 1),a716be31cae9c49e39edf48a161a870dc0e6e9f89c3cde0683cbec063136a0fc
3210,Fast Times at Ridgemont High,e0359e461b3364cd8963d2bcb6c24d3cc9d9b6cb45bd8a62d364c193be26585c
3211,"Cry in the Dark, A",9fff396a7783a494869d4ebede0c9fe2a921696bf14c281de1606c1ca8703351
3213,Batman: Mask of the Phantasm,b95bb849724577b62c6c9d1e5e0252d27992fde1cb36063d33a9238a8dc35c26
3214,American Flyers,e97e50a59ceb0c55a217e90b1a660b78e7cc1be24499f30e3d862e9be3253d92
3217,"Star Is Born, A",c6ae0e4f39b2b1236374cf988e591499a6c705768d27287a99e14b33de97d20d
3219,Pacific Heights,83dc98f87463c719b49536864c63ec6ae798798cbc25bc3ba31d675134c6990e
3221,"Draughtsman's Contract, The",cabfcf28b1d237e2b0606fb7c3056b4f8d449e709d589d488443e11fc11ee4d5
3223,"Zed & Two Noughts, A",9d68671c7697c5639924789460d9e64dc836d1a3668f62b56dbbd99c626c2233
3224,Woman in the Dunes (Suna no onna),afffe14095154eaed200b040cc004fbbe3f136ef94d1697de05f350bb16156bc
3225,Down to You,ceb2d988dba77bccea248242b168b650b38d942c94eb9716bcc3dd1765118f99
3230,"Odessa File, The",bfff1fffd010cd006dabf200fa44a57dca44c2d0d5af3546c3484a0e259ccc3e
3235,Where the Buffalo Roam,c2a8c64b1d5730a409f2e616c15b346b9bad415d76d70b620626fa963bd9e71d
3238,Eye of the Beholder,c5c6e760707d1a393e07914f8b71b078e34ccda62265d3296bc6b6630f2794da
3240,"Big Tease, The",845e4c693ef38587fa1532b1732cd01e29e83f4ad10e58d10bbdd19cf05b7ea1
3241,"Cup, The (Phörpa)",e667d9985998a667599aa23c664dd9368539e4d98266799ba64959c6a9133e61
3243,Encino Man,d5b36bb897479062d8e86d36e71c14c362fa9936d90c671e66c1c71c1507c9e9
3244,"Goodbye Girl, The",9efc9861f043947a8f9f6b87cb883f0c814f4e81c6baf39735a1b94078cf1862
3246,Malcolm X,cb879c743210431e36cb472b193824cb0cb6db6d66c93596f3c4f659d9b6b344
3247,Sister Act,e571b8a490fb6c66b5a96b50ca528ecd859cb5a95a6692539b129ed3c70d4cc9
3248,Sister Act 2: Back in the Habit,ebc14ee9903eb142b42e78b54b4169aec0f6a74a76f2df46d52c9c17854620f5
3249,"Hand That Rocks the Cradle, The",bfbab9a749456a48f11c0513047a356fff276ea766ad790f78116090145e0e5e
3250,Alive,ff4c4e4bac61310c421be4e5bdcc1c98c6d8b9c53d12879a60ebbc765f1c23a9
3251,Agnes of God,c754d86298e78798042938cf71e92e1c7acf63f162369b576a7670e3998c662a
3252,Scent of a Woman,b07093e74f8fe6789b346cb9cc41cce662e3b316334c38c6f463d7312318cd8c
3253,Wayne's World,bbca0f20c447483936fea7957c00764a35f7027df2d0ce2d364f9ab62e34b348
3254,Wayne's World 2,9ea3e95810fc26e43f21311ec1779af02711d507ec9f5a2039c6678f6f33385a
3255,"League of Their Own, A",cea24e2b8359b544d383939590f4cd78a55963c65a2770a8bc514ebeac762b67
3256,Patriot Games,b2244d5b26a3736dcc5293adb9bb6648efa75588996412d9cb36b664499e4585
3257,"Bodyguard, The",abd499fbb50227376605c4ab5a6921cde319391d9c92d19266de66013e6dd16d
3258,Death Becomes Her,93c44da86c5b1276bd3312b5eac452cc69cb6b8d32e7b5644470ec789538973e
3259,Far and Away,c31133536dadee8c4eefb2ef327ce530b503591130bc5cc62c8f2483d3f0a3f0
3260,Howards End,e7ebf44978370b3c95c43ccbcb19dae5e06425458599ad8ab326f231b49c891d
3261,Singles,dabb0d7ea74559a9886d3695c4826f4091fe988b3f80c7764a6bf888879d2336
3262,Twin Peaks: Fire Walk with Me,c5c311f818fc4e236b836b1e3c5fe70597801c3f47bb1cf291e6c1c1b870784f
3263,White Men Can't Jump,9f1b45ce7031bb4c45f7b8884e6fd10078760f8bb568df0740fa3c1f6b45143a
3264,Buffy the Vampire Slayer,d931c4f886fc630e271e8f966684e4d11666b64e718e2d836de1667d1f2de00d
3265,Hard-Boiled (Lat sau san taam),914d9011b833ad59c771b353198c8cf46c39690a73ce64f6163d378d1de64d6b
3266,Man Bites Dog (C'est arrivé près de chez vous),98a2c9aa9bbe1b6c6d957289690c90b6337317b2ce02e6498c7e84f933f973a2
3267,"Mariachi, El",b34c63c9cccbc983e11671c4f8c4bc961d0e0d9e0d8ec78fa5bb10e15cb9fc94
3268,Stop! Or My Mom Will Shoot,f46e2e1151d1932fea19acf05e2f6a4a16b125ff91c8c8186c2197a6a7cce9f1
3269,Forever Young,ba153a355ea947896162e45a6e346d87e9d4a7515c9c917587c37824a3bcef41
3270,"Cutting Edge, The",c953af89b4a4d07652dd93429f231da9ec6362fcc6b4940e528de1733df01b8c
3271,Of Mice and Men,b9a0064fc647a139975b9da6de09a84fa1716493759e473869f6ea05ee018ce7
3272,Bad Lieutenant,c3c76b8f3039b670bc329c3094e63988f1999933c666e56783f0b18e6f8dccc8
3273,Scream 3,8989cb666a66e599e699364238e7b0e938d839963335c339ce0bcf27cc646ce4
3274,Single White Female,958fd8304afd456b33813f706aac7282ed90b359b2072d073e5a06df25aac7ea
3275,"Boondock Saints, The",980ff4d90ff9650934969a41d8832b6c6c7e69221b674db65e305e8646fa369e
3276,Gun Shy,a3398bceafbcfc6b79e667fb3eeb6fa4f83b683c404a8383a70442084812e0e4
3280,"Baby, The",eac5d5ebf11a2a1c8fde7f869542157cb8716aa832a3542297308177e3346b87
3281,"Brandon Teena Story, The",94e26bf52ebadc55ac2814ca2ae595504a0a3d3c9ece6fa4f7829ee13d507e88
3283,Minnie and Moskowitz,8e158e3fb135296a2d7a75cc36fca6b107b0d6b439e4d9c87b4ac20b86178633
3284,They Might Be Giants,f42ae9d29ae493cfdbd9c2041d339d2a6ee5be24e87c94dbd1820f336b410d21
3285,"Beach, The",e15dcd39d480b3e938577a42af57ce9049a8a90e3aa8ea8165a944da6e7fe742
3286,Snow Day,ee35366bd18e5b941de365b772199e6869cc82859c2661d847789e136907c7ac
3287,"Tigger Movie, The",bfefb912290084cfd092cc25c3cb3b9aceed62e7de4cb1aaba319e684193c41c
3289,Not One Less (Yi ge dou bu neng shao),ce87cc721c6db1055b92ae182dfce163e6c51ee23137118e4f0cc631d5d3a29f
3294,Eaten Alive,86d9e67b763b921c261ec59409b4a1455dba6c37890c129c684341ef2fcd2ff7
3295,Raining Stones,8c59cc0ab74533c053b8c635ccf118cdb7c65d06c038a67db77b0bf2cdc04f5a
3296,To Sir with Love,bab97afc4f54c516d093782b856a87e5c22cf04c8cd98db3d414b722a70fc60f
3298,Boiler Room,c0c9e8cbbec11627395ec35807046f1e963d16970f82870f171f197df9d49cf0
3299,Hanging Up,eae19b16957872e27b35a4d951facd4d3f175821c8f19303874bda58a47441a7
3300,Pitch Black,8e634cef65e69080b9f772736688351c0e79b69464ecce30b99dc16dd610719b
3301,"Whole Nine Yards, The",e0f00eb09f14ac5d0df00ff99e0f728e73e533e963c3610e614f707c51ead12a
3302,Beautiful People,94c5c38c3f397c4869de84f360c637a30fa79646cb9c49e79b09db382ce4b194
3303,Black Tar Heroin: The Dark End of the Street,feaaf157c15549a814dd5e18c82880ad27b631d2329676ab81efb76467bd48c6
3306,"Circus, The",f32677364570654b6c4bc8cc6ac4acd4a4d664d2d2ab5a33952d9777a54a8d4a
3307,City Lights,8e712e7bb18c59a60ea7cb947398705891736f233339ac2d6ea3b0716aa29ed2
3308,"Flamingo Kid, The",db8d55ec466f3e4324f26e3ce18331865e79cbe1944746df99642c6ccb24318c
3310,"Kid, The",b7668e03619fa1e5cc4a74f29e356e3b0b92718d01cee6934bc91b6c488e2dce
3313,Class Reunion,bbae4e8b92fdbc259b67e414e0c1f21ca76039f06f043cefce3903c7c81a026b
3315,Happy Go Lovely,847e0fc42b94703e7c69dbe139ae99389b39c2694a4286dc1cabe796ee8581ad
3316,Reindeer Games,bc64b4ed47974b222360c4e9f8cd9b37a776f449de0907b641b240cd4b4f3b06
3317,Wonder Boys,8569cad23a921dee51ebf1656e6186974f2dcccb55836151b250a5be4b2e3a43
3323,Chain of Fools,85049e9878d0e6058f45b4906c93c92e4a6d473b33b419e75aca7bfa6f396c2b
3324,Drowning Mona,d05117210f25e8f4b01a1b1f683f6ca8b9dce10f86abd2f040e59cef72d712f6
3325,"Next Best Thing, The",af991aa1b027c40f40efe2fccff9c7e253a0ba1133133307138d39581c9edcad
3326,What Planet Are You From?,b8b217bb674ce346b8b13c5a962f38d0eb218364d2d22d9dc5e92c3e9c2c32f2
3327,Beyond the Mat,85db12781a3c25a3710d3e493f4f5c1f2cf169f46a63c3c4c7ccc20cd9b4b639
3328,Ghost Dog: The Way of the Samurai,b93ec6e4c3991e5396e4693ece43a5b19e264ac6e2783d8305b4db6e6a319614
3329,The Year My Voice Broke,8c51ff9e11275de7a6d82766d922268d6e549c7b312c66f4eedb31049cb16302
3330,Splendor in the Grass,9095630137cf18fa6c2f4e19798f78604fae60e5b80733805decce7e43db1879
3331,My Tutor,a3d89424cffb7cc2b0040b19fc271cf36807c10c36bdf173478bdc6419d97697
3334,Key Largo,feae814580103ffac4061eff96d57000c5cb1d7fb31456f49c851baf99316c27
3338,For All Mankind,996446342c9ef6c9127869261ba364cb0ecdb7cbeb649d30c893e354b4d96ecc
3341,Born Yesterday,e7d901b04eb3c7c9e7b632e53548363e724c324436be0d15e532c18f4983cff2
3342,Birdy,d3e0fca42a99063e7e0acfd0c8afb16539c9b5965616c90d4617a94ff4e166c1
3344,Blood Feast,84ddb5997122c2e2ce50296c2dcc978c93987b9352a336b133bc837cad736d63
3345,"Charlie, the Lonesome Cougar",ad70d83f93e725a1610f1a7c949e87a7c1c9625a1ef69b8c1cbbe122627cd099
3347,Never Cry Wolf,b749cde258e4f61d1117d9cb6633bccc40a8ef703f3144b6bddb5224b80519c6
3350,"Raisin in the Sun, A",d83c828b274539631966c63a41b8c1cd3e429d676e3ec69c5e33966c2b39c9f9
3353,"Closer You Get, The",dffaa62142fc9fce6fe1e01f717ce2e1bc17f10480878e0f3818c1c0063ff839
3354,Mission to Mars,8dc932623333d1897894b7337233989cb363b83735e6966348ccb762f6336236
3355,"Ninth Gate, The",e11d60f0bdc61fb5db5a1e039e80a34041afce9b387a63bc43c920f3e9757a89
3357,East-West (Est-ouest),c1f441f539819a9a6e5d325a6679d6289fa94a2c88d6fdc6e70794a2c2f5b251
3358,Defending Your Life,b799bf84486ff13333198fcec8c4e03b73f30dd81f95f203c43331cc23182e47
3359,Breaking Away,eaae91459553c408e11433bb6e6f8efd95556ac8c0823bf395346a2eb63da45c
3360,Hoosiers (a.k.a. Best Shot),db32af8f74e50796029b9498efa5532017dcf4f4c506f94b51380f27ec0ce1e4
3361,Bull Durham,83c7ae4c3f3c534548ebae1eb7217ab2919f588969a385d366ce53ce4930c6e0
3362,Dog Day Afternoon,fae278c1e55067f887ea850f9c2f9e14951c78ac9d09cada67b0e1256b59305b
3363,American Graffiti,bb85c13fc6680ea4e09337c9d0dbcdc6c6e95a1b14e659311b2c76d6b19eb025
3364,"Asphalt Jungle, The",eabfe3b9c7ef3d4199409066ec04959eb35b1f49c4604c3b961517facd98c122
3365,"Searchers, The",9faf9f687064e38663ecf504de106ce168ffca1bd290bf348d54c187905be00b
3368,"Big Country, The",f65bc9e545b33e0b736ce4f29d1972c664649f0c7993acacc648b33370a1c449
3370,Betrayed,f01c7c76528a39c926e7e30029db0c4c0b72f08f92f1b37837b4e47248e757b7
3372,"Bridge at Remagen, The",d41c497a42be39c17ea57aa726933b1ca6ce953c7a6770ba3a4146a5cb66c941
3374,Daughters of the Dust,e8576b4c91a0953f1e1f6ad64a4c257b212ac3f136f5960e95964e704b7b998c
3378,"Ogre, The (Unhold, Der)",f40b07f568165feb403dcf8635d0c20697edf40a6ba60678db0b6ac506f0f52d
3379,On the Beach,811d26395947dc273ebb12ce6fa279c17e282d8410dba76108fc7eba0fc69273
3384,"Taking of Pelham One Two Three, The",aabf622fc20491f4b4405a68d405de33c2814fa387c529554fb8955ead5b6f77
3385,Volunteers,bc2692f8083dfcaa33c447de2b03d9f03646cd1f97c160391be9de02565cb16b
3386,JFK,c4c94d32b670b30f732616ecb730e31b599cccc99e67ccb07e08e26cb3364e89
3387,Who's Harry Crumb?,a255b10ec03c6ad6fde814b91b5e693cb4933ecbfe302e4cb03332d2a9596ca3
3388,Harry and the Hendersons,d1153515935170c38cc86a1be105f5ad1dba49a368cb3cd877b71abf68f14b94
3389,Let's Get Harry,c411392c6046c6d81bf962c733c5dd22c41a373dda6cc8b33bb9e6053c3635bf
3390,Shanghai Surprise,bf903fc0c0efc49bc686c22c193b6963d30e1d366da4b72434c674e3a7923676
3391,Who's That Girl?,df9bb3313ab2e4cc4de6cac67886358fa275433b4f2b1592b05278ae3c29da10
3392,She-Devil,e2aa9d57b37404e946bd4b928965b44cd4cb6322ca379d58b649b8e6619bd9a4
3393,Date with an Angel,80552eff3c2fc1131bfe3b007807c7ff4e409c0f69f831c267aeb8274efa88c0
3394,Blind Date,bbc65039c6703c47e27f6384da1833d0c06f4d7a5e1025c7c82f2d8da73643fb
3395,Nadine,85f9588cc84edaf5c1383d653e8761b07fa78a4cc253959a95a4b42e7c6ac32d
3396,"Muppet Movie, The",b8e70297f4311ec7e559863f103be940c7ce607c83d91ceeee2497791c7a6902
3397,"Great Muppet Caper, The",c1f8a5affa61bc30e803e1eca41891e3078e5e4159bc1e4b6bd79c8abf32e216
3398,"Muppets Take Manhattan, The",941650bc47e39ec72ac8f11f1bf3ec40c7923cb9325c6ab6e5a887dca231e40f
3400,We're Back! A Dinosaur's Story,eec7b3f471306e1b7e7b935c69865a07681c6c31e5c338463a85dc982cd95266
3401,Baby... Secret of the Lost Legend,c2d817c34c8ba03c7d2e3e8d905ecf72f79130e63c7266b133cdb1621e1c65cc
3402,Turtle Diary,e666910d1999e4c6666c993959b364cc964c5b32e5133ecd95266fb294497b33
3403,Raise the Titanic,8baed2adc6452f4afa116e57a4d193b59030b43ce51c6958b9151ed9c3d396a6
3404,Titanic,9cc99edd63b56122192793257638f6dc094ecd2a59b516f1a4695e4499ca8dab
3405,"Night to Remember, A",a824adc4c925db2a4b52caec7742badd37ea72d932ad176972d98e2472cd52a0
3406,Captain Horatio Hornblower R.N.,c958275b36265c3658ebacc119e293cb738b6a864a3ec6780d126f0506fbf1f6
3408,Erin Brockovich,ecefb53568889bd7ccccb28097dab322a315a6bac6590e894c69ce6a4c655c69
3409,Final Destination,915536486e3a91b54fac0f3ab0b5cdcbb152e431a5db16c81f2d26df4788986d
3410,Soft Fruit,b151c6174cfe315c16c14c656936971d3e5a2de3c70e7b18b1c903c76a3671e3
3412,"Bear, The (Ours, L')",869bde13796431a4e6d3c6cb9387db3aca780ca9b1cc61b3173ab68e62d80e49
3414,Love Is a Many-Splendored Thing,be9e1c3ae873a1cf870f6a35f43807ccc102f400be1805fee1fafe08c782f8f1
3415,"Mirror, The (Zerkalo)",c1f2c7e03e0c3c0e31e9739339333c3ee2cac7c1ce4ec6e4c1e159b1391c3c1f
3417,"Crimson Pirate, The",877fa67ef2bd7983e9508a5196cac06b9d054bbce1b9118a86bcc730105390ff
3418,Thelma & Louise,fbbeb2149d12ad11ad512febc6e1c4e1ccc483a41fa2952ee004427e1bb99bdb
3420,...And Justice for All,ed696f399311bd914dec9ace98c60ee6366692369b9bb2519a4998c99649924b
3421,Animal House,ad00f10ec1bfc3f54e744ccbb643963d1ebc36464ba3c31b21e6699cc15e2d89
3422,She's Gotta Have It,c7a1cfce464ec6e21b33b1986025e06d8998189ef6329b11719de5e11a7eff22
3423,School Daze,9201cb0f75d68f35bf41f48a029fc85a62ebbd0554ac62f461aa20d30fef7d2c
3424,Do the Right Thing,8872f0a16f4517893f5c66bdf0b5e0d2b702ae038f6287ec41dd305f3ecc7c14
3425,Mo' Better Blues,87d687069c213c987a8a3ce7660d61d0fee7660f8e5563116bf0ea3d71d86b81
3426,Jungle Fever,ad0bb94bf95a621a92d217fc42acb52db7258ea4c652429238929dc9c77f7c0b
3428,"Champ, The",efa64faf6bef31c1a51be5b2a426b43d9a799c58c41293448e65bc64d26c6910
3429,Creature Comforts,97318cc3c40c1cfe7f98f1807880e077c77b738b63ff0f6a0c007c1c60fe01ff
3430,Death Wish,bc1f2c92c1f096dbcb4d4b68b52535cb5be996143e1ee9328e3364e3c1e05b18
3431,Death Wish 2,ec1a613892e596874f8fc9e939666964c4983c9b265b361e316ccb6ccf07b0e3
3432,Death Wish 3,91bb31126e48c0edcfa4cb063b0e96b4c4e96f07c1fad2fb38d3917cc3266781
3433,Death Wish 4: The Crackdown,c991a75a721024737e679ba46c87c5acb147c9ca9e5e659887d63a340f3d246d
3434,Death Wish 5: The Face of Death,cb00de9135b403fe82f6452f4f93196e38916dad7e4a73b78b010da86c78ce93
3435,Double Indemnity,bbbae51fc8d7c165b26cb5d99991185590d93126ef244ea68c594a48d867e1b3
3436,Dying Young,ad4dd01453b22f695ec17816a12ed6f8cec1690772d6b3789529cad36cc7352c
3438,Teenage Mutant Ninja Turtles,c162e763378c769f68d389721f6c316de8959fbe353e4a00902e4e7113fc3815
3439,Teenage Mutant Ninja Turtles II: The Secret of the Ooze,8b73b133b6618e2ca50d9196b3d0d969dd24c7526c36c2cd45f56c72d2d82cb9
3440,Teenage Mutant Ninja Turtles III,dcbae8009f8fda87395671ae43fa2519e43996466344867fda90352ace3d27d0
3441,Red Dawn,c764b0ff50f14e0c6b8e31386419c0e33666d58067c3ae74f87fd159de266346
3442,Band of the Hand,ce5a91a7c0dcbe0b0da0e0cf783349f8be1e8d7930a0a6176e3c2704d9f72f2c
3444,Bloodsport,dddbf3663d9de62d6c06c81383cc436336c024e7917be4cf7b3296067980b8b0
3445,Eyes of Laura Mars,aeef1afe5b9aec01e75386b41e6a78c4b194961991e3db86da186053e1c3872c
3446,Funny Bones,d0cc727567138d823aedd06d2cb46f12d1523aedc1236d926ed093223fbdcccc
3447,"Good Earth, The",bffd1e4cf281e189e09d60dec75a4ba09d262c58da6ac9fc319e19c09d810fb6
3448,"Good Morning, Vietnam",80bfc4ee2f043b3032316f41184998c539c68e92e4b8e1fde38fb6391ef39bd2
3449,"Good Mother, The",abbf1ede79225aea8705c23fe8552dd88dc597a0d284316e9ad22d65d2b19924
3450,Grumpy Old Men,afbad484c4c42bd09bbbe42df911995232e752b7e2483d4c8df464a4d692c65b
3451,Guess Who's Coming to Dinner,e7b8bc67721853cb1b68e04524b747bce2c18c5b85d6d0b09b6b9b4bc5b324a6
3452,Romeo Must Die,c8c3cc8b1e7898687126374426ceccaecb32433bcc733ec7366cccf170e3c273
3453,Here on Earth,d265fa8d498d856695335433a67269d8699ca6b554b0e47826785b72d8c339eb
3454,Whatever It Takes,81e15971864f1867796523c1d5cb1a944eb496551892e7257b38ceba3dc75a67
3455,Buddy Boy,cd96c98b32e93674ca8bc98b9736cb3b689930c4666846339b3699663cd866d9
3456,"Color of Paradise, The (Rang-e khoda)",ea2b71511ac44ca84e5a07b32b6f684d7de30496927487cdcb1e9e94197ef0cb
3459,Gothic,85562b515aa2e4ee035bda987c2ee31a929c0df9398766f0f321330f08e6bda7
3461,Lord of the Flies,8ca9774d25299cf4e32bdda93474b9a9cee2751e31458661da9a7c6b1e8486b0
3462,Modern Times,e9aeca0d9eee913183313c5a99476f32e24310dcb19c4e359e63934a93b368ed
3466,Heart and Souls,c3185ccebcf36330836c1889dc177637b4c9c9c94bd0cb66731ca48c363f3a9b
3467,Hud,befb3eecb4441663f01175cbd2006b9cc923db13ed4c8544b9dca555ad44b313
3468,"Hustler, The",c6bee477b940996990d1be9795171138d24166dee434692ac12b4edfb18563b6
3469,Inherit the Wind,fca34571b955363c64161b904a950d5c2e5e83bf47653d831b013e41d4f8b5fb
3470,Dersu Uzala,bffb9e399c62c22ecbadec30a49424d3b44629c9e14868cdf20b43a2e275e6d5
3471,Close Encounters of the Third Kind,8dcecc6e3609b2b1da333913636ac66e9cc61c85a4e933334b938b72786e6687
3473,Jonah Who Will Be 25 in the Year 2000 (Jonas qui aura 25 ans en l'an 2000),affdd00f3acb6bb1c530d2e1c4042fe4c48616e494726b58d07b3f38915939ed
3474,Retroactive,da1a80f24e3ba59725874f4ec1e0da2438a417e69f1e891ddd697b691e39b511
3475,"Place in the Sun, A",afaf5afac9a0e500905ee475b4931f8960634da69ac0602fb7dc3760c865bcd7
3476,Jacob's Ladder,cd8fcf8530b8307a3e74c672b19839c991c7c7476787c51e1e3c6e349cd819c1
3477,Empire Records,bfa9c2f6dc409c29c2fe1eb9d5077252e405e9958285d1ba93587d72562b0ce5
3478,"Bamba, La",ff0796078560eda1225373d8d18f632798f0d4d8667b8927298fb338463ed48d
3479,Ladyhawke,da40ca504b95258f254f2d66d46ad8b93199352f1e2cf2e476da175e94a69c6d
3480,Lucas,d52d8a13004ef5643f83903ddf55cbc2789474b242ef3cef9dd80fd260b452f0
3481,High Fidelity,eb6960d6e4d63f18941b9629c486c6ab9be19bf04a19ca56c9fb2c789e0e950b
3483,"Road to El Dorado, The",9171b0fd468f8e66701471b1e8632e4b267c353ccd8bc58765a675224b5ee359
3484,"Skulls, The",e7e3f3c0fa54da75b542b1e3a4b51a1d081a0e34398f392b34f0399f4b4e45a5
3489,Hook,feeb6a5fe50485af49b15fb2b442184cf09c73f1a213764ce64c4e1bc4556e06
3492,"Son of the Sheik, The",c864becbabf38138f708ce8c60dbcc711f60f6c54996a1588e69d304a3b4af37
3494,True Grit,8fffce3bcc299c74b92459a8e9288cc9a4d13493e2c724c6b1c67321f399b998
3496,Madame Sousatzka,c1721ee4179ae1e17a34ed0a20f19a3fd748f8d526ab9138db876472cfcd160a
3497,Max Dugan Returns,86aa36a8875b495b384718ee48f4e1d62fa8c52b615b1a52c97bc4bdb5a5c3a9
3498,Midnight Express,bfff3bbaf2028d6ccd41e443845de805ca19d0f0c1e6c924b91dc698c4b19d6f
3499,Misery,caaac020e0d4fd57f015c0bfa5d52f1b854585fb9f440fc43f9396bcc4226e96
3500,Mr. Saturday Night,c1e5c92d0b56ba4a8a5a4b4c307534a5fdd544fec92f8b0b5f6b332d606bac41
3501,Murphy's Romance,f78ee279590489b62451a4cc35c61be61d265339cd3844e6e8ccdbcf4a7ec866
3502,My Life,f3310b108aee74e0815b92c1533afb3267dd62c8ec66d449bea5d81a729bdb25
3503,Solaris (Solyaris),bffb9515911195e987554eeab4a47aaac264233785c49dd6d419e0ecc85167ac
3504,Network,c03192702cdb2d8c6b4e7b739664843361cf9c929332c8782db137cf4b4f734f
3505,No Way Out,a3a4753a5ec71d1ced994a6692aa7ba6d17c0ec3b80463e99a7a2f84c59b3825
3506,North Dallas Forty,bbc02a42c47b8c3b0f1a633ef0e6b4f46418c18ccad3b6b3b4e7cc59c93c932b
3507,"Odd Couple, The",cbe0480eb45a2fc124b770fa583c5cbe60e5e0bd0e1574431d9e1f9ae1e03fae
3508,"Outlaw Josey Wales, The",beea4afb41bf3d45b455c404f938d2fc26878511c3c9d1168c634f499b1ec5a5
3510,Frequency,9011f03157ea1f6e5a79425b0785c3832afc8bf6e078b471e0763e155e9b5e2c
3511,Ready to Rumble,d5f7ba453e0a5f7e45ae6d13acd192e1333e232cca9536cb068bc5532124037d
3512,Return to Me,f0e8f8b06793f7471a440bd54781f40ab81a83bac1e651e4c4d43aadf538ff13
3513,Rules of Engagement,9167798da13362d9125acf962d96d5132d8cb625f0996ef1c16c49ca5aff910a
3514,Joe Gould's Secret,80aad5fa2b0f7b0d6aa555902dc25f5bc26f96ac949cc98269213e513e5d3a5e
3515,Me Myself I,f6cc56aacce129c1136e623491a3c8b3c791313639b4cfa9e4e571c9d9b6849b
3516,"Bell, Book and Candle",ebd59b45b47e2a1d94ba2197c11b207ab179927ebe4ddc6cc38059c69c0979b0
3519,Force 10 from Navarone,e44a115ad0157e003fc504ff67bc7e1198917be7346f971b6fc981f2ea22c41c
3521,Mystery Train,f294a1442d49de9949b63a6e12db0bb63ba645ea4ccb3f25e314bcc49c337b18
3524,Arthur,bfee4ae7d190ad09e6507496616b93319d93c3f897ecc38596d19724c2493a13
3525,Bachelor Party,8550ec401abf32bb4f8f4b8c7032c4b66cbcb663731ab55b33e30bd53333b421
3526,Parenthood,b8cc9eb3c305bb4914da61a49673ec0c6d9bb5c98369924e4cb77cbab1c98f10
3527,Predator,c451cc211b2795f2a1d8d38ef263a8733989938ccece3c3c13f9cc633cc7d0c7
3528,"Prince of Tides, The",de0f011eb6f19373982e7819c3bf4ee1b806488f0e39b2386fc083e77877417a
3529,"Postman Always Rings Twice, The",c035d0692fce37c61c78cc38c1a3d3079e6d3ce465963c3989c9c3ced32cccb3
3531,All the Vermeers in New York,e6ead3aa4dcea4511b55cc843231b9648d943e5173659936843f971cb8666bd5
3534,28 Days,923967a148fa8d54b72652861e9ecc7a63c32b06c03cbdf1ed0b350b98f1e3f2
3535,American Psycho,94dbb54a837408f59669e70a319372f564e5b5a1a51a84443c9c87f73cdb93c3
3536,Keeping the Faith,be851e87c33b623833fc814ec00f65839dc1985e783f6fa185f078bcc38dc3e1
3537,Where the Money Is,84678d0e7b10331934ad54e770c659d69c38cf31cf8f852ba86b23c5c6353f39
3538,East is East,a27e367ec4a4d4868f4169498dd9da91da112d2b71a2da5662de85e90e6d25bd
3539,"Filth and the Fury, The",c55148ce3084ab7356baca51f5ec3cf4c39a3637c03237e490176fba966171b6
3543,Diner,dccbed10e51a874f0ee30b8e4a9870c27a34a635a0e52bf4b5d71b2d3dd19156
3544,Shakes the Clown,a533c7b39e7398cd9ac4594de1ac2f32cc0f72f2964b26d83849c30d2cb09dc7
3545,Cabaret,ebeaad3595a412f6eb53fc2882c5c25a9ee13215b25e1be390ad83d4f243948b
3546,What Ever Happened to Baby Jane?,9bfb279be4249a5c9396c190f961d66f9953081e268673f64eec2d8f33023c51
3548,Auntie Mame,efbbc090d1c92b47da35b0e8e6c60a99ed320ba3e0d134da93cb1bf6cd90e419
3549,Guys and Dolls,ebaf78479c611d5bb011d0250bfe0fba60d863b41efca512b92a9e78fc05187a
3550,The Hunger,8d995a9de0e6e5233326a44645ccb299c933f3a724c6c89b339c666cc9933f36
3551,Marathon Man,f84797e5c97e4f0585fea4977ef1b543b34dc328cf12cc31c4890f481c0731e2
3552,Caddyshack,c916e83944c0c7d27f1a4c25c3ddd28a9595b479332a37a67a0d6a5bd2dcb5b0
3553,Gossip,e518249ce96f1a730fc0d79a469f7a3172202de0d7b6428f163bf068a578cd2f
3554,Love and Basketball,bb81c41ee1e3ee68b3261d0c44c711f8871ecec1c8dce726bb20b90dcddf62e1
3555,U-571,f16b2fb409ebf893f314856b2fb0e0cb52a64b1936630b6d461b94e22e994e66
3556,"Virgin Suicides, The",9e95eb8cf16a152a0eb5e0f5701a8f031fcdeea49f0bc1f0e0f53e1fa40143e2
3557,Jennifer 8,de30c92431cfb2e73e11649927b31e36e8c6c78d2f3960e7960cd8718d839f1c
3559,Limelight,ad11c2d7496c3d65d0bfa75924f7b40f83e08d2f5992e0d8434b6c276cf285ca
3563,"Crow: Salvation, The",9fff960a698169d59c41d6a8a70c3f6eb9004bc76c6290b1646f6f18929c6be6
3564,"Flintstones in Viva Rock Vegas, The",ca93cdc077e65aaf80b9e5796d2e38667e1c331893c9c68dc2758853479a9664
3565,Where the Heart Is,a7dd3d36986e4259d5b67ea6c2992922c86e941dc5b68a486bcfc983226cc7b2
3566,"Big Kahuna, The",a557ca6c94aa94ad4ef18b55b45a29b64ac723b148b0cb2d6e288d6998ef25f3
3567,Bossa Nova,c40f8c8c13f233f04e594c1f7a87b70f2ecd81e6b9bb4e70447864cc66693b33
3568,Smiling Fish and Goat on Fire,aff8d04b3ad69da292ede539e4b06386f09cf003b1853c85c0c3c2754b6dc7ad
3569,"Idiots, The (Idioterne)",c145a412fce252eacfbe3fdbb125c31d827d8cb5e6c6b044c4924ac0f82d69bd
3571,Time Code,ff3f13abc2c6ea5aa41915adb964cb300652e0cbf605c62ca54591a7e999ad1b
3572,Carnosaur,9084d0467a791da9a9c666d695b9da7829719538da86ee4bb56953ac2ab6a933
3573,Carnosaur 2,b94d39788d32d9b4d8acf45c34db3519b85c9aec2ad26a924cb24d24ed696c69
3574,Carnosaur 3: Primal Species,ebce639c9afc8c6ba63e934b98e196b4d2673981c0d06e73c6116318ec256f92
3576,"Hidden, The",8407a61d2b9e5be65a23702b5a3e94d26e7096144ea74ca599efc4ceb4520dfb
3577,Two Moon Junction,eaef4dcad5153225b150c0f2c4153f149141e1dbc544cefddc093cf231967ba7
3578,Gladiator,e5acc2604f43399f39b011c3965abe6c7c61438cacf4661e63e3c338fbb60d38
3580,Up at the Villa,d0f8e2d92f833d24303ec03ec3431fc936f09c66983f6699c1664b2e86ede1d3
3581,Human Traffic,e989da769671858dd69a69d969273618d6ab4f8486542963958b94b468f4e85f
3584,Breathless,c0f27d99265c526a0db6f26bf1cc66a21b134dec7390bc4fc37089919c7f81cc
3586,The Idolmaker,c1936e79942e1b91446a4db4dd5aa765bb85d80a3264029e4f72b1d93f96d726
3587,Inferno,99511ba9e4666696659b844d5acd993239e6c4466eb9e499c7396e6390661b9e
3590,"Lords of Flatbush, The",9543d0c56fdc3b2e0db267d17a18a56225a5350eda9b8c33a46e78fc29284eee
3591,Mr. Mom,ff8f2bbe64700fb0138ee10d8e33c83639c637d9c2798e429dc7d8968618c669
3592,"Time Masters (Maîtres du temps, Les)",936454d94eacc2569553bdab6d896849364472367b3a7969b9adb4acb5e46064
3593,Battlefield Earth,d0429d0fcf33e97d461d1b3369dc74c037e3708a34f9127a273638194f0e66f4
3594,Center Stage,8ad60f54f7233fa7ac62e636768e8b8e906c5464559ed5b486730e196e0c0e4f
3596,Screwed,eb13afec28e3dcd2018cee33d36be00484f634669f28d919f1ce12370f60e46f
3597,Whipped,bfc0c9171b64de63b51d422995dbe43a853ec3b46621e19ce0d417e36f059d0d
3598,Hamlet,9209d2c066ae65af39149e5b5c5a5b72d36921b825b4a1e765a3859f269ea697
3599,Anchors Aweigh,babfb4edf3418831c3304344b704a402d0a2f1af9c579dc291ce90afe8f95bfc
3604,Gypsy,b7ba66eae9c539b7d602a29dc4519ac9cb642b56c959f233d84684d984d8d4b1
3606,On the Town,abe4248c93533b70f08fe50c96709bd16d5c6ae7f492b14cd3d3ec838979521c
3608,Pee-wee's Big Adventure,f97bbc368dce3b0cd21bc643968590b1d9a4c649e659a3e3938cc9b074c24e6e
3609,Regret to Inform,b800c5ff47734206b8ff92fc6f208493476b6d243c99406da9f6a681f93c167e
3614,Honeymoon in Vegas,fefa2efab42d2839ccd482b4b183f141ca7d871a359a39c4a9e4c47bcc132bc2
3615,Dinosaur,90cda7164d09463816e7eb4ef91650bc8f9b3c654c97b2e769ba71c1d2406cab
3616,Loser,d444a5859b3e07d33dde032d3cb6e2d96a92f4489160fe65826c2d3be73230f6
3617,Road Trip,e358aeec0847b2461efe6daaaf0568593a1213fb01dfba91c972a55c47f89461
3618,Small Time Crooks,e2388fc198eec725e147ab1cc4c3dcce91a82b3d6f7070d6c687ac38258f3978
3619,"Hollywood Knights, The",aafb0ab39104d408c48c2cedc5f3a1e72e7f92b27c886f18e393ce4df261ec94
3622,"Twelve Chairs, The",ca5252bb6d0ac56003a14dcfbd3d7f8e567992906c6b13d8bd6386b05b81ec96
3623,Mission: Impossible II,a129329fd297f02a6489ece2cc8025cdcb76435e3bb7d0363a5de6b2580e27d9
3624,Shanghai Noon,be1bacf3c6e8934c7a46d5aa1993c858e5609f05b414e730d5d9c1c9f33d82f0
3625,Better Living Through Circuitry,d7f0b8077e89d73a18c3a21c5d8fb6f067878d70331c27e901fc30c42f78726c
3626,8 ½ Women (a.k.a. 8 1/2 Women) (a.k.a. Eight and a Half Women),924952436e07eda6adb63d8492f893d9364b16db05f5a9b469b642783751364b
3627,Carnival of Souls,940917fd3d28e1c36f1f3d62a2cdce3859e7c91816ba790f1661632ac2e20f1f
3628,Flying Tigers,bbff13bead943cd194ea3e078661e861e471a5a6f153448ea538c118f64e6e48
3629,"Gold Rush, The",8798dcf87c636d47a09152bd4e2e2665497191d6d9863cc7b451b758538c6b8d
3632,Monsieur Verdoux,bfa0e0bf9506fc70e3fc9fc58443439ef0f5c78ee01a81ef7081638060f09cf3
3633,On Her Majesty's Secret Service,ae8d2c569a7243393325366c749227930f69c929e0f8dcf794273a4959f27c66
3634,Seven Days in May,d4b4d2b11f2c294e794e2b0e6fd0c4d1dcf23413252fe361e765827cd49c9f06
3635,"Spy Who Loved Me, The",8c736ec61ee591987b18b3f12b149bc3e5a3565cb18eb8332271cd38718e69cc
3637,Vagabond (Sans toit ni loi),efdfa55518a85aaa73166a768f498589e101d244bc563932e3236ae997351fcc
3638,Moonraker,965368d82d8ef63140c497da3e58214363ce6e1c9cb153f35bde171e1c72692b
3639,"Man with the Golden Gun, The",b132f9e1e44c368c2f99e48762c292a3b4da5e5cc38d4ba3b34bd64a3699a659
3640,"King in New York, A",f9ea330cc78fc671e33c30ccb455b633bd99cccca664e222b1d184d3f0274e26
3641,"Woman of Paris, A",b431cb9e43c96c8e8db29e6d35b43176c6d9c9259c936666c666c15399939171
3643,"Fighting Seabees, The",8713ab0951edbb199bab84946e90a5fb2e9f82e62b4916acef1093f27ee59180
3646,Big Momma's House,a68304aec93cff49b6ce0bd292ef3e0a1f39a07d3053ce01c3ce70b71c9c97a2
3648,"Abominable Snowman, The (Abominable Snowman of the Himalayas, The)",ebaacb87247db460d2a86a7eb9261ba7a1d8785a85a5dcac90586cb3a5251b5b
3649,American Gigolo,a5ccb16f9e537c92e4004b6bdb3a96344b29cb090cfc91e6cbcc76c9a1c94c9b
3652,"City of the Living Dead (a.k.a. Gates of Hell, The) (Paura nella città dei morti viventi)",afafa9fd48f25abef490b700af6920e180dfc194b7047beaf04130f8b3032b27
3653,"Endless Summer, The",bbed8453c453b1cd911626fbc44f1b2c949e66ebd32e9e24c443d913c6676912
3654,"Guns of Navarone, The",b9b8e6d4540ea9e2c613961b89e47a8a1e1984f7d5ee7991261325ceb9e4da19
3655,Blow-Out (La grande bouffe),bec12bd1c13eb52ed306ca0f84182ef0c8b7b7cbb5d2b9124ad1c9a79da0e46c
3658,Quatermass and the Pit,baabf05243fabe0552be039aa845743cbc612c7bb6d18be3a167b727a5046686
3660,Puppet Master,ea84979a551b62696f84ec8fc156917e37ab368a6844cf05c07b97f03b866a8b
3661,Puppet Master II,c1102fcd3eed9032e3066f4d1cb1bcaa6fcac33530351ee8cee87817398799b8
3662,Puppet Master III: Toulon's Revenge,c79687c6384d38ad7b3931f121826686e66f485843989f467c677a3933f05b66
3663,Puppet Master 4,95a46ada6c4b3724e29a34ef83e4499b1937676c669199d8296dc6370ed6b129
3664,Puppet Master 5: The Final Chapter,800697673d79789324cec26cdb31c1b284de38d97e0a6f0f43fca3c8d0cfcd23
3667,Rent-A-Cop,a5d13c0f4220deda486bc73c18ffcb01e1d35a008e9dc1f2372c19f5fc074b3f
3668,Romeo and Juliet,ce41ec5d249ed3c91dfc99b693386465d9061b2189ca91a11542b62f62fee7e6
3669,Stay Tuned,aef583f4d40a6d0981f66d0bc6391f3f72c690f72d3b5b9198dd4e689860c642
3671,Blazing Saddles,aeee0405d2f33bd7b108efa82c75c4421bdad31039340f6d6e4becd2c4963f29
3672,Benji,eea991741c536289d1ae8d7390db43aea567ccd513967b626e9166919b526469
3673,Benji the Hunted,c0fe9f013b3fe4da3d39685f3ec4b038238367c3363819cec8ed8f3c316421a5
3674,For the Love of Benji,c083947a356e7b802ed52e641ba85a956c7731cf4b8cec3438d35b8aa536ecf1
3675,White Christmas,ff2c5a98e683a964c15927c3dc26651897c615a6c439936cc3f69e81d3ccd276
3676,Eraserhead,c5601bd93e07eb063cebf0b912e6c399cf2e7b63358c26f046b018da6348cb4f
3677,Baraka,c0f2b98c2e7de74bf184c8763f89259f05876260387a079b1cfe636176093e8e
3678,"Man with the Golden Arm, The",eaba64c9ace7bd35d28849a1bb2d923ca666ce8cd318e365988bc27cb641f303
3679,"Decline of Western Civilization, The",8805f54035c1c93177d2182d56862f2e7339b7d81b1de4065ed64b3e21db7b9b
3680,"Decline of Western Civilization Part II: The Metal Years, The",8c41965e51da4ba52426b6a64edf79597b78031f32b4152e4371fcd94ac9ada2
3681,For a Few Dollars More (Per qualche dollaro in più),ce622047e91d931c11fb736e0e33dce5a5664a99771d2d16c3cb156ceb139688
3682,Magnum Force,eaaaf0449df54433e11d0fcf8c41cc38e5cc83e3bc319f94e38770f39e1c6d04
3683,Blood Simple,99305991a4c64e9e196e19f74f1eb1ce7cf1c602f3c46c69853a53d6096eb1b4
3684,"Fabulous Baker Boys, The",8fefd3cab7a82e54f048f1a1a797cf04d4128cfd91c79363f244482ba1576698
3685,Prizzi's Honor,ff753123d0824ad71f2e390d492dcdbf46941ee0066efa7e1a68c0f423eab5a0
3686,Flatliners,a4c2e4604b2c779d369f1273613332a51ecd4dde5d721cb72ca52d0d7b4c7348
3687,Light Years (Gandahar),bd97999a60c0ea8597fd373e6ce2c0eb183d3d04857258db5a9587389d486a0f
3688,Porky's,d17fa6b7d3f9a55a6b0f169daad8c8a07c857e0ad54095606d546e542a2532ab
3689,Porky's II: The Next Day,d3a5f91ea81a2a442c44dcc5ccbfcd7829197199afbad205597c36e6f00689dd
3690,Porky's Revenge,bbb4847b9ea4f642466158907981a7b07ee634fce6668e95e94be1519a1ab1a6
3691,Private School,bb9ef8504e076e65b0611bbfc190c5bb943c9718636ddb6196d13ca72d1a911c
3692,Class of Nuke 'Em High,c407c14f3b933ea60bcd97801a5ae9c762a41d8e7d81e0fa76637e61394cf178
3693,"Toxic Avenger, The",e401d43a8165bac5ffd0b9ee882f5f79d63c91dea884a850d0c886ace9d551eb
3694,"Toxic Avenger, Part II, The",ab7fabdf13ffc460e4ecd6147b03c6a13cc0b90e6a584823396425ac8695c9eb
3695,"Toxic Avenger Part III: The Last Temptation of Toxie, The",bdc97d99e191adf980c9c0988f368526c6a79bbc0e735643fb5c16fbe8015842
3696,Night of the Creeps,d500ffe30e8684cc2d7fc1339a35746cd0ac13832e17e4ac791833bdd0b87b3b
3697,Predator 2,d545d408626f26713bfd2dd887e595e267b894407a98e2651e077a8fc01f919f
3698,"Running Man, The",9408b42ae86799d54bbdc7581a5a3a5a619465ac3da994f02eeb1de02bbc6e3e
3699,Starman,c733919a2cce4e7c739d79916e41324691e6ccb131c9135e4c326179e38dee96
3700,"Brother from Another Planet, The",84113dd31ddf831d7091a4f13c76b5ca2d8cc72972716ae6c7664324c66b726e
3701,Alien Nation,bffbbdd5c254963ae50567c5d4536e2c91449d53c50199aec01767309505d87d
3702,Mad Max,97141c514407eb2d9b40b49b75bf4bea7acb0c9e77b24ae63c98cda51b36c250
3703,"Road Warrior, The (Mad Max 2)",d552defe583d788ff7cf3f08ae2087828f420de0818120ad95205a2f7b5cf7d8
3704,Mad Max Beyond Thunderdome,f7935783d06cb87c182dc4994e9366a225b62163c6493adcd3b019b6911e76bf
3705,Bird on a Wire,9104677f684378e978e5be24475bca123d0723ed1a393c3417d6dace66981e99
3706,Angel Heart,9aeb8460ed964a99f254f2e69945cf0db53394dae4c4cea39243f12ee9106ed1
3707,9 1/2 Weeks (Nine 1/2 Weeks),eca0b3a00cc16e42c98394c7528d698ea55e0ddc5fbfd69728dd8739c63358e6
3708,Firestarter,faea2f37ad01e0c893173f20ec446b4ff2009b73ac07e5c893789cb0c1c5657f
3709,Sleepwalkers,a7ae6d4eb84591e5c6101e35d125e7dad7156923b4d8da39c915c6ce941cc1b5
3710,Action Jackson,bf83207cc623d18381fc7e6093541e7bcc5c33074a781dce67230ff3dc996364
3711,Sarafina!,e77699cd9899e63c65863963926b2f9c8dac8463785371a43319ce99cc66686a
3712,Soapdish,effb3b5ab2014827c994a1e6c87f8499ad41364543c8fb56d2a4cccb969313bc
3713,"Long Walk Home, The",947ee1ba4ab55ac51f438d483c34ec2ee50b9a565af461e5f0cbc15a6469926d
3714,Clara's Heart,c4bb4a75b35435a8d9b3999364c946f0ce2e426637633889399e343dca6cccf2
3715,Burglar,b330b3100ec564864b2699387d38cfbc3a46b563359bccdb43cbb369e48a2d7a
3716,Fatal Beauty,891c71911c1041ef3f8ab6e3ce6e46ee3e10d9f5c35c260309b3f387a74b5c33
3717,Gone in 60 Seconds,abebbb6c7f6c87b13634add0cd91772e60d48d97376e264824922d2499a19a92
3719,Love's Labour's Lost,dde263b16393f1ce9a05ce173c25b61269585ca1b43a6db1eb89664c8e86b33c
3720,Sunshine,c07fc2ef2694b3903b4a59959aa579525ce29629472d872ad5a626d3857143fd
3723,Hamlet,93a63494c4997952796c6a4c6833cbd2c6c195b339ac96cd391e3e3736566d91
3724,Coming Home,fa84957b63fae2d51d91b72e48cbe05c0d6ab380899eee37431e369099a77841
3725,American Pop,c52be19b32d89e6633e7619d4e7c963238274e4ce1d939b9b13c62c6cac1870d
3726,Assault on Precinct 13,eaafbba49ff08559238e60e7740f67dacd505f90d300b10f9aa44ab1ef89c1c2
3727,Near Dark,d09b39b01a96d35a2dc1950dfa44c4720addf149c6794b48f1db0fe93c0f74bc
3728,One False Move,e171f8b03e2c174de1969c611c77cbd2f669389183c3672db992166322bcdaf0
3729,Shaft,a103c14b955a2a19131f6e8709b366f532e937fc5fa439ac78ec5c6649f843e2
3730,"Conversation, The",e6114401e18d31ff13f6bff36f411f08831ab18c39cc6df1d86178b538356b35
3731,Cutter's Way,db08b6ae2566f2185fd96b63bc0f919ce27060e32e13cce2c19eba4867a3446f
3732,"Fury, The",eefa2f27cb106cccb4cc33984b4d4e66b1b16d1bc2f2366dc83046a6b4e3835a
3733,"Paper Chase, The",9eaa6a20e15513af93abee5568d0f13a277517ef9b810b3af810067ee443d2c3
3735,Serpico,9443d8034bada6ed1e675a7423d229bc6937e35a67b266b2264960ef98479d49
3736,"Ace in the Hole (Big Carnival, The)",ebffc45a94ba3dafa99143bfb0443ee09275c367cc42324dc68d4eb1a4073053
3737,Lonely Are the Brave,ebbcf5668c03dcdd52daa084af8c9df8a1634167f9a9aa1566a2d4a212e6f628
3738,"Sugarland Express, The",aeee6ac1d09df19c973e99608d234e91cbc1c1c7b192f40bb45a8c478b6d638d
3739,Trouble in Paradise,eafec411ccb16ae5b340b52abd35965996cc599a93302e76cc91e1e96d4a5929
3740,Big Trouble in Little China,8dea15a903d6ca765e913bca3d0e4c7b2b56d00ce2bf95391d29a1445a597a9d
3741,Badlands,bb3bb070c361c72307768c8f3c8da474e9405b6fa8631bd3919b58bb87847d1c
3742,Battleship Potemkin,ffa3f06bc01e3d44a0add2bf9e435e0391f006fc813c680d72c1b54b2d7aa9f4
3743,Boys and Girls,8fea68f1f1b2955b910f5284e0cf64ae07ad9a957234b3743daa94d21ed0e4e2
3744,Shaft,d51048e3c4588dd7a033973c9a67333c1fbc9df06b8ac6cc24e646ad5b236e27
3745,Titan A.E.,9a6dc428d17da6803beb2c45ce9e67fcea55b162c8d192faad6496b125b0529c
3746,Butterfly (La lengua de las mariposas),da88c02e61ce3bd9c593ee2627cf94776860c4ca9a9b9b27522ac6d5136c6f31
3747,Jesus' Son,c54cb6d499aa332b9275caf5649ac44a3cb33b278a829446a43b3f13e53bd2ec
3751,Chicken Run,f95847c6943825a34ecb83e5916b6d89caa1b68668b6d5b52f4dc758b82e6986
3752,"Me, Myself & Irene",bdecadf90703f7a7d2143a1c9a7a5221ab782fef4c8761cc2988c2966e2cb494
3753,"Patriot, The",af415bd102f6f43e313fe54a12d0227cccbd13a9cdc40f913b4c6cb433917967
3754,"Adventures of Rocky and Bullwinkle, The",bf5289eac29f3f0211ca2614a9612a1e3dc3962dd0a65f5912fe9eeb04b443fe
3755,"Perfect Storm, The",cc4f7f3aa6751ecf603bc7e11b94b5972049a7fc6e0a185a138dd730d6460d18
3756,"Golden Bowl, The",be101b91c1afe16ec97e6e171fd135a53c4e9a5bc4b59166e07ac0991b928da2
3758,Communion,90c48f1b668cd4e46f3b9ec4b773c28c2cce9373684f2c1793666c0f8e3631e4
3760,"Kentucky Fried Movie, The",be33b332c3b8c9c53e4a2e6dc4b8ccdac367c46394cdf12ec1961cc8b1256a17
3761,"Blood In, Blood Out",80e5d4ccab537f006b089abd75ccc097369a6abd9f6c7146676af293a2614cd1
3763,F/X,c4ee61cc7a51c33bf13216832cb73e4ee1c7e1acc2981e330e26972ed2cd69c5
3764,F/X2 (a.k.a. F/X 2 - The Deadly Art of Illusion),d48ae5e213f1d486c8093b751ad3ca044af849a5865d7b74cdd3cb8e2ef26b31
3765,"Hot Spot, The",8554814d7a125e320eeff1b8619f6687ce7849ed313ea711c6c5da78b806a597
3766,Missing in Action,800ea1e32d1da43fb44db01c40fbb814ed2b7a9e7a1e84effeb13b81986d6364
3767,Missing in Action 2: The Beginning,a667934378e8ebdc8d13e42aa6bc96ccd24cc9684c6726b51fd5f1d2a1089ea5
3768,Braddock: Missing in Action III,f4f44b348aa508b12d5fbc5d748c7c5061c6c1cfc32b55235d1258ba02fb3cfb
3769,Thunderbolt and Lightfoot,8768102b78efcfc9137a1f067ca926316e9628d2984ef68cadb9695662e596a3
3770,Dreamscape,aeffa0ded013192a8f84e4c0f302b3e1a4c9ce3dd9076885946d5faee19686b3
3771,The Golden Voyage of Sinbad,9fa71eeed7d9639167f095a3ec61e64013c0e18e601cb04ef807f60333e30cf3
3773,House Party,b9c41b4cb48ab5228e6fb273c234c6ddc9796173c4c4e5a9933a364f9e24b691
3774,House Party 2,e892b525ce92c96b965c4936966d329accc7f698352c6e9991c664cdb328da39
3783,Croupier,d906aaa5e2cd264cb3b13112f41e6a6adb22cb324bbbcb24cf144ce99d145ef9
3784,"Kid, The",ec3c93e352d3a5ac492d3c9ef0f20f49f61fc9248d3fd0d225c5760be2406725
3785,Scary Movie,841d596236d867bd3b62aeb161079a3265cbcd8d3a70c52a9bc5e234dd2b37c8
3786,But I'm a Cheerleader,b4c59d834696c0786b4ce2167835950e1cf136c9a5e34f9ae9b6324ff29df04c
3787,Shower (Xizao),d0c0f06071310e1e0cde7833e43686cf0f9f0f69c701c9c6198b3f1db676b9cf
3788,Blow-Up (Blowup),eefb99cb339466b0768491fb8c41935789c03e04e03f27f8904763dd97057c63
3789,"Pawnbroker, The",d46134be6fcc0f0064ffd12f3297d6bf19a8ed641b1f424b4c1013d166f43f48
3790,Groove,815255986a7f782924d00fd0a1a9922f9e9f6f8377cc2b4b6da734a71ab2b958
3791,Footloose,8455905131926bba4efa3bef73ee4e6c4aee999b3a59f06166199064b992c199
3792,Duel in the Sun,f21b32ca99cacbb3c62d9c4edc479cb0e1dce9938527c489e65dd81ee31c0362
3793,X-Men,eddce99c91bb32431c63083a0e1457f076ccd56e680f81d93f53af302e902bde
3794,Chuck & Buck,e52a0f56028529eb547ed6502989c2ad67561094e8aa3fc7cf552dfa38733c67
3795,"Five Senses, The",95dbb0b97a2e4a476547cc1be2916930b34cb5e15aae52d56e5b4a0a4cb5885f
3797,"In Crowd, The",86aa829a915f0f7d0f3c8f847f065e065e0b5a3bd8bd3c869de62d8b214b714c
3798,What Lies Beneath,b803e20446ee58d95df30eeecb8e3b13d8e4c6ce3c99c1d147e4f90b27396862
3799,Pokémon the Movie 2000,94a783be2b197dd129b4af68992658ca7e5be9244cb657d35369681bac85b2c0
3801,Anatomy of a Murder,eefaa0115bee5be5c0056d9a7d9a316ca64516ff84139932b96c73ed84910c96
3802,Freejack,baaab4a866474b41d994f0ece4393f0b9b444ae5c09d691de3466266c1dfb49b
3806,Mackenna's Gold,b0693ce3cd0bc93c921c3c7392c3b38d3264c725c79664d19a6cd364cce7c4db
3807,Sinbad and the Eye of the Tiger,abf07bb4c42d9067c35ac11f944f97468507917b5addc027914b2fd8c530d8ee
3808,"Two Women (Ciociara, La)",fbfe8141a711c44081449117cd91c53dc0c23e6c9d1178bbbe1d6bb2b6673cbf
3809,What About Bob?,feada152324d56abf1123b55c6ca39120f76c2893d5b4fa6391104edb31368be
3810,White Sands,faabf48b36cf0b7d81556bbee1043c72bc51cb19831d8d638477c5068de69441
3811,Breaker Morant,c44491461000c47003106ea933dd1d9dfeed63bd1eaae4e360769ecb7cf72f3d
3812,Everything You Always Wanted to Know About Sex * But Were Afraid to Ask,cfea4eebae950fb6f52ab05183d16a3e0c3d2eb874a2d88289f571a1c0636de0
3813,Interiors,aa6c4b68fc93fc97d315036440e8c4ab8f8b2b15b174f476780e6a0f2f498df1
3814,Love and Death,aec6042294ab9ddcf9ddc319e665f1c2db14e2fdc333e3064ed895733171a201
3816,"Official Story, The (La historia oficial)",8a66a3dabb103a0e3ce7ac656b69ad79c94f2955a1315198adb659c6b5643472
3819,Tampopo,e7ace54719b89a42d2527286e05778a48f6fc6196baa859578a287e39ed8936a
3821,Nutty Professor II: The Klumps,def3e29de8041964cebd469b91eb6c20e34688cb1d134b192aff16655c3c71a6
3822,"Girl on the Bridge, The (Fille sur le pont, La)",c12987f03fcc750d3fb370793c7e7cde7950cbe026c134d321428e06c386d34f
3823,Wonderland,c4bc16d5b6281d27f88f353876f8b7c42723c87805d16aa69f74682ecb156bb0
3824,Autumn in New York,d04cd0943fb36e67486fd02f67f3addc591c7403a51127988fec12ed90cf9186
3825,Coyote Ugly,98956c826368976d6c52f3a219a64d5f46cb79276da936b41e4554aa999f664c
3826,Hollow Man,c4f20ea59909799e365e272560a32ce836bc6b1b258bd2f5a7269bb1920cdb6e
3827,Space Cowboys,81ca64cbbe321e35e1a581cdcccb9f1ab636431da3a5c9e3cc78bc1c73368781
3830,Psycho Beach Party,eeaa33871cab2bdce358c4acf910f005a1d1c4abd34024ce9dbde935e91cd31b
3831,Saving Grace,bb24c372c4f33c8f3dcdcb1922d012e47037ed330f421ac4e0d46d1f9f3c91ad
3832,"Black Sabbath (Tre volti della paura, I)",c76aaf391d2a6d22fe30b2b728d5869f05a7f9af803ee1f01b54907c6b509e02
3833,"Brain That Wouldn't Die, The",cc4f4585e4ef5c66fa32d232733363915f105bd899c819f8a5c63eb5b4bc1428
3834,Bronco Billy,c1503d891f1ee25a79f18c654e06f19e30f95e663c676b36c38a31991c3596e6
3835,"Crush, The",a8f00906b6b3a64760dcb0794b04d8f69b7fc814cedbb18d5c36b14b913dccd3
3836,Kelly's Heroes,ffbbfd2e0deea0f8e08f7ac47a40ef401bedeaad801cc1867a08364ee4469154
3837,Phantasm II,cbeab5643d3d6c19d2d092dfcc6e4b49c3213da49495da13da52976fec488590
3838,Phantasm III: Lord of the Dead,d3147cc02583971c3ce868d2523f0eff4def32c72ec04be43cbf348fd3013730
3839,Phantasm IV: Oblivion,84974cc23b4ce1373630c31849c31cac34d36ec96339b73fb1b34cc396afa5bc
3840,Pumpkinhead,d14ce06d64930fa70fbcac990af6d213788a08eeda6f52f8570d3f4095237cda
3841,Air America,b55a66b1110953be79ee3c568c846be386d3c85072695bbea219d58d337b14c3
3843,Sleepaway Camp,d9449141b411a415e5f4c4fc16cb1bdb1a6b786f7bac61ac67924e139c7a38f8
3844,Steel Magnolias,91bc6dc43e53da3b7c3da15456e839b52d83d21fc625754e1a89c46341a711eb
3845,And God Created Woman (Et Dieu... créa la femme),e2ff8f7f99043091cf3c2cfb907f999c8db0e7709b24618e446ad662ec037038
3846,Easy Money,9ef0e08ee0039f11811f19f1b1ce6fe1ca21864f7b0d74ae6e32c8fcb5c29959
3847,"Ilsa, She Wolf of the SS",b6fe46aa7c05389d825d4b52b1936d0ced04e96bc6d28295ce3560fbad84b4dc
3849,The Spiral Staircase,c05437da2fda955531fd58359c154e09ce9487e7e4633a39879df18618e245f8
3851,I'm the One That I Want,ecb3c70b863c98e71b4f192c3991d19065142f337a7bc6cb22c643643cee8bbc
3852,"Tao of Steve, The",96b1c3b4695c94eb3c236b4c73cd3c138834636c7c438cbb634c4f568cb593dc
3855,"Affair of Love, An (Liaison pornographique, Une)",febf5d9fa7373fb7c56b8443e866cc8411c8b1085e095e40467f6c91d98805b2
3857,Bless the Child,c4d55eaab035b3066e06a4fc8ce3469b0dbd178e48b3e4631b3b64381fcdf21c
3858,Cecil B. DeMented,9d08c623e09f60f71c509f706eac3b0b0ac7b151627fb1fc8dc60cf46a1fc792
3859,"Eyes of Tammy Faye, The",9c304be2a788b238d3ff0dc7d97dbe39824bd1972c05c0ce3b4b121bcdc535b0
3861,"Replacements, The",ffacb355803f5c3c07750facb1537919f028d4d20fec870d5a536d2131a432de
3862,About Adam,cfffabbdc55d93d5ea854bedc662b50ad052125ae4d2ced47110f104f0230ce4
3863,"Cell, The",d935c20964c239025ce0acb69b6c9bd96ed2c732d3e8632839a66ec93dd07d76
3864,Godzilla 2000 (Gojira ni-sen mireniamu),859c2b5127e6948f7819c5a6676c5a6989d62b56b2352d8a94ab70670d7e97f0
3865,"Original Kings of Comedy, The",b693ffaa8934ca45e44d9559b1a630aa61b77d123c9866c91e986a95ceed1a26
3868,"Naked Gun: From the Files of Police Squad!, The",bce609f2e371f01ef086c6e0033fe47fcf1e3f080cf1333779c072e4b00b8e19
3869,"Naked Gun 2 1/2: The Smell of Fear, The",f938319eca4f0e7391e6f68c34bfc8f80980cb0f1e6f3063f25b0611ced2cb86
3870,Our Town,bf5e3b58f1f8d0a79037cf42c60b801f58d84ff8ec01302c87a787767872bf40
3871,Shane,d556303268b479286d5d66455adb94856ccc3e7a14ef031f71aeef21332219f6
3872,"Suddenly, Last Summer",9b453991e5b9c653b066e56dceecb4b263898b0d18b20f674b263cd86789725a
3873,Cat Ballou,a7a721c6e458da789e671da3994aca5862ed1da58d06b1e27aa1384f94da1bf8
3877,Supergirl,cd9f0670c37149dd91c4515e13e308bd7c3b1b627a6dfa207990f0f09a68738f
3879,"Art of War, The",b8bee044cbe217c9ec3ea81c97d10feb3115762aa4524ddcc290171a5f8fec63
3882,Bring It On,fe9afebfc2add00c0dfa8d538b13691679142e90953b3273c062406c0fcd57a7
3884,"Crew, The",916bec6ba40a6e942b94d1d45273c06b6e71970c6b94b5e6c0ce2c7b918f3b33
3888,Skipped Parts,f7937d99279936a83aeca66b0f2359a678b759db988928818dd52991c9994b28
3889,Highlander: Endgame (Highlander IV),926981116597d5259e61fa5861972e11e5556147fa1ee0363d65179cd7f27b60
3893,Nurse Betty,bac9b9acd13e4ed6c462913b92e14e4bc92fb1afb1b683b125a990e64e130f2c
3894,Solas,83c3e43868e39bce363cc6c3c96163bd9e1261e573998c322dc71a1c32f3c5cd
3895,"Watcher, The",a0b5f52128ff75eaaf0591580f1f0fcad89aab05d4988bb156aa929d9b659ad0
3896,"Way of the Gun, The",e2a699899766ced658a972216df695ca36873b26d32bcc969e51a5494cb2d294
3897,Almost Famous,8f864b4a5af93db56481d06a2b2f1b55c0720c5c95bf68031dedc3fff4838235
3898,Bait,c434f409338c31e43ed3c4e66eaf629841e73f99873407ef2e3980e739d0d927
3899,Circus,e0819f5f070ce2b93ce680074738a0e6b8639f080fff9838b9cf4c63861fb9fc
3900,Crime and Punishment in Suburbia,85039f1a1afeb2f546c3da0bfa0e66ecc6e1e1c771b5a546e64a24988cc9c50f
3901,Duets,afdcc70c903b1af497b1390bc5cc66d1d036cd3b8361b2852fcc3bb66c4984ec
3906,Under Suspicion,e04db2809d12a574b1e1c2c315d691554abcfa5ea6df9d7d41b91fdac28d0a0f
3908,Urban Legends: Final Cut,ba5bbb4be852c49c2da16bb6cb2d9d6966da480d8db007b65e0d6ea0e0da3c0b
3909,Woman on Top,c6ee48eab993f7934f0127c0d264364e2c27d9e174d91e1bc38fd326963c0c2e
3910,Dancer in the Dark,8b48cae98a896ca94f2d8ec3c717d986953e7d0e1c36a3463479499a99a27f3c
3911,Best in Show,ad9ab267ec8d0519baae4fe7bb66469690295c88a2766be5c6591192b48e4c75
3912,Beautiful,e6cb666c9926333664cc98cd9b2c67301937399d6499cdb39c4a66cb98cf264c
3914,"Broken Hearts Club, The",b1a498970a9bb768bd4e841d15b1bb41984cf49897f0c9e360c75633ea64fde4
3915,Girlfight,c1d747cffc09383690ea96c93e133b22c45cc49dd30662cd30fa9d32cff066e8
3916,Remember the Titans,837ac9a97dc6b2cef1bd7e122e452562c9fcc385878278293472b63cc3c98bd0
3917,Hellraiser,8855ac61d6a88fa3b8dc32ce331dd5cc1dce9957d330391c5d98e53867b89c89
3918,Hellbound: Hellraiser II,cc49ee393bff31f633064c26c324e5388f19169b8ce3dd0266ccc73c734c90c7
3919,Hellraiser III: Hell on Earth,d2da3ed7e524c979b4c767b4982f20c12c3893e66e1dc5811a07d6784b97863e
3920,"Faraway, So Close (In weiter Ferne, so nah!)",bbb5a4494d4eb1891f72c0dff0c41e312719d0e638033f1909e6e477f30d1fa3
3922,Bikini Beach,bbfa9399918579c5b02b483fcc866c679c6562ce8c7c84f1cdc04f96e30d6730
3925,Stranger Than Paradise,8f3531542a7dc0af7f4a62b38d0276e37a0a293f76e4c912c5af9864629b9c4d
3926,Voyage to the Bottom of the Sea,816ee07f67b9e5806a47abd53d12d60806b44ca551fa946af6ea016ced18abde
3927,Fantastic Voyage,969578b1696291662cf49699b169cc1669e7b1249c2b2279c7e4389fb0d96f63
3928,Abbott and Costello Meet Frankenstein,feaac288029d4bfec1362d17875a9a588d0596adfcdc944f9253d964d42bad92
3929,"Bank Dick, The",a63ef9e68b184546bc3c34d9c341c2949dee8e4d72a3a5335ac61baf64728599
3930,"Creature from the Black Lagoon, The",c409c9cbe9c4241f06babef53c65d25e729269225327768bb6d3db370b788950
3932,"Invisible Man, The",c530b06f6b6fd5ba16dcce687d8f66c3187891a062034b9fa5789c58ea9123bc
3933,"Killer Shrews, The",ce7aac3993c4b3c77109c05c6f108f2cfe64dac1f9b19797741d8744da403527
3937,Runaway,eaea36aed3003bb98cf48c5e957e722bf005ed81ef408672b022d04e9fd5bd21
3938,"Slumber Party Massacre, The",9fd1bbe0e4c8a55177a2dea19b442dc6659f3ab43203630a7a759d157f0a9ac0
3939,Slumber Party Massacre II,d6042179ad1a5424b10f07c8dcb33926c2fc69db0ba73636cacd4dd7bed809bc
3940,Slumber Party Massacre III,94a6ab0ea85d8471a14b979d1c9469723b6b66cc6e996690de6699c67bba6621
3941,Sorority House Massacre,91a590bd26fa49c24b07360d1c5ccfee6f4e2e186cf06c904f2469736c7b3ce3
3942,Sorority House Massacre II,8e336147545514bc63ab8e51a4e7344a3bb9cd6fc2c82cb39f2a9b1c72a5b946
3943,Bamboozled,c200f31519539e6a14adb9b469d7bd4d27bc5a963a4b466b19ac62550f3552f6
3945,Digimon: The Movie,9815436c04f1b5876a6f351339448f71b7b752ebd0191b658e737c0ea87131bd
3946,Get Carter,e1c8c866961537358e7c765cf9c70bc81d9870cd699887b6660dcc1e927c9be1
3947,Get Carter,babab1c3cd934d82366da01fc0e0c7c90fda966f330c3e3b27c9b08739d849b4
3948,Meet the Parents,fab6c54884c86ab79f0d38b189694fe7d6a3321d82b2c5e80b4d4ae7e80c0f7e
3949,Requiem for a Dream,b9d5fe1fd9a1783016138050461a6bac69ddedefe4d55b8e7668490d335a840e
3950,Tigerland,db2c934796f32a03a0c5e9f9783215953eccd22a0b4787e67c34c86383fb5f11
3951,Two Family House,c4e693726e1c6d99b0e99666d394cfa96c5e38c6b1e8633ba6969450984a998f
3952,"Contender, The",ec22b3ee1fad642833dec962257c3b84328d8bdefb96812f9d6ca1691ea4a444
3953,Dr. T and the Women,9f3e6041f5f08f8fe9239e3c10431ffff88087e090de16d442bd43e0bdc38173
3955,"Ladies Man, The",b94930b79b2bb70bd3920c91453c754c1cdece2d078e41ceccc0c33dde0ecc3f
3957,Billy Jack,b9f0786c0293a7a771cdc3c02e0e82977bb4ded9ab5e46c82f3287b8580bda16
3958,Billy Jack Goes to Washington,e164a465939b9392ce7b9e6c6b64643119e118c6e49e63c9c6db966d33654873
3959,"Time Machine, The",9140d0006ead0db31bb66bec26527e237cd862c64ab796cd3e85cc4b349bf8bd
3962,Ghoulies II,c06fb04d3f5036d2302fc897cb94343d64f9c7c22d2b2cd83ae44d2f493e58f9
3963,"Unsinkable Molly Brown, The",b27f93374df909cdf444b78d1b861476994134f8ce01272027136dd2fce1e0cf
3964,"Adventures of Ichabod and Mr. Toad, The",eeab32ac9affad55e005502ab48855aa817ec0ff81eeb79e85620fd196921b25
3965,"Strange Love of Martha Ivers, The",945c2e8b72a6c5760e3ff38a3ff552a28dd67861d1caa4d55f823c5d03641788
3966,Detour,819093edac173a8b99ce94834b7520de6de14633922bb5d4dc0e699d6afd703c
3967,Billy Elliot,adafd24592da2db7cd4790b80d332ac7e5689db74292a548dca2cb25b256749a
3968,Bedazzled,840251fb70f92ec8f2079337691f32d179e8ceb54961ec1917b7b1a218dce74c
3969,Pay It Forward,ac6783f144d1f00c6160d2ff1d8d57794b523fb1688c845e380dca1867e7e3fc
3971,"Private Eyes, The",d001ccf02fb621c72dc77e1efa3bbe08802465e5f692927edbcd8f827c906169
3972,"Legend of Drunken Master, The (Jui kuen II)",9279dd6eca7467ac104f79476e8478583783b2105da1ba52bdc31d66b05b67a2
3973,Book of Shadows: Blair Witch 2,946496f24b586b0c2b8b953d3cb37cdbd2e472526338e73bb1239b8d930d6344
3974,"Little Vampire, The",e99269728712330846efc4f19d017c0e76e8cf2198dd36d1e12f8761a6cd78bd
3977,Charlie's Angels,b84afc74c7b1a49b7a746b6498cd35b825a1ac1f24ccb99e313b9ce160e46366
3978,"Legend of Bagger Vance, The",907d33646ed9a69b71978cb20f14ffc9c24f58598bc31336b6745986f0305cb1
3979,Little Nicky,cc4bc49892b61b27593d5ab2ed36a40d18d91b6aef67f9831936103c66ced0cb
3980,Men of Honor,aa5555aa714a6b4d4eb584523ce39ab5af4d8b165786316b3b9d461ca53a4ab4
3981,Red Planet,996d89e56af3c6710cae749ed5709864f0a5770adf7ae1f2c2b5e805a5c34282
3983,You Can Count on Me,ed3792ba6549c8d79508e66518932d6a5295958ce16a6e9d96262bd26caf9751
3984,Diamonds Are Forever,ba34a49905d3306633cd4f0fa419dc715af683df47581d089924d5a66edf2657
3985,"Eagle Has Landed, The",a0f9a1f82296af0f53a7dc2b9c7841d92c9cf8343163a67391b958d8ee4e13e2
3986,"6th Day, The",9bfb3e5064a6792db119e4b26c919e4eb0c49f27ea59c0639d0763cc99066c73
3987,Bounce,90003fdd098e06277e730cba6bad6266cf77e8116eee94e6399127ed84410f3e
3988,How the Grinch Stole Christmas (a.k.a. The Grinch),c4f161ed1b943e0f36069fd06b68d1b830bb64e72d0fd259f43464f064f197c1
3989,One Day in September,e3ae9c39ce70338c1e91ce76b32969cdeed490396b6484c378913676cb606993
3990,Rugrats in Paris: The Movie,fd0d13f8132d6c1242d22c3f11986d89147e5e6a396d4bf52cc7c4932f0dd33b
3991,102 Dalmatians,b9c9e30ecf1c866773b19861c633fb9c31cc31999c66671863236c738e62cb0b
3992,Malèna,c2e61e72394650e69195799867393339939ccc73671c339890e6491baccfcce7
3993,Quills,c591366af376368dcd1e43e6ae44ddfa4350de452609197278ccd692a6d63474
3994,Unbreakable,ce735e664638a98cd19839db3189936533663933919b0cc17a4cd467cef33999
3996,"Crouching Tiger, Hidden Dragon (Wo hu cang long)",d704f76a2056c0809f39869d6d8f29d1d6b9add717ae6b79e04192aea14cde28
3997,Dungeons & Dragons,c4bc94e43f42e65b3c4f3bc22133fd30c13969938fc79b0c4a46cac74e4f066d
3998,Proof of Life,d30864f628e7999b1632e3662ccf679190ff3a72631da4c59600f31dc6631f2e
3999,Vertical Limit,c0fcc7e05c1f39c633856339973168e77383cdda6816972596ad68de0c5a0e39
4000,"Bounty, The",c0afe0c24817cc0532c1419752ba89b5eeed572335a7738d599e8a322dcb1fcf
4002,"Planes, Trains & Automobiles",eed0be4ca133519bd1b15266fe664a7cad8dc1dbbc80d03faa610b4ea37c5405
4003,She's Having a Baby,c807c9c717faf23aaae09171851eef832eb1403dc24b51e1b1f53dc59b864aba
4005,"Living Daylights, The",e5c06de1bc79705252ec63dc8303db03970373b3e79c951f6c4dce2c826ccc6c
4006,Transformers: The Movie,c0c6851c7aab446625b46bd33b5bd4a88686787c33c56b5b8c98d6a69b07c87f
4007,Wall Street,d4e3b0ee0b1c4f31c48190dc35fadf206804ca5f8ffba484f0e4f5c20f39df15
4008,Born on the Fourth of July,950a6bd46bf5952b6afd72f0b42c1adb94c0683c85238f90c83e87216a7dd0df
4009,Talk Radio,8efba1742d27bd07d2984af9f1c5a505bd2685cec6513319b1b3ca569a46b512
4010,Brewster's Millions,efee2eef5c3b1b3ab38431869843ce23e70ce5c4b0e5b2759613cc86c8c8b261
4011,Snatch,effe2eeaa6881b85735bf830cc45866e90d49065d0195b05e983f1cec7cee50a
4012,Punchline,eabcb71ccb0c8b5746e95eb22c57bd22d311c97b8167ee927c8ab44d94c8488c
4014,Chocolat,df1ed7c466c10e160d62f18bb1d8307df2cb7af19c082d491fe0902630becdbd
4015,"Dude, Where's My Car?",b4444515cbb03a6a1ecf63bf273e6512e0711cee7a87721e3720e561e9f490d3
4016,"Emperor's New Groove, The",e785bb3018e7ed83303f92798dd4950ee70782d9d8ee053ce0b8c6cf176ec0d0
4017,Pollock,d66e14274e6b9deaaf415cc9c0965fac1f3e264a9cb46465910dc0cb99da2e36
4018,What Women Want,ec056bc593f296721c6c49cdc98925182e3760d3d0d2625ee36ef1ed9cc5b523
4019,Finding Forrester,bc72b81787cc4bccc868e7f060330fb61f0f69dda59008e65a6c9b3db0d86593
4020,"Gift, The",f4e9e0e20b171e3d5c7303d9054c1e1204ec16ec1fb7f0ccc3e967a3f80cfaf0
4021,Before Night Falls,d243ade56c921290524cd218e99ab67e3f6dac6f2dfbb32d932d1790539053d0
4022,Cast Away,eaeaac04bb1153bb817fd07fb4442fe89c5d3e57c5106858c31d6d61c91eb324
4023,"Family Man, The",b132c4294e1e1a57724df0f26b9d690cb13f6e1d48b3b1735258c2b36398d54f
4024,"House of Mirth, The",945d34ea2b574b7ce9a2cd3d368916dbf8adbd06e87c46d302929f2d39408439
4025,Miss Congeniality,d3398f3919d661466dae9ce230c3b5933341e06d465c0ff2b0f3936619e678c6
4027,"O Brother, Where Art Thou?",c537d7993ac1ec3673c6c2436c361b8e67b97cb90f9c2d29c07283068647e371
4029,State and Main,aa56d5a592d9479b9f482c61909b233e5bbb4dc26e12e224f19b935c8964b6cb
4030,Dracula 2000,c9237993b4c9cf9b9c3672ce260d9b663ba2341c4b30c5277aed49986a3b1a66
4031,All the Pretty Horses,df37132631b0b9f96cd9a64cc74e43a220b336335c8e48cb30e9c37ccb16ce87
4032,"Everlasting Piece, An",ee81ba7ce00f91badae50c47e5f8382eb845579887a84c77a258d781193df84b
4033,Thirteen Days,872c85b478e1d2410d1a6d1b7e497ae1c9b8a65c0f642d1e74ce5a773bb36589
4034,Traffic,c8456ec725b8911e1a0d9e014af685f17a3ac9cc358666f28d693abe2cfc42f7
4035,"Claim, The",e4e614389b0eef9d1ad7e462ec387b50338d4be3ce3042d0178be84de43137f2
4036,Shadow of the Vampire,d343da3c3d9765a76d3cf3e364d26c9964c9e0cd0676c2d29c260e3cc2c13c1e
4037,House of Games,8391386c6c7e61ce466c99931a6e43920cbb69ec7866979d91e3930face42f3c
4039,Annie,b86391b3cf8e66cec671393998b6e6c768c8d1c46f0336383e27cd38c0c867c3
4040,Don't Tell Mom the Babysitter's Dead,824e3c1e9612d3ce78bfd2405b83ac31f1db74440e75dac456db73b2b9373904
4041,"Officer and a Gentleman, An",a556c6a94a348552c5ad2a54b8fbbdc510ca9add59e083b496ca4af15b2b36b7
4042,"Alamo, The",bfaaeef8d1c8ea8f20169247087881d7647c96980c724fbb6d04ac3e1e47be6c
4043,At Close Range,c2412ddf398cd2e966312f19367ae126906d93864da67c281bf83e99c7996d78
4046,Friendly Persuasion,d95d286567e773d9309a8a0b3ee287344a69a53b011e9ae1cc9da3c46cced65a
4047,Gettysburg,c307b11c38b84e6fcf0f39907bc0c6662f089b118ae5e4b07232da6ddce86df3
4052,Antitrust,cc99fdd59a87123e22224432a33efb44e21dd5153ac104f301e24dee44ff4ef7
4053,Double Take,9c45629a8d65b7829b3919f7a75196253f3bed5888823607c079c8ed608fc99f
4054,Save the Last Dance,a6e64ccd1d1993627159799a7316700479e7e9736e70b7122db5c46cf10ec346
4055,Panic,993393715ab69896266c6772e2c676851d3b24d8cad9836c376df983587a043d
4056,"Pledge, The",e7e4e7ab1f1130d0683e915c39e9cd314ee1cfc4dc6432cb8717cc0b9d0c913e
4061,The Man in the Moon,e1ace69156ee9f53a0785b13cdb393065a33d4fc4d05e5683a4f41a46e98d4c6
4062,Mystic Pizza,eafae150c1be97ad1e053c4690da4bf86391e60345b62fb9f84d926e30e19da4
4063,Prelude to a Kiss,c975a531599d5bce66b6de72c80242b6c76bc93d67d95741014451863f2d933c
4064,Coffy,ecd92698b30cc707d1c379721c368d34cf67966f9a726ca68da9d9dac1818c98
4065,Foxy Brown,be301f409f355c1fc41ff00f994fd198e59c727a62f7617c84d193c28360e6a5
4066,I'm Gonna Git You Sucka,c04594451bb3593f66ce63c01e311e7c4bcc63976cf32969733c18783c5a6f1e
4067,Untamed Heart,fee93338a31c74c572f8af019c01d2fc61cf4df19c6eac03c23349ff09e71260
4068,Sugar & Spice,baa1bc5a843a4ee1c0f181b139c34b4bc787e58643ff788d1d0e965e0eb8f199
4069,"Wedding Planner, The",eedce88cc084d833f123a15a19fb99d2d806ce27b336c768f0af94ae17c0b761
4074,"Legend of Rita, The (Stille nach dem Schuß, Die)",b5551492f815e3638361b47fcee0a900c3ed4f69ac6f85db790c334c84b97ca6
4077,"With a Friend Like Harry... (Harry, un ami qui vous veut du bien)",ad444c973377704036b7c8ac5a5a6e9bd7043ad435278e6413b751cf17b14376
4078,Amazing Grace and Chuck,c000e0042fff1d9bd004c27333afde9b4ccd3def1f923b443e5b3d217c59e052
4079,Amazon Women on the Moon,bacbce38d14e84ad0fb4f2d07858968d3f23e5884a53d2ce2f3fc421d2c6e11e
4080,Baby Boom,beffcb3ce6006199fdcf0446e020cfb390ddf0e6917333b0801cdf8c0fe76c40
4081,Back to the Beach,d700072fabe77a5d58e8e5d885740ee4aea4da2ce82a0799db536d936487a0d5
4082,Barfly,99fce429444763f8bb985c826c635bbc27189b66f947cc7781f860319ca725cc
4083,Best Seller,9126fa3662cdb78b0c3898e36bcfd33c35318c5753664cc9b33ecda42456ca32
4084,Beverly Hills Cop II,c52fb06b3ec21db4938426cca4791b314f86e18e786c4ed0db91f8676b2cc3b5
4085,Beverly Hills Cop,932c94b82c513b47e5875a5a637cc35a39626cc79687343918bb932f0dad93f2
4086,"Big Easy, The",8133b1713321468e6ccc6ceec6feb1d99b239f31390b446638563b5482d5cef3
4089,Born in East L.A.,b419f9f8c8817c3b9b5b63811c3c11441f63e84edd9ab9f17e46996b1864ec68
4090,"Brave Little Toaster, The",93ba5cd9684e858e1a9593716c7c3c66663bd531e1c864701f36679dc4ec9cc4
4091,Can't Buy Me Love,a91f696bef60ef07eb0f407b05609686d686ceb48cb5d68dd3cc82d09c9398c3
4092,Cherry 2000,f61850115c27eb8e78d19cf36cbcdf1b9735bd4c520387a061671a23fc98385e
4093,Cop,c482e078133737ff6c28ca8338181fda4ee628674afbfc116dbca5062d3fe158
4102,Eddie Murphy Raw,eebba557d146cf04915191ab3f4a78e84e316bdec8450eb9d18019fbf411b13c
4103,Empire of the Sun,9f3f71c820678f9062b4db8f4ff09c1f61422ef0588d34823def6352b81062ff
4104,Ernest Goes to Camp,eee2be80b92c514fd203eaf4bdf4413ac0bfd8bb711f058dc4d118ea9b323921
4105,"Evil Dead, The",c16614a62f871b837e19e15c964dc47027ac72a749d1a78cc0473f5b7cbc3976
4109,Flowers in the Attic,affd4fb5e41ab0e894c1c40fe10e9120da51906ac9a4cd8794df3af073e312df
4110,"Fourth Protocol, The",bcf7a4d677182d1234006bd5e67d72fb914278030fbc353deb410c9e1ccf5a42
4111,Gardens of Stone,f8f19cf1970e270e4af0981a96c66873c173c3516e5cd41e919e6ec5c663d8d8
4113,"Glass Menagerie, The",c99f4f9d2ff90dd118809001900d2b9b67b86f35dffc99fb38eb611961268760
4115,Hiding Out,a54229b6309957cd123e5beb6c66e459959a8b953be7e5628c7db1144a917293
4116,Hollywood Shuffle,81d8fa252f1d114e6dd7a23d58ea8d6436976ae978781c97138c3769e85a8c9a
4117,Hope and Glory,9486db49e37214e55ccd6a1a37f895a49b53ee87bc96ef51e2029817eb886314
4121,Innerspace,c74687b3b19998ec6766263938e538ce6e3869b41b53cc9236cc93386cb39c4e
4123,Ishtar,bea1c15e615e9ea11b02a15e5ead2f02e15532ef7f0ac15420ff4c3a9a1073fe
4124,Jaws: The Revenge,a6de811e83f91fe47a06e9119d1748ed87f99eaadac4cd0518bb61c725039ab8
4125,Leonard Part 6,bbd1d128c57f4c3b940e93d49c293cc4c1c772a5963e6e15963c1f8e618578f8
4126,Less Than Zero,911ab1131eb10c7a615b99ac32a6bc194d3b2bc3c2e4c2e8373bbd3661fac6d9
4127,"Like Father, Like Son",efbed331864964c994119926f104869c9e598cd9eda719b2ce263edcf1496b25
4128,"Lost Boys, The",d01bc02f2f6436d2c899d8af3b732bf064bc3f091f0312b6e279e52d9596925a
4129,Made in Heaven,a10f71a25ef0d230adcd49aaf51126a694d7cba0153cce8fd55a28e595ce6b9c
4130,Maid to Order,ebbad2a99d259d56da52625ba5412fe1c455f21ae01d1b2cd1ac95a41f87c2c7
4131,Making Mr. Right,d2ba214fbea1b7f52a0d67d539533d40ec5485af8aa188aa8bfa893ed812de42
4132,Mannequin,e702f6a0d81ded0f13d466681f36148f78abc8e5d8de897166d29581847abeb2
4133,Masters of the Universe,dfb999f00352e309140d8ee6ee6774472f96401378e38947c91afcc9a5454bbe
4135,"Monster Squad, The",9030f0a2607d4869b81a16e47a4e92d90fa72f161fcc1f386ecfc97c2f9a856f
4138,My Demon Lover,924eab4d61b594bcbe326c3378f330cb26986633933a93c8cdcdcca4ce269a6c
4139,No Man's Land,b8ab6b8bcb15159d8598a453f099cd8cd966f19997b31766fa6068722d46b509
4141,Head Over Heels,9aebfaeb78e50f07a1556b7c9b086038e68c87c36b5789166d1a0f08e06cf84f
4142,Left Behind: The Movie,d0a4c01e5511008ad4b46ff0c5af0fc72c9d1e30f93ebb977a5c14fc696823f7
4143,Valentine,c3124faf3cedb870b50e40e78bf1950a629f4e659d7294ba718169dbd03aa6c4
4144,In the Mood For Love (Fa yeung nin wa),efaf4ad9b87951268fd4863bb4c5626dc17999c195022559e66c8d86d48bc879
4146,"Million Dollar Hotel, The",c5047cec0bd3237bb53af00462e0cd8f38674bb9b6505f147027d70755b9bdc4
4147,Nico and Dani (Krámpack),952b89af8a563b523a03b05338ffceecae686a28851765f6c9a0a7e4eaa19695
4148,Hannibal,9e679ee7c71bc318c3989f8c94a4933732719a5b4cd834e4964d34d9871b69b0
4149,Saving Silverman (Evil Woman),e09ba69a87368e6de869c1e71bccda18d03a39f489a33c19107b7f714658d6d4
4152,Vatel,c19b958e3f016a5168661ac037ecc53fdc293313878b9ea6649f66645cf91bd8
4153,Down to Earth,ecb3073292991a93e966ed26134c964d93226db3fc96e44d026919d4edb6ef03
4154,Recess: School's Out,954cd47a72b3670c2c485af77a339d63699c67b88ce3798e53925aea08c5168d
4155,Sweet November,bfab3875c874c68ae0052b95116a95661f9d785a857696adf0086f53e122f38f
4156,Company Man,da5000a335fc46a063133f9fbc1fbf64c0a9d96ccb99664a406c64ee1e6c37ab
4157,"Price of Milk, The",b818868345c47def367fc1ba889b02e279c37aa86e95097a03e3ecee04bb9a39
4158,Monkeybone,d598791b7a6686746319d6ee39a6c399a6693863819b6165e68e963a1e518f46
4159,3000 Miles to Graceland,a4555fc6b32e870b7c5899d661f758995b27b7eb189c0fc1e05478aa1331a13c
4160,"Widow of St. Pierre, The (Veuve de Saint-Pierre, La)",cb5ab4bf65adda5a26b6dd2d2252cc96356dcc90b344cdc9b3a5c4c13988c661
4161,"Mexican, The",e296c2c79c78592d716d346bc71a6090ca47ca5cf20cf586e490979b966b8db7
4164,"Caveman's Valentine, The",8eec6aa0f333711a7154911868e5bdd55c4a956655cbd576735697196455d4c8
4166,Series 7: The Contenders,e7a4ba710d8ef8cfbcfb4304b279c7861053b51243ae34fbc90e16b1e1e487a4
4167,15 Minutes,feaa2ce39c11951c95bf6bbac0e4d2ca905aac81cbc395bc2718d8e39f05614f
4168,Get Over It,c2ec27195543697426845bee3f71b144143eb7cbe07906f45f96e24b14f91f05
4171,Long Night's Journey Into Day,bb4142f2a0ede1eccf72c96ec4ec33c4c45e64974c91d80d936bd26bc3ec8d88
4174,Avalon,85e449ee1323be8568cf96337988ac4a937194ac5c74bf14b4ca4856d43beced
4175,Gray's Anatomy,82aa2d575aaaad554a9296bda35856a6ad49548caba555764abba5755aa2a565
4178,Of Mice and Men,afff84f4b8637b7ba71d95cdd4ba52a0d2815a958d45cd0ac462e631c0349566
4180,Reform School Girls,d78382b2687794457bfc33064888e91f4dcf5178ac610eaa339ce6359177b077
4181,Tapeheads,d34f0e4ef8b831c16f3324b68cb439b9c6193867198e666cb9e456386964c76d
4184,"Bishop's Wife, The",eaafed50936012ffe81de52093ffd2237c122d59cc3b630eb944383fb34a7180
4187,Lilies of the Field,afaae5119050926c426f13ef634d633cb464ecc39c915a994cc33cefb339671a
4189,"Greatest Story Ever Told, The",c34ca6b4bcdec9eb4eb3f41ea7498649e99c40d2b629870d98f2ec1736ca0369
4190,Elmer Gantry,89ea0c07ef0148e9f8286ea69b2d7b8c90377ad04fcf38799b5d2471b1d071ce
4191,Alfie,bee9b780423cf38f3ee8ccb08507cb4fd0620c7bf4032d7de0931e2dd1838a75
4193,"Fantasticks, The",83624cc7fc04b17141c1be360eee78ee23ba070db0bb19c128e867836eb979fe
4194,I Know Where I'm Going!,b278422f8701698a2993bd1731f4ecf54d8f9d58db4072709456b0cf33e8979e
4195,"Abominable Dr. Phibes, The",eeaaad559d7d52aec0a55a5a925be82491493b49e50985bb9b44b6d90c723aec
4197,Real Life,874a595f2aa55a09351e87a5dce3a05835bd61316cb354ca9b4cd335873e8d9b
4198,Battle Beyond the Stars,dcd76118eb08365426310bebf19c58a40f6f344a7b8739f65e4898abc1b1df92
4200,Double Impact,efeebcc49815c638ec58b914831407ebd1431b476fadf005b48a7cce84552cdf
4202,Fuzz,94f0478ebbbb6f47046d30b8d60c13d9c3c7dc70c1268d3d6ff16486129936d9
4203,Harley Davidson and the Marlboro Man,907516e2f04968796d26cd944d96b9ed37e983adb2920ffe37c2892c49a6c5d0
4204,Losin' It,96beaf49c271da143f43d8e66d3015eda54446a9929a8d08f1eb9579953653a3
4205,Mermaids,f0d918d9c331673f29c6e1e6dd8e1c188871d8c33266a06265cd678fcf1ce678
4210,Manhunter,988519ec69e69633b30263c26679e49333d8b66c624d79239fb6da6cea450db8
4211,Reversal of Fortune,d25e07f22db9d83d27c0279ed02dda6134fee7e03b0130ce6ec42d873f80694d
4212,Death on the Nile,b72f1bbcc8d860e133a31f134e3ce2d83bc45da66673bb418f9ce017b141ecc0
4214,Revenge of the Nerds,ecb535cc8b4d38b3b782c27789d91a1694e5c5e1c2351e9c9826c5797b523665
4215,Revenge of the Nerds II: Nerds in Paradise,ac60ebfbf21a4c3d5ccbb764b11dc204c585e456a7d8124b9b3349a88fcb9cf0
4217,4 Little Girls,c040ce341ba993e73c6d66f365ba3bb034e1b5c5978246b7b3d42498ed05d267
4218,River's Edge,957c5d058810c32f12c7fcf9cbfef034ac209247b91c4bc0702bd61a26ed3bfd
4219,Girls Just Want to Have Fun,d979c604b9fac67a1ee5479b82e73dbae005bd68d40342e999276a99da662198
4220,"Longest Yard, The",85af3632fb6149dc6f11b4a5b06a9f18b16ef163d8b1ad438cdcb3116a64d50c
4221,Necessary Roughness,a7e722f99ad4ac476d182f6419f3663142dad8cbd86c1b213325e4d96c93ca3a
4223,Enemy at the Gates,c02072d62de8ad0d3b7394e33c8e65b8db0696e862d6c5292fd9381ecb1d6e47
4224,Exit Wounds,ed5288b5d1ab9742f2748d653749b522c6a43249ce9b6cc2d32c86d3ed98e8e5
4225,"Dish, The",91e743876c96a42d42c9b9b86c383a39677991781b4f815a3f72196ef46c23ec
4226,Memento,906d9d2f4fea82bd3a01636195373bb793b092de3853185b923336e4347c6d98
4228,Heartbreakers,e3988e74fce7bd0c90f24a8dcc51611a83ee9defe661722b96f7f294e8000c1a
4229,Say It Isn't So,faa98d588456f91b786b85dae5b25826c62783f119b4bb221b8bc9f9603cb46c
4231,Someone Like You,94b3fad470d31b940ba34b4a0c37cc2d6c49f470243c28a73366f7c56bf5cea8
4232,Spy Kids,b44dc3b348a6be6c27f3e4983f6d1fa6684032d983dce8399c01cdf26162db52
4233,Tomcats,b9bfc64df630196cc4dbb724d330ccce962f1dc97b92693d0c4b325628c6a720
4234,"Tailor of Panama, The",a041e3f64e06c4af4da9cd29786892da13933194499f6ad94f9ab01735b9df36
4235,Amores Perros (Love's a Bitch),88064c4627fbb3be7900fa0190df05e7867e4fb8d80b323f3f90e4d925fc1966
4236,Keep the River on Your Right: A Modern Cannibal Tale,af9ca5a9da625818e8dcb6cc77a427350c4b989aab115366c0e02e9cfd3e74e3
4237,"Gleaners & I, The (Les glaneurs et la glaneuse)",f200a4be85a8e73c161b5ec39ae7d8f0d86ddb8647b6871c3039fc4867c911e9
4238,Along Came a Spider,8d24570de3582cf8bae716c7668b6dab1ada6af983708d44a58cf898f834e075
4239,Blow,9a43479a8bb418cbe5122bdceced702ba8fd746630d96e25144ee95647b1938e
4240,Just Visiting,8f305b14e9f39512722e2edc9d1863abb90571f3ac43683575a41d5561f9333c
4241,Pokémon 3: The Movie,871545ec41fbe8275aa493182d4fd4d33118abdaa4f30a1d6884cd6757b1d6bb
4242,Beautiful Creatures,b1effff0c643019f8f959c63e030c08f19a83e729c07873960d63fd83c65660e
4243,Brigham City,dea7d09ec0ccc222baba3d3b815311828f6674d4f07c04f9c7891d01ed7d197f
4246,Bridget Jones's Diary,ca9f0abfba30eb1645ddf541f463f08f608e24b250b018392e3f8f6d0fac6b0c
4247,Joe Dirt,f1cd0f148c181641b13269214ec6b99656b96e442d73d3b35b1c86f571cf6f33
4248,Josie and the Pussycats,ffb8aa4645a8eac67431c80ea15296e599f68de34bae39d8c6ed93238406bc99
4251,Chopper,992499b36edb66c3a49a66cc626c924cb34c7acc6996b71b267366739b219b12
4252,"Circle, The (Dayereh)",8d57311ce6e746e3e591199a9926136de66826d1e9926cb6d2ee2371b7681b44
4254,Crocodile Dundee in Los Angeles,ff3effa80881e8153e7b9467b602c098c01de89d07e587f43f5e9664d064789a
4255,Freddy Got Fingered,eaf7d2849d48258b93684a6692d66999c73c7943c42999b6e11b9e53c01b9efc
4256,"Center of the World, The",9b00562a24969a8a676d8d9565b635548aaba37212ffa91252ae3e5d4dbf32ec
4259,"Luzhin Defence, The",f6b1ac4919b6db12ab6c19b2424986a466dac72189ef91a6d197912ff0aee4ae
4260,"Visit, The",b1efee02d45011dcde04d82b633b67b43cc4c0dec3f8b3e318c33c7767343c84
4262,Scarface,b394259bb762d933483499899989673663369b4e64cd64d964d966675b66992c
4263,Days of Wine and Roses,ffab252f785afec0f2f4d0d2078150aa9d1f0b4f9094dab88de0bd1899736a14
4265,Driven,dbdd042b2a96ffc634392bd4dc8e08134dc9f46d6e7f43223e42d19c81ed9c03
4267,One Night at McCool's,eaedf0d002b1cf3e09184ddd5ae6a5d0bc692365e392307c1fa6e191ac389a9f
4268,Town & Country,aeb63944916b66af978509f87c2cf6021279a54f491ed4aca5e0da7c85cfd283
4270,"Mummy Returns, The",84d812af5ba5ccd12c3eb716c7c95b88393c6cf63653133889acd28e271ea5d9
4273,Under the Sand,fa9c1d0b05696ab4b286ade96bf8528e64475890d2622daa2db592efadecb131
4275,Krull,c319e3522cc63cd196704f18b99937e40f8660bbec71df0c332ed1ff203f6407
4276,Lost in America,cb3fb4e01b984f2f94d84bb7ed6eb0d04b37bd08c2d1c62eb500c2fe3e046931
4278,Triumph of the Will (Triumph des Willens),b056623f4cbd1d68f74057b2db8949c96062ba041ebb7f38495dd05755e86ae1
4280,"World According to Garp, The",d2aaad554a8aa5a54b4a32f43a793e1acf81cdcb609e653ce671732839a59d46
4282,Fellini Satyricon,bf30cadb45c13672f83919f84768662fb90f44388e31ef0576a6cb196cb0b0ec
4284,Frankie and Johnny,f2ba1eee3d6d73088e06f90c39e71afaef00496de315ce10e06f1de8c2e02635
4285,Frankie and Johnny,febc844ae143ec9d86729a32c4d96b69f1873ec6c4901e58922f36e193a4b99e
4289,"City of Women, The (Città delle donne, La)",87f457bdf24d14594eb8e9ac206e4631a3b91bf3d6462c4b5d0979012f46cf46
4290,For the Boys,97d497ca279149b54c2a7ab734463f6db9148cda7af350ae2461dd340586e791
4291,Nine to Five (a.k.a. 9 to 5),fabc52fc85426bc35ab29c3d3ced63c3c17134b47be5812368634ac385cd230f
4292,Norma Rae,d2fefcd3a13117294c1ed0f6b661eb19858034ce4afed4b1cb0989c034de52ee
4293,Summer Rental,90fd5403a167e8604389f4b8f620778bfc80c1fe7348a477f39675a4e5b9e701
4294,"5,000 Fingers of Dr. T, The",cab51e4bb55af1b4944a0cdadb24989429da1e27e195434c3b8be930de6d27d3
4296,Love Story,ea5595aa0f95c97ca640b62595f299879b4fcc2c64f8739b5b3a6980628df254
4297,Pelle the Conqueror (Pelle erobreren),d0f4c3340d0e76a070eaf63f0f95e94b3829b667cb83299934393f76c9d24b18
4298,Rififi (Du rififi chez les hommes),c4468251697d658e6dc93c7bc466cc10c7bcb783b90307fd348e85c7347d392d
4299,"Knight's Tale, A",9068ce984cc9f94df11c73343b329732d24938cd38cd931cce194ef3ec33e599
4300,Bread and Roses,d51edd8a8f32b37608e9cc8333e4e4486e8e065cecb933a1cf0b33e5498c69cd
4304,Startup.com,b0d4a5a3ce1cda5a938768f46cb13f84635b26cccc1e99711e6cc5332dc6d09b
4305,Angel Eyes,cf06ef83370d383c283c867e31911ce73360631c1a1ee251ee74c39bcde39c73
4306,Shrek,a63319ed377aac9d51621e31658cdc7352c861372cd8d32d1d1b8b66649bc9e4
4307,"Fast Food, Fast Women",e9e9ed69de981ade30d270e1872dc92818f492dec492379790d9cd69836cd09e
4308,Moulin Rouge,d89309f8f57897d3663d4702ce8f68144fa24b37992858658c4fdc6b24f1d798
4310,Pearl Harbor,b92f392e5809e6f916f464ff2cbb9693c2023ec28779a09f7e4fa70940d8e860
4312,Himalaya (Himalaya - l'enfance d'un chef),9356856565a1b057825e4fa03da1385f67f89fa130146e4f99f9b5d0e6049f1d
4313,"Man Who Cried, The",d09b64fe6be41b801e13e50a48fd3076947b0f4d370e0f9b6962ba257699e09e
4316,Ice Castles,ec6e696e47a3e6aa11a49cb35359d3566cdbb66ded30a5c3c4c5a499904d9114
4317,Love Potion #9,fab9e54487757a8b50ae8af53f0a363b25622397b4c816076023e169c99d9e7a
4321,City Slickers,fbee931dd41184f1c9c06bcc432e3f15363384c069c4e02edb1e1e83b45b3ff8
4322,Eight Men Out,9c851c5c4b50e37a6daac6abc27118659c85c18f72589b7d499365cfac6e8735
4323,"Horse Soldiers, The",eeeb4e6291958d0d811c5aba9cc7ce666b30cb39e526b43ebd9113cf1a453849
4325,"Night, The (Notte, La)",a2d25d2d96d623d21e2de1d0884b4da5ba4a37b459e7aa3ac4d54d1e8bc1369e
4326,Mississippi Burning,c3b560a7145a9f523f14c40fe0ebe3b083d434fa1c0feb3d6a5f41ce57a01f18
4327,"Magnificent Seven, The",bb50c85395afb44cc598372bc8f51bb1b60d61fc6742b4cf959068962f1bcb12
4329,Rio Bravo,bbbf4eed931a330e64ee5ab11fd4e594f4009992c8454cf46173319bd8d82467
4333,Throw Momma from the Train,c3eba814bcb657c5d80083fe96d37429c9bd42bab51fd903c14058ab0eff46a5
4334,Yi Yi,f759eacccb262cc494aa942f994b9dd2d6c898ad1c8fe49178f0693ce61f0991
4337,"Sand Pebbles, The",bfe545f581b32bab9276324ed209c852f41ac5286cd4eccdb6ec789a8bd03760
4338,Twelve O'Clock High,cfa67237ad78098a25676cc0dfbe5456e0b0fb02d04c81b999c4dd2fc9339d4c
4339,Von Ryan's Express,cbaad940a6feb35341fa8fc6b0980fb280a5d2ec9c9da993d6b6909ce6153623
4340,"Animal, The",9163fdd0461e529a19676961379237f76a5198a89d65cb563598b626c6199a7a
4342,Big Eden,8663198e2f4d3269f8b27cb1e67c1a5996639473493c464dd793e4d20b1cf2cc
4343,Evolution,84f2ae143a99c16f4f4e3e4c90d2b7926f6194f92187c3ed6d2c341e12f69e49
4344,Swordfish,c1740f8b5a982565612eda5aa4dd34905ba3c2fc8e957f2e10e86cb6331dcbe9
4345,"Anniversary Party, The",bb725b81c5b924ecf04ed23adc89837789c38373e6093a91603e34ce9d6cdcb4
4347,Divided We Fall (Musíme si pomáhat),a4f030e6cf2ecf4dd87838b28d962596b1cb70b8cb0f8f0c37668fb0627268cb
4349,Catch-22,bc5fed0303bc92a4b5a6ed09ee52c8d0ffadd2ec4ee801ee12f003a4291fa5d8
4350,Forgotten Silver,bee4e036c5191ed81e662d01d25b97b6edc95a6cb5e6c0933384b13acc25b2f8
4351,Point Break,c4a7e4a13ed03f529b784bfc6ab5c42fe44f5a007981b12bb4191e994a79637a
4353,Uncommon Valor,98b4e7e34703b84ccfc69c37bcf046163cd5b3e8302fc9502b3ce4d38f8a6227
4354,Unlawful Entry,bff5906869c3ad834a1c4abcb4836bc069ecc83f4ed20fe470b530c9c4f36a1f
4355,Youngblood,efc4f46ff13ac31e9244d8798d2be1e4c21f3d08c04d1e641f326b533ca16799
4356,Gentlemen Prefer Blondes,91bfa177c8cce1994ee130c18c015ac2b57d4aee8f3ddf18b8811bc3070fce1f
4357,How to Marry a Millionaire,ce79cc3a38d230c93249e30e630eb3cc70f82678c3399b33c9b3ccb28ce374cf
4359,"Seven Year Itch, The",9f8e8571f002a1c5c0f86e1e3f82427bbd0d5bdaaf05f142c0b9785fe0e7ee10
4361,Tootsie,85070f0d92dae0d2c7ae32ad1af94fb069f01bda696a1f4b968f6ca54f066ad0
4366,Atlantis: The Lost Empire,93303e3cb0d991669db3fbc4670f94b11811436fddd62193c66cd9c33016d5b9
4367,Lara Croft: Tomb Raider,d4ac98644b5b258cb4b04ad14b1d3f1a74d3e06fb664ccd6c58f90f43bc3390f
4368,Dr. Dolittle 2,b9bc1127c6436658a5a91e0eb86e01e47bf133591e9dcc4f6ee2c4742d8c7b89
4369,"Fast and the Furious, The",f95e0c28078557870a2a23f5ba96e9ae78a5a751b16aca2a2955257aad7984f7
4370,A.I. Artificial Intelligence,913bf9b81539ee01ee67cec4eed492d658b0b332192bb549452f6dd8059849ba
4371,Baby Boy,9c1ab63b64dcfc4445063383278e9dcec8636393f80d0f9b9cce23f33e0cc26e
4372,Crazy/Beautiful,c4d184d199d33b874fb3caa26aaad9183b34d97678e4f030352e3d56b1f231e8
4373,Pootie Tang,efa865010575907752e2a61294d5199edb0e7a6ab3431bbab825d8e56e6ec5b8
4374,Let It Snow,9e710a0eeb8eb6f1961ee316f340827b4f8fb5c580e64c8e97f160e1f04993f0
4378,Sexy Beast,827e01d96782bdd11c96b7669c3e60d9df78009d7f199266a1997a6ca5455b98
4380,"Princess and the Warrior, The (Krieger und die Kaiserin, Der)",914ffd750194dc3557a7e0bcdf61490f3f68887a3287a6b4c4b474e4c425d58c
4381,"Closet, The (Placard, Le)",bc3c3c39c383d2f44bf2cd43346d4e6f99c438d0cc126d9ab598cd9d1b4c3662
4383,"Crimson Rivers, The (Rivières pourpres, Les)",ec296562c6d6969d973c7b38d903d37224b72c0cc66ee6c672f09930598d33c9
4384,Lumumba,a639caaf15cca1d44bc695182c605e58359ce9a6d27ca6ef9f2b9e5324a31539
4386,Cats & Dogs,914716f16e9de15a13f5db0e3d6862d44d0e48f4a1f8bf077019d7a062c3a66e
4387,Kiss of the Dragon,a2bca7a90fc45d4370fe94b25d299e614979a25bd6574a9a62b48ca5b4a5b06d
4388,Scary Movie 2,950ed85cd5230a539658d0fcaf66c3077a05b54b7af266a42bc08ddf5dbb5228
4389,Lost and Delirious,96abb462256619467990f3e96e459b9c79996e31c6737a70c3b10e0f19c4794e
4390,Rape Me (Baise-moi),b3c9719ccf32671194ae9c624ecd8cd9d8d260c6b486cb36033d33696bc2fc3c
4392,Alice,9938c65b67c739a79a5e269861a3c365b65a389a68656f31c39c92c694e1cd99
4393,Another Woman,baf03eb4941f6ba1c362994e694dc5738536b589944bd26ec197c5943eb490c7
4394,Beach Blanket Bingo,bec06ee8c56cb41ec093c9e3387bf81f9b1ee25d81f11fe00784769c1e28ce68
4395,Big Deal on Madonna Street (I Soliti Ignoti),cf3eaf5528af805f33cb942a0e6047ba9bf432b7944b2f48dda1383d368c3688
4396,"Cannonball Run, The",bf9b9a1be02765a2845d4f6c52647a5396f73c579d85e90ec1baa0ccc3852436
4397,Cannonball Run II,cee243f9919996e46e45edac998e781c6c9964497a443a363b336953caf186d2
4399,"Diary of a Chambermaid (Journal d'une femme de chambre, Le)",95d87b0d981becd4666991b2da915b439b724badc3c543b2c8976b5ca56425a5
4402,Dr. Goldfoot and the Bikini Machine,babac14d981cf932cf6927cfc23331ce824f3b72d6842cf198342e8fa3c8263d
4403,"Fall of the House of Usher, The (House of Usher)",9eee271eb110cf9af841784aca3390e4c6cde985ad2d88738d8f9f34e1b481dc
4404,Faust,d643b672ac7d0bcd09ac296489939492e441f419d0daf3cd976f9e7ba6c46425
4406,"Man Who Shot Liberty Valance, The",863071c5463d8a686de676435a5b89376570a59ed2696a5d4bb9b5b88d97f102
4407,Salvador,90f9acb42c07538151b05ce8747df33588cf243b273093fe1f84d2a95ad1e5f3
4408,September,bd843f11947ad07a49a561a5c6d33ed49867c1a9e71b85bc1c7138536b866d2e
4409,Shadows and Fog,a4382da54b47a11ff8cd6bb6161842c3f03ffec803e3180fe2cd3bf074ff2218
4410,Something Wild,90c3f3bbb359864c936c3724b506c114cb4dcdf3dc323db20cf982b66b2f6898
4412,"Thing with Two Heads, The",bf021e4fc91847a2b0c0455fc0332eeee74f31f8c38969329e4d64b9d46e2bf4
4419,All That Heaven Allows,909787a34361433832fcbc4644b3598b63dd1ff87b8b0b709d236c04977b674e
4420,"Barefoot Contessa, The",8ad2f6cd54291f6c059219bb0d3f13a616e4d295128dc9531bdaedd6cfc26296
4422,Cries and Whispers (Viskningar och rop),b049f0696d070d961ebe3afe4bda9d19b425e176e9d27b09d417160f124ae9a1
4424,"Garden of the Finzi-Continis, The (Giardino dei Finzi-Contini, Il)",950bb4a36bb14a6fc87e499c6ab4c0941ead3d019deb27426ad094bfb4013eef
4426,Kiss Me Deadly,afbf09ff9243e312e1c442634eb8b44484655ee85a46f644ec11b41db5153e7f
4427,"Lion in Winter, The",eeb1e8b33f9b347fe657a5d115901fa7c127d0da04be15a2f83a920c02cf049b
4428,"Misfits, The",bfffd892c441ce8c859e337be11136edc814606fc0c74f92b50f91693fc4cd02
4429,Moby Dick,8b52d2abd8706c5472aca98f8b465ce31c7a271c478e89ab73f128db7c2b7816
4432,Sweet Smell of Success,d00100f5e97d7c00be374b1f47a075fa00fc47fdc32b0c4b4cbb4e2c3f4896d7
4433,Written on the Wind,b0a789a3e9c33fd093e041f9c2bf962f1e4110441bf0f8dd6dd8c0ba6b09ef38
4434,"10th Victim, The (La decima vittima)",8236726ed4893f917b3045e578a5115b7e4ac0ced5b0d23a62efc28d8e796d45
4436,Obsession,b9aa8f1f85dfe0f35e222d03b5d092bcc99e6c43d420674236f199b8195ea43d
4437,Suspiria,941736f67aaac14f2f694ba8d10f277548a8d09635f461bdc2863c1339fdc34a
4438,"Fist of Fury (Chinese Connection, The) (Jing wu men)",a7deb345b0ec27d74a069d7949a68792cc194d3c8599ce618c7d64a287231afb
4439,Christiane F. (a.k.a. We Children from Bahnhof Zoo) (Christiane F. - Wir Kinder vom Bahnhof Zoo),8d034cc979b1f0d61794c22e54a66b6ee599bb542529e331277922d663ef5694
4440,"Big Boss, The (Fists of Fury) (Tang shan da xiong)",b6e1e66c4f2c0c339cc33bcc932c3671b0e1c8936d9ee3606e13c5b6699896f1
4441,Game of Death,bfaa9f759f1a9cedde8ac217e004e106a13133b393f9628d887c3c57943a5c22
4442,"Last Dragon, The",cc4e0cb136b936acb6a53d97c705c70c8b1cf97860ee41f369b1e28d624d8b39
4443,Outland,9c9960cc696cb5b79632735a69ed8ca54a9016d83ce64df166d01b706d9366f1
4444,"Way of the Dragon, The (a.k.a. Return of the Dragon) (Meng long guo jiang)",855b24bb7896c0531ee92f046b257af41ac41e6be473809bc16be4aba4df532b
4445,T-Rex: Back to the Cretaceous,c075cd351f3d301d635f4bcfbc1bf9310f3084bc5834c036be1ea69278d58c95
4446,Final Fantasy: The Spirits Within,9316b31b79d1dcf174a436468b6719a03ff9b4446a6fc13626d3c68d4b2d3834
4447,Legally Blonde,ba7e77c5d3684c3ab784b37868bd39c25c78e707c52a60be21c108f8e69c570a
4448,"Score, The",b5a9fce93f7d37163fabf90878c804e60273c173e4b9c0482e2613973f0b240f
4449,Adanggaman,e596b1cbd27e8e60cfb2b01e79c915816e76866ec9703381d94f26f490934e2d
4450,Bully,c1e5c1ce360e3e3f9d71c9c1628ae03c9875f1e1638b0e079c757a7073ba908f
4451,Jump Tomorrow,eaea955d6aaaad5d162a6bddb55cd2a36dd59222c8c5d4929225ecd19122c2d5
4452,Made,eb18f9db9510e1aca865b79aabe6e06554ef914b146e4ea56a348857131fd60a
4453,Michael Jordan to the Max,b000c40707abb8389e7c87186d97af58383ecc9d97e6c34357d127f3e1282be7
4454,More,d76e0b0fc5367ad4346ad1d826a5c9d31349fce0829d6cf0b30ede2413cbec92
4458,Africa: The Serengeti,9360c4b64d97bb60248a2de37b2d60c89441ba2fe8d8f64d355d3feb6b0c615c
4459,Alaska: Spirit of the Wild,c664e52677135e66bf04bd942c99205b8cfe4de83fe0d44464d522b3c9a76972
4462,18 Again!,a5e76ceb9298d3965b274e6c678cb1937cca186c1b33e6c3664e9b3c933084c2
4463,1969,a416192d069a68ee43c01cca749eadb4aa4b0defa2185af4f3a97786f569a957
4464,"Accidental Tourist, The",eb540fa694ab90da31986e314e6e6b4c33b596f46a5a958b4829ccd6b12ce36d
4465,"Accused, The",bc9359254343fe3e0c1ffc1d529d87cbad810bc21fca14d05ad1252fa1fd7a06
4466,Above the Law,929b9a41616c6d666b926498248564ea3e434a7a99d9969d326db76749b3c99f
4467,"Adventures of Baron Munchausen, The",bb6e38268cb1e183c3ccce58ccb339993b4e3f398c1909e4b15e66d2b0f4333c
4470,Ariel,b78b555c1414e8a75cd4c383eb0b8c985cc9c0e7e1581f9dca4fda65257151dd
4471,Arthur 2: On the Rocks,e691498c924eb663c1b45adad95b85b1b67349676ca4c958e539b4f6d04ad2c5
4473,Bat*21,c938986744f8db243ccd34c6439fe0f93747a5986f07865c331fc3a9ccf83348
4474,Beaches,f000b0705bfbca5b8f5f468e2c2d470e43e73d374ab234f13478325c33c3714f
4475,"Beast of War, The (Beast, The)",bedb1ad7552ec524b3f234b988dc7e8cc7637136c7166058968969648d363a43
4476,Big Business,977afc0f6ac483f01c9069cbc67f320d2311277068ee1ebf9776c2c2183d2d5a
4477,Big Top Pee-Wee,fbea1d75942f6e90955d7094882eb873739b8519c0ac350e95744bcfc711746a
4478,Biloxi Blues,be3097a2339d285fd8cde41c47e643f6877b27711f13798124981fcd78210b1b
4480,"Blob, The",ee208ba0588cb566010f055794e76cf31bf1798825dc69ce77da7a022f7bac2d
4482,"Bright Lights, Big City",d4869719786707ecb73378a6cf8de46e1f486531c3311a390b2f2c768cb11b1d
4483,Caddyshack II,800081818776b808fda185341df21bc35c7f94f4679fb75b73a509eea762fe31
4484,Camille Claudel,9b1bb4cb65866d3431f1869674d19ace6d2bd3638694d9359b5a6cc8e4a66c21
4487,Cocktail,e41fc66889b96db5cb6d1b0bb676969210cde32449c9e7294593cf8443279acd
4488,Colors,aaab32ffd11c2f3ec50363bed1dcd00a85532ea5f06ccd129c538c6cccc4fd03
4489,Coming to America,e647af339ec8339b4c45c19996b49324ec59299ac5a43a4d3e5b61a7c3ad1a1b
4490,"Couch Trip, The",c338db9210d3656564ae9ccb934dda1c6ad8d52d9c3638f2e3412da61cf2cb4b
4492,Critters,99a6d9b88d8e061a6638e6455ba969834c6acb946177e6b329819d2a6f97987e
4495,Crossing Delancey,8b021acdb81524022648edb5b2896752b497db4a94e69c7d4deb94b66be715ed
4496,D.O.A.,d0ba1ac33b4d84bf35b23a4cc4e3cdac4b44c07f0f3c68f29cc93d865b279b18
4497,Dead Heat,c7c17926393e79d8e7851e5938797318972cc5276872cb4e36c6a4e66e242d38
4498,"Dead Pool, The",9ed931dbe3266c259bce66768eb0b12692639bc971a6cc716198641eccf0134f
4499,Dirty Rotten Scoundrels,95c8eb96663b18e63349b592dcb25671235d8ba4740a1c1f8061efe1bfd4179c
4500,Drowning by Numbers,969cb6ac4b296b56695691ebb4ad96ca4a536ab44b9c3d0c352c964734e35ac3
4502,Ernest Saves Christmas,88bce30c8717390d72ec21b9ca0f54c89d7b1ff6ea891c526b07366a6ce40ff1
4504,Feds,a2dacee29b2e6a6d989c65b2e011326d3e51da1105ac9db3da4d610ba5b6937d
4505,For Keeps,e1316131a44bb446d2a412b41c77ac5a69cb4ac9dadb1edb2dbcc9ac784c93cf
4506,Frantic,efba95c0b275f835c94527fee5983daf3e2632f18451cd1cc144c3e9c411b550
4508,Gorillas in the Mist,b5357a7142dad4a4b1e4c2d9e49fa5a7c6d06c1a860fc9830631925b3f8e87f3
4509,"Great Outdoors, The",e87343cd962c953a7a5c78e3c1cbcd2cb6903e29cf341adc195b6b63926c04b5
4511,High Spirits,86ef34af4d96eb4f73474ca1ac7012c262cacc3035356a34cb5c3d3a9e27d04f
4516,Johnny Be Good,acfdf32a6c7fd19081aa2a55770ac497522e09ff15c52f6ad0c2c0d14d340feb
4517,Lady in White (a.k.a. The Mystery of the Lady in White),9ce59b16133832783b1d61a46b57c26162636b8fcf2ca63d2cf18666c786cd96
4518,The Lair of the White Worm,9d3d69ec7240b3995bba1c260b9830bb2c43d3f8da358400c96e7ec507f46b6f
4519,"Land Before Time, The",89ebbfbf77983006c1418541b6f0d3c9263c42f917f70ecb512fa5840a9a3d7a
4520,License to Drive,84bfd5e60b503e193658cda86997d0077a4ce5988d1bad61b5e497d260f3cc27
4521,Little Nikita,bc9cc6ccb7af3a4c98529465684b64eccc9a8658678562cb2cc33eddb78e9306
4522,Masquerade,d2492d018d16b0484ef92bb72bb67f3c3caf0af347ce432cdb39bcc93012eb06
4523,Milagro Beanfield War,bde9bc60c07ee3893dc4842b9a9dde40e738939c696b6505b8837ef0277049ad
4524,Moon Over Parador,bbff6af3ce1097aef1c4696fd0642eb0c419f1db91048f24e509c05e8e43d645
4526,My Stepmother Is an Alien,cc03cce347e4f206d10703f0f29af10531f9879a7909b271b7b7191ef05836f7
4527,"Night in the Life of Jimmy Reardon, A",cf3bbdf2743692e59f28e680e809695fdee4b81045eff3c0f0d227e2e9801a03
4529,Bagdad Cafe (Out of Rosenheim),faedd0460f1eb513b0c3e67dc7509ac218e61bfc58983fc39251662f69269992
4531,Red Heat,b8993991f91835f79afed96fdc963c0a96c096e5ca078428346996e408dec43f
4533,"Return of the Living Dead, The",9bab854ca6d07331c454cc19d00dc0e68f979f4ca5707cb2b443db4bc7398f3b
4534,Return to Snowy River (a.k.a. The Man From Snowy River II),caaa35550554caaa33506dbd4abd37786eaa3fe9321acc93314dd32be482d256
4535,"Man from Snowy River, The",c6a4e92a111336bc267c42430d9bbcbc3247376dc5f948167b22c7e16ce8b6ee
4537,Running on Empty,fbe83aec9455e543a52b5432c0549a6c17b9e95309523ef42ec62d4e7f4123ab
4541,"Serpent and the Rainbow, The",94df8dd16db272a34367c36e3508d319590cd524c8b76ed7b70b4dac8616c433
4544,Short Circuit 2,8fdd7023781d27e3e3b4629f9d6ad290e06a189d8fa2f145b8ba3660c1d3752c
4545,Short Circuit,831358ca7cfd87b163ccb03edc13870ecfc13cf03bfd682f3137d1213264c698
4546,"Vanishing, The (Spoorloos)",942769d097246adadeae6a1395cee71395cca53118cc78314ac8f3b342d3b7c3
4552,"Tetsuo, the Ironman (Tetsuo)",9b32aad46fb594519f133df7c90a7b4d94f4646a837239848c5fe63727402a4a
4553,They Live,9ebe44ea6a4bbb856fba94999445c35ec0121ec8e16162e7b59aad1069e66b2d
4557,Tucker: The Man and His Dream,ebfa46ad8c209e521a0c8972ed6de162d0b234edb3d334967c92e359919a4f99
4558,Twins,b84614f1793c290e16937b4f64a96ab725b218d936347c9bf86485f2d9d985b8
4562,Without a Clue,d9f1ad98a2a7d2765f5a9381ac0ece67e4592d9111a3bc1e9ee568cee1430709
4563,Young Einstein,dd2c0e7172c6e19e2dd1a44d639c7240c26f8da81db7fac65a5aa509e1396637
4564,Always,c97323cc2dccda33f78c03f8ca71260f2e33d17c36cac072798c8da9d87878c6
4565,American Ninja,f08ae810adfd9725b72230f8c2ec972a9b125adecc6619b39a853267e674cd8c
4571,Bill & Ted's Excellent Adventure,cc9c00f171eb3f0d4f98b3720f63ee4eb13e10e0d0dc98c94f232f0d2e3c7e16
4572,Black Rain,e16cd613571661667a2483c937033a7224a57e914bba7ea57ab15ba93a9927c9
4573,Blaze,baffb9d5957c4e02e44342bf915c99e8950026cfb4765a2af0c12c79c45366d6
4574,Blind Fury,944c943a61c938c33247c6ccbb3143335a9e8ca592e95b8ea77d4671e59dd2ec
4577,Casualties of War,9d18533f2d46963f2a4a7f91435abd10d477a1cc453862ca09bfd207b1f9ce34
4578,Chances Are,fea5709815e81f8dc1fc579ad20d43f5bc1ed43d7520d51b4379d021943ec998
4580,Cyborg,e6af4d511ac53cbae47725c66b1c7e0d986293dffbc14e270431773e31d03030
4581,Dad,e171b88c86339b1ca4db7df1730c427bda869ae3ac91b5e73345cd4449384a8f
4583,Disorganized Crime,ade6a8eed21ae711ca89057d132d1b05b53c72fce243251fd6a71a67997219a8
4584,Dream a Little Dream,eb47d4b885f27a4de6b03906f27de160960e3c9b4719c25e30e6346c4fa9583d
4585,"Dream Team, The",e9bab67fd3454bb3c6421974349b652c1b7c9071968a4792eb846d48952d2eba
4587,Earth Girls Are Easy,b544a44449e7caaf8359b78b3d92349b32d87a594daf48a6c2e4666e3c4bb519
4589,Eddie and the Cruisers,ebb13c99c1cc3a6626636772333e3999ccd99ecd68cc86ce1a6661636613992c
4591,Erik the Viking,db0c799784eb6e84c5b21e7c34e3926c2630c7b3ce4cb1a33b9cc3b1199d9964
4593,Family Business,afaf6f82c242c85994fd96f5f8652d8d87c515e6d50a6d0e8721c5137c1e8531
4594,Farewell to the King,92509c743c47f3d97338d12607e7776c342c7499c2d85a936bb769246b402edb
4595,Fat Man and Little Boy,924933cd4db2687f692416921da4f40db05f4fc2339ac86d966933dbcc364db6
4597,Gleaming the Cube,ebee347db4514ba0d10e06ffc6c03b0f03ffccd07e93c31b944cb1e4a5646c50
4599,Great Balls of Fire!,d061fe682f9e0593f8933e3e3744f5c808df7a1dc53427f619e3919b271806c4
4600,Gross Anatomy (a.k.a. A Cut Above),965d48b668e2374d4a3d6b96b57950aceed5b51297aacad11e42d5aa8195915a
4602,Harlem Nights,94ff9d096b196bb36c67a4eeb658e279c61696168686616fe14170b4b6b64258
4603,Her Alibi,ecca36b5955564ca52ad92b59b32c93699365b6a492d0c936ca996643b5e66a6
4605,How to Get Ahead in Advertising,f2e58f1a5999b0648443d2389066f4930ed90fb07a77f2ae9c11dc138b565adf
4608,"Innocent Man, An",80bd9ead8e304f14975c21de8d9abb43e06ec56369caed512ea6b61376e9d101
4610,"January Man, The",cd07350f92f862affc180d448fe73cf17a186f2233c218736dc87c18a727d18f
4611,Johnny Handsome,bbfd33b26693c4b9252c9a6dc24a3b929db1c0ac6b4a6ad3331a26e86cc13b1e
4612,Jesus of Montreal (Jésus de Montréal),eeee6aabd010c994913127cea75590116fce9f6780016aaa0bf948f9edd20eee
4613,K-9,bf3984c2c92cdce63e9e82f9c066dc0fdd90e54b301db81bc1e3cd8c96d8232d
4614,Kickboxer,c480694d3b7f05b3ea48e48c1dfb1f3fe42c72634d97b0ecb04cc79191ecbc60
4615,Last Exit to Brooklyn,c4e1fd543b10372b48e65ad935ba62671ece28b947c330b463691cb538da4f47
4616,Lean on Me,cc95b246e5ab0e1d19f25543b86aa3b9471e18c439c0e6bccf25194779786c7b
4617,Let It Ride,9b71a19e4c64fa6727995c9c72c28f31d0ddf323c4cc93656c93866c39b75888
4619,Little Monsters,bff954f3e297aa5a800aff80dda05110d26d4b7dcb19282185f393f83eaea24a
4621,Look Who's Talking,fab0450d85f833f2d00d3ed295476838d61371ae34f3e03c5abe8d35c9643e8e
4622,Loverboy,a3acf7a81738825a6ed7bb351ba48863ddcb4c9aa5ed4c8a8cd619c96632cc64
4623,Major League,af3eb44840ff78d23f80c26fc6a549a28f48562de35359b41d68969de1354be2
4624,Meet the Feebles,e513fbae0d95a43d73e8ba52167be681630ff97298639f2d85b682c0c8776028
4625,Millennium,999909996d996c6c96669a664da6c59937b79a564aec66a132339d6981466e76
4626,Miracle Mile,829453f57fe4291dc01f58ce3f7c4b21e497441683f9d3663c84973842fbc4d6
4628,New York Stories,fe9711669168e4f9c4733b8ed0366e97216860684c934e73bb8c9f8cce91a54b
4629,Next of Kin,abfe693fdeb33eb6e514c6889d493163d2966414a075ca5ae090c5258f0f85d5
4630,No Holds Barred,913f3f9164aa2af12b5cd4ce46eb83363e34f10a39d88c7bc7a4c3341a5713ca
4632,"Package, The",89b91b9751062cf2b6f0364e12495fedc6c3e6986d9e19f23b34991afe498660
4634,Penn & Teller Get Killed,bb35b90c988dd4db10f6a07c66ee07c2d9e4c87ccc31e7c2e3cbc23183a0b7e2
4635,Pink Cadillac,c0834b753ffeb4036e01f07c21ff5d003c80382f704fcff08689cf0b22cff7ac
4636,"Punisher, The",d1b48e227e58e5ad1ff212532f2f28d13bc57b1c38717e069996e6a39658c690
4638,Jurassic Park III,c010c0405aee34b02ddb2fef68b43bd82f42533e32afbf4139d20e5e3c9d74e9
4639,America's Sweethearts,80238c578255f3a3ffedb21cdde40bdc8f8aa1eede186e245420c951eae645e3
4640,Brother,8897e5b561bb01e632ccc64ec66ef24be62f607389279f3df96cf8c6188018c9
4641,Ghost World,f249978cd8325973979e72483589ce1969a11ea7d34e31a7ce73c5a3331c664c
4642,Hedwig and the Angry Inch,95c3de9b68b47266c666c51c219935832e6766e6e548f19c1fba87133b47cc44
4643,Planet of the Apes,d04ddecc6e9cf047f0434cf34ba3f170c1f063866f86ac343324cb8d67dea10e
4644,Bread and Tulips (Pane e tulipani),8725d849c45da5ad7a7b4d3cb5ac3ee14e1879b23623649ae333b4466196a176
4645,Cure,b4dd84c541c4ef62ef72641ad296fe01b56957e922e58bf7c981608c7b9caa12
4646,Greenfingers,9616c649eea931a321db495e70769474093589a61beabdd675d35b89d89c54d8
4649,Wet Hot American Summer,bbeab92dca08650eb431cbc3a53772f89e159b42738768fcc750bc16943468bc
4653,"Return of the Musketeers, The",ebaa3ede906516b49879dc0b8f926370e178341e8d25c3c685d39ceb99acc319
4654,Road House,d1a94406145eb93013a964e32bf67c7c6fc81b836a358d9cba4387c795399e79
4658,Santa Sangre,c199c9993e663666a7e8c39b7895b0e886784f3d298f90c777612e70761c819e
4660,Scenes from the Class Struggle in Beverly Hills,eb716bd6c17e805f7a9770998582b467e261c25cc11c87899e679f863cb192b2
4661,Sea of Love,8823bd9b35dbc6335f3370db627242720cf72cd724ddb218f072f04cd019db38
4662,"See No Evil, Hear No Evil",afeae511e71f14e2d0c01a9f991a8b6890a76a9f635cbd394a6ba3751934e462
4663,She's Out of Control,b03132d3c60dcc1c30d1272dcc3699e3332f7070cd87d9ced8fc6ce3e4e6192e
4666,Skin Deep,fbfe8af5c48f751ac3300ef99c4df046e142cd3191149096c5c946793e3f9c32
4670,"Stepfather, The",9340a35824576cd71b64924f665abd74d1a474b275a71f82016f65ae47b372a7
4671,Sweetie,8fb6233630d93ccbe8464ad464c94db24b139f2db53e319893a7a7674cd88c74
4672,"Tall Guy, The",ee5bbcf0b0d93a4204e667e7b193c0b44a042f4b63173913784e943e95e772e5
4673,Tango & Cash,ebfbd888d8802e67a567a532c592c3b59155b76a9700138598553d7c9c1e3eae
4675,Three Fugitives,eacc0d33c008b71dd83791cec1c736cc9659f09ac9538defcb65742c1e382be4
4676,Troop Beverly Hills,dc84740cf3197ba937ef52c6f050f912be135e2bdc3895203e3238731be923cc
4677,Turner & Hooch,83bbcff71d4619063a02f4caceec38c6d80ece0f2f8692d3ec6dc6224f8281eb
4678,UHF,e845b454d2aac9e90f79668e1a8f337d64624e3a23cc99c65a875ac76a709f2a
4679,Uncle Buck,a8ccb727d2b3685d853c81f193521f183d2f7e66ec5643e9c3a93af491a0b249
4681,"War of the Roses, The",d1bfc1b727843b80d364c46f909b1c5b6e646fc4da49b6672c3b8cb0da5a621c
4683,"Wizard, The",96fb576e8e91bb81ef3ac8b8b187ce3abc71a4879640a151c1cea163b4390e99
4686,Weekend at Bernie's II,a8433e6441baeb89be41c4ba91686acbfe9641be69e93e544cbea50876c99c35
4687,Billy Liar,be94dd28a995a6be256ab539a26ba76425afb4be82d48f44ba123a9a0984cf74
4688,Black Robe,e5985e6fab9212d0504df59bd46da5989f316a57ff8b486e05d097a06037511d
4689,"Cat o' Nine Tails, The (Gatto a nove code, Il)",8440cd3c6d9c6e7f424f53c731a5f0613c66b9561392b3731b276927728bd398
4690,"Cotton Club, The",c99c1db03f63f033625d27e4c6c44c0f3a8eb3f07833c3c746ca5c3e4b1799b0
4695,Who'll Stop the Rain,b4eec44bcbb1913e9ac4729378911ee495243fb59e1561e591c03c3bc654e74e
4697,Basket Case,d1043f6032f3e8134ebe9bec297525293f5ad0b55a86127e716d4d6b64b434b4
4699,Original Sin,c609ce2673268f1bb15b47b60f31b859c3e647a60fddbc4e703a783131d0f702
4700,"Princess Diaries, The",b9e7e0019f59682687c2925e63800fbff0413cede8051f3ab0779ecc88dcef43
4701,Rush Hour 2,f991ce4e9b931a4ded2ca1dbc78e9193924d7d3084edc990929b2970c3e326ad
4703,Chocolat,e9794926ec867690b4f9984fc66d630892b64ad22d5bb5bf7a0dcda46800d25f
4704,Hatari!,eebbc0a458669e0548d9a7159b142977ad53c068b72637ac9caed4aa861937f3
4705,"Cage aux Folles, La",a987f2f0d32c0e334ad8390ec433c38f96739318de17917ca78d70c93b361c6e
4708,Marat/Sade,bbbf6faac4503aefe1413db2e052d44992a5cd1696bbc15585129591c153d46f
4709,Paint Your Wagon,c2523ec739b9c333d81607f8ae2933b13d32d14fd9c9f2506fd206ae391d1139
4710,"Shootist, The",bbff3ab6b610873fad40c148c869e704e01ec2f11ae07c18df800be72c77b7f0
4711,Theremin: An Electronic Odyssey,c9eeb114b6ab6d21cc54561eb1c41bebc3fbe4d01ce4864e4f1e4b51647b344a
4713,Altered States,d94ddbe7e496861861b390470ed9a1969d244a78e5077aaadb0af40366f995d9
4714,Any Which Way You Can,be89e1741eedcd0b807426e3799b867c778b2c14d1669f09cc7e71a224c07a2f
4715,"Awakening, The",d290c05ae0b1686cda41de1e27a1c1e13d6a875f8f9471e73d2dcbcbc5b03a4d
4717,"Battle Creek Brawl (Big Brawl, The)",f17f107fe7a00fe8163f38e56ea04dbac3563ae61ac7c8e4853c6692cc619c05
4718,American Pie 2,be85cbf0c5163e2cd0e8cc17c1f337c3c52ecc86972c1a83f01094facda7a53d
4719,Osmosis Jones,fffa8055a5153b6f9461cc5a98d1f396b144394ce151678cc51978eb909472b7
4720,"Others, The",b8bd28856d509578d20732fcd7204d0728f84f856179ad7a7502d4f7be94b4ab
4721,American Outlaws,98bd956642a6eb5934c56cb67b5b750069241a1bc34be181e6b9946f6cb23bf0
4722,All Over the Guy,bdb0c678d07c93c507316907c64f0f8799d9b5396e64b07e4e1f3919c59c1e06
4723,"Deep End, The",c63ade5999c319cf1b8d812e1b6d9165e3206f8c85a268fcc5fcc4f06ccf9c12
4725,Session 9,94d2daeb6b4dd6bad09249ac8f14c27339a927adc276e85636a92f1944eb8856
4727,Captain Corelli's Mandolin,a267dd91496ef64939f3ab698694c84eb4a148def3094cb69f4948e691c96b31
4728,Rat Race,afc42534916f398b2793c16ade927e997368c49cc4951863334e73cc9637cd1a
4732,Bubble Boy,abf82bf9d58fc4072e52325ad12dc9243cf234836f070bf821f8e5c98f0d9f03
4733,"Curse of the Jade Scorpion, The",d464d4aa6d91089542a462242d7f495a895d26794f6b8d7a4cca9c892ffbcb7b
4734,Jay and Silent Bob Strike Back,eb6a9246969549b94e5abc67616cd21e93830df9ce1ecc0439e8336e66b58791
4735,Ghosts of Mars,e541ce8a3c1bb167822fecd379a80b2c2eb1bd1b456ccebc0fd3554a26c6e0b1
4736,Summer Catch,ce1fe91b19c090ec607fe65289221d0f968d7a7076f079ee7925d6a563164f12
4738,Happy Accidents,9fffb0f4a404c203e9fe957d33db1c236984f00ec69f537168a96b9015da1ca4
4740,Maybe Baby,a91c0e7bdef178d8c3e1bf3c9c06820f8fbec1c6a50f933783608cd021f66636
4741,Together (Tillsammans),c150ad55ee8f5aaf36fa1e58ebbf070138abcc94b445132f91d5fe09c442b990
4743,Tortilla Soup,bf0db44dc16943b8c23a0ef29ee6168670d7b18f0ed99d489c4978f8653e649c
4744,Jeepers Creepers,9333c7884ee649b6799c964d8e68d4267c070f9ba1b979a9c593616e1a4cbc96
4745,O,815563657aa2c09e3d081fa2ad5560f9958296273e2d1d8f3d2e1f66b85f3a59
4748,3 Ninjas,b8b7e112c3b59a69c26de5de3cd98c53cd5e1e4d258631a6f1a471a5934c421e
4749,3 Ninjas Kick Back,c73cbb62159bccdb678ae27c3ad31b8d6065313618969c52ce3b99c96c780e64
4750,3 Ninjas Knuckle Up,c67e453de94823f3cb2d2e1c93f22d4897033b9834c693fd322396476998b327
4754,"Wicker Man, The",bd4ccc1d403fb665218f53303ee7417e38f1db872d74dc992112dcc02c7b7398
4756,"Musketeer, The",d070d3ef0f0f2ed0eef8653e109690f1617b4127d2444f6c2db78d315b23d744
4757,Rock Star,a7ff2737993bdca878c632c3b34825a6be12d259ad258db4f0227923dd00965a
4759,Two Can Play That Game,d44910cc23620ddd49b7cfbf0e1f6800e96a9326f2a7ecdbad5dd4a892e00f56
4765,L.I.E.,8f7482b4ebcef181f15bbc2bde1969dbb6e7723249e4ebc43326109793018c41
4766,"Our Lady of the Assassins (Virgen de los sicarios, La)",97a1b1a1695e6d4a16a94b554df144e438f59d1aa616831ee5b631e3bbc5ce09
4769,Into the Arms of Strangers: Stories of the Kindertransport,eada9525c2ab68d2b52442aba4d4f92a95296ed490b2696b325b56b62d655aeb
4770,"Glass House, The",912dd2be4adea57a583becb764a52f47cb0b1ad1b560c4a01ed08fa1c1326fca
4771,Hardball,95c944cabbb17b363906192ff8dc793d305bd0cf82996248b7e4e6e684c2c6e4
4772,Dinner Rush,9c148f5913c7608e6e6a6728c21e919bb771984c448e4fe3ee7ed02d9b919bc6
4773,Haiku Tunnel,93a82da9ead4be45952ae13a1aa554aca84a5256e5e4e9b26f16e3ad1bc552ae
4774,Big Trouble,936c132c9823cc936c90edf6f1e774a5f6ce375a1e78ea5c42c948418851cf3b
4775,Glitter,c5b294c3126ddf1e31467b6d7e3d46d97a78f87805e90da6f48236c77140c03a
4776,Training Day,ac00be3c8dec8554e18f6b9be38289d322bfd043d3105beab378d15b38763966
4777,"American Astronaut, The",c4122fff7728310590fece3a87169f8f686cb4703e13d1c200fdcf6d3c36b212
4780,Liam,a249a4c95d3f43db3b3ced80c4c81e1f3376133f6c20c3cbe44819b7363b313e
4782,Sidewalks of New York,f1b5c4bd8dece143f03b835cbe50be0f06673a184bfa81ef0c2603a781bb42f2
4783,"Endurance: Shackleton's Legendary Antarctic Expedition, The",fe77118901de7c2b6bec01db8e0278f881729f75580aebd594337bcfd1842630
4784,"French Lieutenant's Woman, The",d3664e91bc9b694ee1bc9673404b369e8d367849c6629bb3d705c85638d9c5e0
4785,"Great Silence, The (Grande silenzio, Il)",f21b325b917a9272720db207d271d3f80bfc9b644b4329039f245fa60d370d3f
4786,"Legend of Hell House, The",e2b78255ac8efd4ac1488bf8f73471bcfb633782f680708d884d8f5836346336
4787,Little Man Tate,c1304ffce84c8ff4523b30276fc0a4b5cc49929f7b342dc34b1b82b39d561a67
4788,Moscow Does Not Believe in Tears (Moskva slezam ne verit),b9bc3ed1c2f7d0be86d027809b4bc41b2f1c39662c798f9099c06257b595db19
4789,Phantom of the Paradise,c7648f623cf478987286d18b273ba5a34c119a5e2edb7861da2968ac65ee9dd0
4792,13 Ghosts,bfae39f4c6e5af81b3609b5eb7c0521fec173e258d518fd6b00087b1a164780a
4794,Opera,cafec4fcb5053f03930330bcb835199bb01139e99381e7e3e4746e5ccf496cc4
4795,Father Goose,af30505251a519b1f85a2fc786f73f3ddd8d5af2617d2c8a3222b1dc7b8103a1
4796,"Grass Is Greener, The",e6699b926e6d15ec93396cd6499696a9e5fcb1098cf36c045a3980c5e359db60
4798,Indiscreet,cfd7f028d2d50fdbb0adfb567ca822d1234b1db59c5e05e052f7924bca8ab400
4799,"It's a Mad, Mad, Mad, Mad World",bfba18f793b54cef6b4749a8e215e1688566b31d993652addc2cf491d080ec11
4800,King Solomon's Mines,fbfa99d5d1028601262b4fba9ea12f55c855f8c2e0d766ee875e070bbb302d18
4801,"Little Foxes, The",acfe4cc558842ebea57939a23982431f0749b76193be875f4e263f84265f702c
4802,Operation Petticoat,ebed4960f084f499b5401d6681bfc0bb5beaca40ca55b7df948e2548f071f06b
4803,Play Misty for Me,eeaf463dcd007b16b37311a7f910b3c513f9e01981187ee08c76d8e7fbc02d14
4804,Pocketful of Miracles,c173789a3c949167468b65d9193a6ae6a95d978966e23bd51acb68624abc169b
4808,"Vanishing, The",96b096193b4fb9e069f2691a34b1c279b12d95a9ca58169f969dc6761ce5e186
4809,Silkwood,c121c38326962e56f86dd8580f9c0f9e27e7e6e1667203ecf85e71ad64937270
4810,I Never Promised You a Rose Garden,bb80c6facca5313be2d0ce059879d1a6670e66f84da59ac7911e659865934f27
4811,Quadrophenia,abbf129bdc4dad45d91c42bab4f3da4ccf4c89b39c120e4109836d0e3b3cb4d9
4812,SpaceCamp,941ed4be4f336bc54be9f149b4303c26340ce3af71b3c1146b44c794c5b35b63
4813,When Worlds Collide,c2830aba0403a57475f779483eea3887307434f176a276fbb8d375f17d0a612e
4814,Don't Say a Word,90a049cd163bb63369dd37822cc47ade8963de97920fcf62f2948759c0d964ad
4815,Hearts in Atlantis,c0358f073fd850b93c3329602f7c703347abbc023960ddce49bebf212865f5da
4816,Zoolander,ead5d29494a53d6be56a8955f295c4aaa94a739594aba1585f55e94047469c5d
4818,Extreme Days,985a3edf66e0ca22d94ea5950ab55a6ab24b33dff59084b45828b74b27d4c8bc
4821,Joy Ride,cd9405c63cf5f31a930b7c5b3b4eaa597a5eb624642916a5b43173943511e9b6
4822,Max Keeble's Big Move,ef6eaaff1421fc318e8fb344f244b158f8108f3a64b43ae44b0de17d112ad693
4823,Serendipity,f4e18701ca56e496b5a3131c0a5d652ded999dd19ac5f26dfd680fd260b265a2
4825,"Swamp, The (Ciénaga, La)",9a2a4c95ca47b1364ec1e3b8bc2583d96c26be8afb5b47ac969bf344cc985342
4826,"Big Red One, The",e4b466b5ce0bca69196930c29992399c693cc39f9ed83c713a6e99c693c7386c
4827,"Boogeyman, The",e0efd07f9f408783d8511bf0671878e53e45a470b7349f43d8f1780c8de46c59
4828,"Party, The (Boum, La)",bc41348d639ecb385bb11c270cefcc6a66da72d33b09b3cd332c931c92b61933
4830,Brubaker,ccf86d6e93c793936c1c9c5738e6244e2e199cb3391bc394658ccc73c1e149ce
4831,Can't Stop the Music,84d565e47b3e9a1b284bc020c6a2bf95b15f0beadf907406a0afd17f5f188c8d
4833,"Changeling, The",9befb365c8d5e494a5913b68b0441beff1005c92c6b9c136f1336ea9c5243b5a
4835,Coal Miner's Daughter,c693392fc3d226851b4aceb1333438dcccc329313cedb322399b9cdc866cdb4d
4836,"Competition, The",c004c2042fff3dfb30d912f49eec6c4ee006c3333339319d1ae33e46ccdcc4fb
4840,"Last Metro, The (Dernier métro, Le)",d331f4dc68d453232ccc29c7cb23c4dcd2d59f38b4acea596b1a130772876dc4
4844,Bandits,d468946e0ed67bd763b7c3e138a8f800e91b632feb450c4e6fb49790301cb17c
4845,Corky Romano,815639edd62f1a206dd8e6c3a39b6d1485f7705862722623760d1dbbad51b175
4846,Iron Monkey (Siu nin Wong Fei-hung ji: Tit Ma Lau),dcc308d95819a6717c1399936cb3a6583599e3cc2eccf31c2366526e2f33d19e
4847,Fat Girl (À ma soeur!),c05fe53c0eb030c3392d96547ad9dfb192c2d97e66376e6dd68c6209c98a11b5
4848,Mulholland Drive,f69be6ddc0bc507c7de0d5aa12c0c58b6b499fc0d49aec40ba5af89b4aa9b412
4849,My First Mister,b981e762eafeb889f723015ec0388f2097e7f08f7a580a75217747c22e89f872
4850,Spriggan (Supurigan),e859e3fa16e4de271d1c8d5863d961ba41da7c29b80511c64634629f7d9b2f85
4852,Bones,979994b1872724649669c78ee4f1c38f73991b1f6d8638619a683c6e9c3e2696
4855,Dirty Harry,aba524211ffff00ad04b1ef44b84d3ad76990dd6cf143989e90b321d87e8e4ad
4857,Fiddler on the Roof,aff225ecc046c076923c3f040fea9bf89e439a0979ed39e1910f738c6bb4c592
4860,Making the Grade,e03a0757bf541ca0cc95695745ebed0d38d1b0c63686f68af618163d9768476d
4862,Not Without My Daughter,f1dc3c18c0c36eabe72b43ca9f1c98c47a704033b8e7762c87f32d70c9734fa0
4863,Female Trouble,91f2f6958c0679f706997d6a82dd01fabc44161be1e73c44cbad9cd4c12a9cb1
4864,Titanica,934bc41ec34e93493d9dcba3263626cd52eb3dbce3491b3145a062c3986f658f
4865,From Hell,d271f0c9923d3d843d246e266c8ec6320699230748e361e9d8ffd1dc63d9fa35
4866,"Last Castle, The",dd6928fa737ab7668e6474f22119f3cf0cb6b441f3460e3c74138f43309c5171
4867,Riding in Cars with Boys,bf91f250c36e68669cce15b9f0c417bbc2706b93ed39e856ab43cc6468988da1
4871,Focus,fbeb1b67a3bf67dcec28fcb09bd4d39e5f1a603b80654c82348c05982a31a073
4873,Waking Life,ee7c6de52b3eabc7d6db489ac874133c80c702cfb99bc89469383449d3b14b03
4874,K-PAX,af3dbdea50e687177d09c84eab557b494a5e85f4d2c42ca4243c96a409c57b4b
4876,Thirteen Ghosts (a.k.a. Thir13en Ghosts),c09394113f306346bccd3c894da46a66e27396783df863cff09fdc666de06b08
4877,Better Than Sex,8416500f3acc4e48b1b308e77f5d2b7dd6af24a5f3989dd886673437c95a249a
4878,Donnie Darko,921a361c64f4ccb9c92579671a79e6996e1ad2523bc5ced26692638d99b13c96
4879,High Heels and Low Lifes,cd81f5c3567f6a2d5b0021563dcfd53e23d294c970099fbdc0c539d4ce326c46
4880,Life as a House,8b69f6960969c6e1f2500c9ec769b0968ecb7368f81206adf94b36d693a87f42
4881,"Man Who Wasn't There, The",e082e28e1c144a9551adc42d1329c5617f3e955036f6b4d5ced01fb79c7d4ee3
4883,"Town is Quiet, The (Ville est tranquille, La)",aeeb6683f9d37bcbd12982558c147534ed348054eb741f6d9b61c2132e8919e5
4885,Domestic Disturbance,e113ceed18cc31c26bfe622b4fb93cbe0ae09046c5e791d0b89d8f50f6647386
4886,"Monsters, Inc.",f30ba0264202d0cb693f1fd075bc27e33bbd69e70cd8124593b53f5c33423dc9
4887,"One, The",c513632538e28cd6673635bd4ccd599b799b42d2a6d4a5279b65b2446358ec33
4888,Tape,d999d9c8c335336803b3479826caf6597ce6dc3968e8d7657be00d871a1127a6
4889,Heist,febee480f092931fc64f4d4be959d290934129d9c56c8b69a56d4d2c8f6486e5
4890,Shallow Hal,ebbe954ed9652d8ac8d5b6686cb3902926acdb25a687946534e591695ac9969c
4893,When a Stranger Calls,c000c20040ee27fe3ffe37fb3253f421ccedcbc76b4ce90cdc84d0936b1b2b33
4896,Harry Potter and the Sorcerer's Stone (a.k.a. Harry Potter and the Philosopher's Stone),c05b0f5d7912d1b606acec730fc57b441a343cece4a5c34ace4d96c17b876336
4898,Novocaine,94a58fa13b1cb05e2d3a2f43f0f1cda02786da1f188687ecc60c7ed9987ba563
4899,Black Knight,eb2ded2d8cba17a46386d25b124cf6d2b459ed34d1a69947e4518495f52d806b
4900,Out Cold,bfc5c26695b82dc9c2726199c5687233e11d3b7878870eb46b7db25301e79907
4901,Spy Game,c6cb924cd32371d9189c77736c642c719298cecef3b324788f96d467870d6325
4902,"Devil's Backbone, The (Espinazo del diablo, El)",e20ff393377014f89cf3a986a017c0fe07fc17e09f01680d787f987ac1f86d84
4903,In the Bedroom,9413c3126bd858bf9c072fe068fd48293f1db7c49de66aaec482c81397b832db
4909,"Incredible Shrinking Woman, The",b8d487ed44d33e4b91a9c2528f0831bc1b5e4fa59e9c9b19cda0a64fd868ec3a
4911,Jabberwocky,b9cdf8988c3c3e61c243c6dbe707c7898d92789669ed89e01d2ebc2d32e160c7
4912,Funny Girl,bef295b4d129725dc24cc467993d5bd89c63353b6a512699e46cc953d18ecc22
4914,Breathless (À bout de souffle),b2eef3644f9bc893b871be6480dd61caff0042b48db52b7bd64f1c8bb431c030
4915,"Beastmaster, The",d40de0a9e973ada76e64894c512db2319a4bf9658bcd905bb4d992cbd8584ed2
4916,Midway,8636863073c2c3838bb12118fe38983cb91e391cd3ddb0cf54e36f71827adade
4917,MacArthur,c12ec3bd7a0190fea5d42fe29e8190ec2fb496631e596c1d49b87b1394fb3e04
4919,Subway,d0d166990f66e9ead0bad69d87ed0be77833981860628717b598af41697cc1d2
4920,"Now, Voyager",fea046ecd85571b94d4be15b2c8e38f69355bded2d29891b92b032a691a6c916
4921,Little Women,8d61b3c67496cf64b00d64f243c6da10975bb06077ac068b6e783ee70dbb057b
4925,"Cheap Detective, The",bfea5d42b530f38dc8558cb0b115cbc1d80fe12ce543dc33e4d4254fccdc7834
4926,Everybody's Famous! (Iedereen beroemd!),944cb31bb263b48992081f201dc3339f1675d97543d773db5a79733c5aa60cc9
4927,"Last Wave, The",abff3550cd004f2ab5159ad5d2955a978d758766b568622bda40c6d4b4d54cb2
4928,That Obscure Object of Desire (Cet obscur objet du désir),ceaa02feb411f3051fe1b8c06fc61e0ee115d19999376d32e4328789ef117e2d
4929,"Toy, The",b3ab30bb8ed8c8ce7b4636104cd86cc433b7b319cf694e6395b44bd8e04c6cc5
4932,Dressed to Kill,afffe31563291dcf509a9c63c96cc1298a7143dce29542938cd71e8af1068c77
4936,Fame,803452cd3fd40ffb42df30379a016e906379a86f4cd6c96ad6f298341b1bb696
4939,"Final Countdown, The",f1b4a3ea2d0a87111edab875be517cd27907f94ec26e120ba4144c9ac6b5addc
4941,Flash Gordon,951d1e8c794cdadeb273b7236ccce0786b338d83db98706d426729429399cc17
4942,"Angry Red Planet, The",bff43fa1984a3cb94f983160b4814eed3c5bd0434bf8650e335e939961b16d46
4945,"Enforcer, The",eabb623f9d8439c9b4719e77b5453186e07036789714e99b94416c79c45c3327
4946,"Eye for an Eye, An",e3abb01012fb4fc36c50987b33b061b70f47278e34391bf843f72e04ce0f60fe
4947,"Gauntlet, The",de7f21ff1dccde2065c0d980907f8903a20568d84b7344cc0d731f5ebf36ce58
4951,Lord of the Flies,d04178b84fae2561923d93854dea646c4ca7b350d1fa49c126759df3e55c4cfa
4952,Morons From Outer Space,9153e44124619e9b6b6c67ac1f9e3b7c3924e593c8599d6da4b1d8dbc0c967a0
4953,"People That Time Forgot, The",eafdcaaad4040fafd019b1d19794b62697c4b14d582fc03433d694c3ed5acda4
4954,Ocean's Eleven (a.k.a. Ocean's 11),b18c6ff7ae3af10116f1daaf39414174b4ee30d03393667fed40f1c8a4b9b840
4956,"Stunt Man, The",94e11473e5726334e4a44bcb725b3cea39b627363ec9198dd8b17833729c6a8c
4957,Sudden Impact,adaca4ce1ad31953cd33473155295da668d6b8c03159ac9cad6c75a17abd720e
4958,Behind Enemy Lines,c1e752ee3d9ae40c1f0f2fc0f0e49c7b6ef73980f304c27d2d883a80c3fb8472
4959,"Affair of the Necklace, The",8655d4f355f23990ab0dd32f5b460e42c12bc53d89a40cf054fbf1cdae851bb6
4961,Pornstar: The Legend of Ron Jeremy,b2d9a567cf23b27998764996e58438ee998ecf8819a9f1389237c0c3665b0f34
4962,Texas Rangers,8a4e9ec705a96bd9685190787b84e1b705375e70fc7822a797867f46e84aa671
4963,Ocean's Eleven,d120f90b9e79067d601fc1b564db66f86e081f031ba372e77ee67ba45bb04860
4964,Baran,f6b680056dc936dc193f6db36b6f0b6e969592e8753c94913a4984b0a4b66966
4965,"Business of Strangers, The",b4596a55b4aead459ead2fd617cfcab7c07469a84286276396d25323492e40bd
4966,"Incredible Shrinking Man, The",8191928d5b8659862d9da5945e63dc766c72459ad6b052e5306639c65fdae56b
4967,No Man's Land,ccc4b32b7992247c9f13e7c0588826373bbbaf4d4a664b05b4f3c0d887b639a3
4969,And Then There Were None,ebe6eaa65189f2cb1ada5452e72b346a7496a3377b59d908919467b88d11b903
4970,"Blue Angel, The (Blaue Engel, Der)",eebee4a5a4114ec6cb483972ea5e4b0b3942c52b93fd32f89f24c596f0d8322c
4971,Moscow on the Hudson,fa6a0ef587806a755e6e8585cb53742995a5e1c28d11f52ae1d7d50ab51dd292
4973,"Amelie (Fabuleux destin d'Amélie Poulain, Le)",baaf7eb16a544b3ce91ae0d6f0319c669669b31e95c7c3a099396cc0e3324f41
4974,Not Another Teen Movie,fb3a04ec44dad911b726da41cf43639690deca3e8447970e19dd3c993d8c15c7
4975,Vanilla Sky,eb176f033d8cbcec90bdbbdd1c6384fe1946853103fc83826e71861c1de3d42c
4976,Iris,9751b15c4b920cbb74ce42ca6834f6964dcd0e2d2a653ace0faeab49651f52e9
4977,Kandahar (Safar e Ghandehar),a39c13609cb38c676f9ece387845b06ed7447fb3c5413aba9c69489877608f8c
4978,Lantana,ebaaf14190441e3f9f9dce14e04830fbbc710ee7e700638fb2169a5ecf01e738
4979,"Royal Tenenbaums, The",e51a902d9ee13cb6e3112d4b9cb63e92f0edf30c6133686d18641d9cd4edc2d3
4980,Bill & Ted's Bogus Journey,e254e67e9655c0b5cdadcfc968daac4b155ad8813bbee1d449114f1ac5034aba
4981,Clockwise,edab632b9c73dc87a34d427ad984b70d8f03b5a7d2f3e948a1602e52d02dd4a1
4985,Sheena,fea16af9c60fbf1f0f903f1031b893d11f8f8d16da963017187092f03ecd606c
4987,Spacehunter: Adventures in the Forbidden Zone,91213a4fbc8a97b3e82342cc3b0e1db3cc23f956d91b8c3527e181de3c8ca72f
4988,White Water Summer,cdc1706d0780921c66b546e0d23e5af328e2a9ece3ec662a661d753f17e65176
4989,How High,bf3ae340d10c1abfc27b6d2c908b45ca8bb4758b9f3568fb465c6b3c0d8326c8
4990,Jimmy Neutron: Boy Genius,cc00501251dbee8df2c40b606e334cbfa9e8b4c8978c7a943b7ac53736a7daf8
4991,Joe Somebody,e898da62853664dd4667efac9ac919b31fd8bdd26103488ab8c8efe769852631
4992,Kate & Leopold,96afcf20699538db2b53e385b5ade4489c4694c6b2791e3ac2a66349e6d14e93
4993,"Lord of the Rings: The Fellowship of the Ring, The",b18595dc5556db624a226693bcc14e08e73c237d86bdf48d798b998079f2316d
4994,"Majestic, The",8552a55142795a9e18ae9ca73f896f71ca51e25ec116632d63e943bf39a79b08
4995,"Beautiful Mind, A",ce1e669f37e539e058b8c49f27075ab2c4e038713286c78be5c6ca871f0d3b32
4998,"Defiant Ones, The",e6332f5a0bcdb07236f0dca56c49953117ce67e951de5acf65d590a618714c30
5004,"Party, The",faea128cc7ac79bcb956b9426f43c003b8698eedb46b2e960feaa06e98817c2a
5007,Topkapi,bef91f1e8ce07ba3f40e6c46c003d6aee166e259c13ec3279233b43bb4689351
5008,Witness for the Prosecution,a0019ca71d47f0094896625f6bfc27bab7d8e61aa718b7b018f7493ce6091cef
5009,Ali,a511a52b429a4bd5696514b61e669fd7f54a6caacb1e2bc331ea91286d07bd86
5010,Black Hawk Down,a36604ccdc173d8fc095327197cc2b2e8d334ea7676951393edac187ba248f9c
5011,Charlotte Gray,c1f5c2e43f0e3c723ae1330f669fc8b8c97a4b6b3ec33d86c9009a32b686c54b
5012,Yentl,9bee91026a996a99a6c4ac46e556b122b530ccdc9ad5969fa511e35ff267c621
5013,Gosford Park,89de4055271adc47497534f67e141e878e94b4b474ac4ea45dabe54bb52b45aa
5014,I Am Sam,cff93a6fafa0c5d1d02ad73f485f28102f9736049578c5fbf418f904e589420b
5015,Monster's Ball,9a467ff4e898013fc74746d97d9aaba213f9310192da3e80f92f1a797543c416
5016,"Shipping News, The",fbcc846a94b33f91e4606b4c925e3cb3c38dc83e1d3a6fc161ccc1697e31c853
5021,Murder by Death,9d5819ab4026ea5876d99486fb1b2b34081e589e7c61ffd3e8862b5c938df4a6
5023,"Waterdance, The",af406fcac0df903f1c2b6e0143d073f23e0fa40fad235a70c2fc5ae539e3991a
5025,Orange County,9a4169714b5ea68465a6fb1a8b961a79e696ec68d66d1ac1992de33aa49538da
5026,"Brotherhood of the Wolf (Pacte des loups, Le)",878ec696641c39f03bf03269a821cd0eef933f9e0b1e4b792cec24758473bcd8
5027,Another 48 Hrs.,8481ac1833fa53c36409da3d60d781a52e9f39ec9f462d873ae59aed35c50f74
5028,What Time Is It There? (Ni neibian jidian),948b9c9da484d40e8db9e187bc06c3ea581d27f13d66780b43e99c9d95c63a77
5033,"Russia House, The",c2df6c513b22917f6e3d87c3487a4e2c35c53a3a3a0769e8863df243b070cc1f
5034,"Truly, Madly, Deeply",bbff9369f0c2efd7cd2d8410031c913e9f7cce256cd2e684e8c9c852c8a430d3
5039,Dragonslayer,9bfb7b0de446c6f191942d86e440e0529381b729847b9cd3af05c26df4347da7
5040,Conan the Destroyer,c49399481e660727798ce93306774eb9bccc59667b59a699673d3e26b84690c9
5041,Fire and Ice,bd10c016464397d849b46927d93697cb3cb762bcb3c86ec2c44b63fd43033b3b
5046,Impostor,c6431e3e7183eb57197cc3050e7ebcc20d9f0731f0e615ec36b150fa0f4e48bc
5047,Kung Pow: Enter the Fist,bbf0ab9a4d87f181256291f091fd864c4cccf81cd88c9facc70ecf479705c653
5048,Snow Dogs,984fe73883df58a19fac87d675bc5b838e12f4a74b483c35e70063f8b3012566
5049,48 Hrs.,9588c11176b13dcc234376a57ec63b36a94dc5b8c29998670ebb44f949e42fcb
5051,Italian for Beginners (Italiensk for begyndere),81017c7743ea9aacb1c4ec7f63bfd99190e326d56c7dd1aa340d23f159025539
5053,Blankman,9252f26b69f146d22e76b139e1886efab7115b964025848f8dbde9304b0e4f8f
5054,Brainstorm,9c91d19161629e4e17bf69aa586a1739ed869846b735cd5898da07876cae327a
5055,Dragon: The Bruce Lee Story,c3b42d3b3e49324c69b6cdc4124b32c36db4cf34b6cf18f10b38e6c5fca61938
5059,Little Dieter Needs to Fly,9bc81139a67fed4259697a40d6e916a43f36bbab88e6018fe112a1b90de13f63
5060,M*A*S*H (a.k.a. MASH),b8e3b24cb89c1ccb1b3cb1b0b2cd4d3e4993f864c7664e39a6d9a364c66346b1
5062,Seconds,bb003b133a569cf6ccfe999839396c719663c4e83ce49f17ce162726c48c9789
5063,One-Eyed Jacks,eaebd7dfb5916f43ea4483c9c654f0b6c4801b9d0a91b32470eef084c2978ed5
5064,The Count of Monte Cristo,dc583e52a769876163b6b8bc131e993f65a359a81cb34593b05b66638d6d9449
5065,"Mothman Prophecies, The",c24cc04d3db63f8b2f418066e833f03ac3e987a395ce2c59e94d58b558be317e
5066,"Walk to Remember, A",dabf6b17e5e2dce8c2cd929abe34ef6585023096f48cc4c886711239a9c5ed46
5068,Beijing Bicycle (Shiqi sui de dan che),e77f8e71718e8e42730ba5934eec2db25a712491da64e49fd91ba5368e58910c
5071,Maelström,c00c3831a1d9e44e1eb70ffe7afa5e876072e178f105e1438cdd9b041f9d92f4
5072,Metropolis,d0c2f64c1f9d0db2267ec9b36c67718c6b398f2331d8c2d2d988c6c836763699
5073,"Son's Room, The (Stanza del figlio, La)",b8d3225bee3fdcaf972ca07048d315df54295c24a564e111ead1b65cb23a33d2
5074,Storytelling,bd0f3d0fd2f002f2c4d596fa43f0d9953d2a614d3e92672b2c0f3e92b1259c1c
5075,Waydowntown,d26fe9cdcd3d833231980ccfac72b319b34c1a5a4d33e8b780c912ef5e0c791c
5076,"Adventures of Huck Finn, The",f0288faa0d5f70d756bd94ad0be32972e95a1697f13d57693c8e8050da8c2d26
5077,Cousins,bf613231c09ef9169de0c5f8d03b1e30c7d8c1cecfc346e2c8dc1f074cce8ccc
5080,Slackers,f7ababc52e7496ad0b47665ad8bc84878734197abd4206cc08e76de3779d5004
5081,Birthday Girl,91f597abb5abe43c47c2327e3322912d852f3768921b937059956c9d1ecd4645
5083,Rare Birds,f415b48702eac96b69a0e2960e54dc29f92576e384da9b18b64ca47fc9f15b87
5088,"Going Places (Valseuses, Les)",b98f99c3d2f3c6784e39099593c45638ac3868b7d1f1184e8d4f6c9373bca12c
5092,Big Fat Liar,83f8fe9794a76320e41f17d8835b8da6dc12b258c221718a7dac5afe2c213f66
5093,Collateral Damage,b000c0041d9e3cfa6ec1bfab33bf406f6def23f71ec78405c168cd83233cb6b8
5094,Rollerball,fc54516a0307bb1555692ce5ce8827e337f5c41a2c2bd1abf096f482ccb9c5ba
5095,"Scotland, Pa.",8e618d31634631ccf1cc9e62d931f3193389c1dacc37ce66169b50df12b65e66
5096,Baby's Day Out,f94f457df8a96ad68170738be1525ce88ad5a178062f93c7f03899e4464fb8c8
5099,Heidi,fecf14513e51077998a373a0f146601eadafc82c8a9c728af3a8e33eb5162ba5
5102,Rookie of the Year,d8f3660c39b6dce12319d7ce683132dd4d82f83c07c7b831fc4a0395fe989561
5103,"Sandlot, The",967100def7a3c9404a3d726e3c9db7518fea0d1336edc74000b379a47e4564cf
5105,Don't Look Now,b699f046cda68518966c1ba5e0996bc3d9de1b169761a528e636e4679e81e64d
5106,Crossroads,bfe6a7ea6047be50530ef03b28111de8e1b61f8709f043cf2c79960cf07df070
5107,Hart's War,da896c030759f10600fe85737b6d2eb93c14534390aa637df83a0fd97be2d255
5108,John Q,a47b827951e859ec35e6438c43886ad14f23c37b9baca505cea33df8da574623
5109,Return to Never Land,c500a400686b6a3b1a7f72f567a3cde2cfc0dc0830eabe7378b53807996fd25d
5110,Super Troopers,f78af78a749a941088584b487bc11382db30e160ef6427ac97ac8dbde5f8ece6
5111,"Good Son, The",b500f110d99bf95f3c6f9cf47c300f1e8dcc6e2cde0ee00a9a0a1dd6c7860dae
5112,Last Orders,e1e9beae0e1b717931a4ce5b5b9f20e573de0c14a169d31624b2cb4db8c61236
5113,After the Fox (Caccia alla volpe),b693a6d2c868a92d9787339d4278cc722d42d4c0a588fc19887f41f733ef1f8e
5114,"Bad and the Beautiful, The",e3193053cedc2eee166edb93d8c51b69e1d36086b439b3e224f2266dda056992
5116,Designing Woman,d0bc07cccc72962bb1a5ce9927242df3dec991a6d1dd2f546a4ac9b55611e584
5120,Sleuth,eafae981991503f8a42be42172cf43bfcd4498449d80c0bd43fb6c0b5bcf92de
5121,Stroszek,ceea4895341537ca337410203edfc2f65b2d259f9cb01be1b55b8636c9eca50d
5127,Dragonfly,c69b998c716e66739c93698c0e643e732f993f0cf1e6cd93c039c13c8d8690cb
5128,Queen of the Damned,81499dac385260d267968515377873697ac75a9685712d83dd9a4aec4aa7b77c
5131,How to Kill Your Neighbor's Dog,9643b4b969a70e4c367949e7231cd2966e6969419eb634b6395b5629c5a639cc
5134,Mean Machine,c4219d5af1c2e2ed661818e11e277ef2c3fde18c3c2327e607dbddb9998c6018
5135,Monsoon Wedding,c286134a64accdb5ad7b8df593d4774962bfa63704ab4aa6118a9002db5cfd4b
5136,Wendigo,bbef2f9fce38d840b141a7228547e4d86539c970598e9b8e3640326e32f168df
5137,Scratch,875b1874ebc1451414f5274d9b3a9ac3351cc6fc6c8565cb7b1e1a321fc3b14e
5139,"Bad News Bears, The",eada42ded606fd38d01940f2e9bcba850ea60e0f38bb93f4a1516d41cf8db427
5146,Vampire Hunter D: Bloodlust (Banpaia hantâ D),a4ada94bd94bc4b5c1168d27e832da16da95969d5a4ab29a95d22d4a95ac6ead
5147,Wild Strawberries (Smultronstället),a346f2ca32e2bd00cd376ff554f8980456dbaa5fced09ad028cfa55daaa44278
5151,40 Days and 40 Nights,b6b62796c597366dc7c9c027882767b8367f093978a084136cdf9b76211dec82
5152,We Were Soldiers,eb19ea1806169746454a0763ad2978791e3f0c70bc77b567e04f0eb19be0e0fd
5155,"Big Bird Cage, The",ff3cbbe2b4d5801dc2e6c93ec0015b2e27e53669175e7a8fb3105836c82ac783
5156,"Big Doll House, The",b1ca96b5cf0c99e16e3e8c68c24e2535d938be5eb191630db250b492edc5cb63
5159,Ferngully: The Last Rainforest,d52cf6bd56df8f870186e460fd18b31859a2b862e4e0f0c4e977e3b081195767
5165,Zombie (a.k.a. Zombie 2: The Dead Are Among Us) (Zombi 2),faf53ac1852ae45e9bd8cc0ee536852ad079a506c6f26691984fb7b16a1e4b68
5168,Royal Wedding,fa5d340cc51387b215aec8754872f86752ce67fc4e99b47223c62f89387930e5
5170,All About the Benjamins,b1b69418416c486e6d0b265271ab39ad1e725aa767b96e565b0bb3d1962d3d45
5171,"Time Machine, The",cd39cc3c470c871ce9915be79167b1196e11d6eb11aea532eac113ec25bae853
5177,"Magnificent Ambersons, The",9ebf78ae70806714e053a47185f9970e078ea78977e0952fd00e59ae19ef78a8
5178,Fun,b71d88da80c6c24fe56af37e64cd048b2f986e844d9aac1bf007c86e84b5e75e
5181,Hangar 18,92d287a46db53c7b3a4be94669bbf318679e92b596300f25c9c358cae0c86ccc
5187,Hopscotch,953e40612bc07f8878541663a2bbcfb6ed049857d73367cc1e8f3878c2f965e0
5189,Humanoids from the Deep,b1442bbfccf0b6e6530f6e981cf0f12023a79f5448e8650b7dba40f4a779b4c8
5197,Little Darlings,80da750308e4da2f0fe901c96a5c957e06e32bd0fe3ccb1d9f4178ada1467d7a
5198,"Long Good Friday, The",c00c70e00f3f4b973c77448d9ce8371db87076a48d8737c8fe13c16c2a7ff02d
5202,Mon oncle d'Amérique,af6880f1b71261fa32cf0ba68d37d279140e9fbccbe17524e1580a4b63e3785c
5205,Motel Hell,85945a6b99591fb716e438664b49879c3f8438e6686fe11de03994f466c8f3c9
5212,"Octagon, The",efceb245923d6566c9625eb3b0159a3487b2ccca5a2fa18178db94ca07b858bd
5213,"Oh, God! Book II",a4c5901f0de4667372ec158b4c5229b5b6864be86b91b45fc56edb249c9ca59d
5214,"Oh, God!",ecfa657da340de02ce04970e99ead0b2a5153fc99298a19c18ccbe6ed1b699b3
5218,Ice Age,cd2f10f90bc17e1e7161251e62f16bc234f0742cacbd83d1d3d25f0e0f0daa5d
5219,Resident Evil,9b71948c69b66b7360ccf8630d399e4ccfb2a19a624e49389469b43b1f199be3
5220,Showtime,9126910668446a7c2ed1b7d0315bd0aa2eab48ff6b344f3c69ee07f334cf9199
5221,Harrison's Flowers,e589398f96186c787964b334cc9683db9ae18ec97333de266418c83360cf69f9
5222,Kissing Jessica Stein,d6efe2462d033b99917984ffed1a6212c2919695be6c294a89729f93bc84c6d8
5224,Promises,c9499a5a74b2a5a7fcc5e12d4c591b4a56bc8f86818ba0f9a9e25a5dba72f80c
5225,And Your Mother Too (Y tu mamá también),a0db9acb796d5dc135ad352535f2741aa27cde4a77ca340c66d9704a3fe2002e
5226,All the Right Moves,e323362fdcbd1a54199ce9ced9381ad29a76155a3269ae551372bab4e41425ae
5231,Road to Morocco,f0e865ea4704ce079cd83995933777a144959f14927b9c7a98c3d1c76247da9c
5237,Taps,eaaacd9d96e53664616089d1cd917d2d9244b4eee491da1bd17561fbc5486784
5238,Return of the Secaucus 7,fa011c2e9417e151cfe8c2fae0d12f443e6c78ad3903b34b6cb59fd22e12ec1e
5239,Rude Boy,e2d2990e8d296a5699244439d2dcc2edc3ea95b946f5985a4d2ba795325a6b5e
5240,Running Scared,c000795b5484a4232fd8989a2ff7dcb4266baf402bafc3cd636493eb2d9c4fc3
5241,Seems Like Old Times,b401b6dbd6fecb66426660501ce1a064f3ee73b49d1b6e816cf39e0f0f04c9d2
5244,Shogun Assassin,bbfd32bfc4726e04cfaf9c499060f1c64b8d871d943838e169c48701f2370ff2
5246,Smokey and the Bandit II,f1975e2d1e0cb79ae9c14876963ca5b9adc202f98bfc87ac0d7a0e4961ec9891
5247,Smokey and the Bandit,ad392ed4d8e2793137b8bc4ec46fe70ad58818652676c1bb39b31a8fd2ccc02c
5248,Smokey and the Bandit III,e431070c99ccbcd3071423e14e38b64f23a3533c6ccf1b7334acc8c7e372efaa
5250,Stir Crazy,9bfc19fbf413ee114f3a718fb34f1e00c4b331fa4b78ea58a4029687b10fe20a
5254,Blade II,d353eb246d6936db2d6c04e4121b81631fb6894966ade45366b6cf9899cc1b99
5255,Sorority Boys,bebe2d51d12fd2ae8fd1812acec4091d672aa6ed3d1d792249e79610969221ed
5256,Stolen Summer,b1ceeeb14e38d18e31d7d6604b30e7bf5acf3da3be01c00ec515b24815644bba
5258,George Washington,d4b5ab6b36d644adf96ab6950ddbd125b648a896492936da0fb1e85af0a58542
5264,Clockstoppers,a459a7331f06199d79b1c2636aced4392634644eef194f8bb46cb0e45b9ae919
5265,Death to Smoochy,c5d71a6a6e9df140840f7bf53d10641c93f99f24691a38f837c5662c9393cd19
5266,Panic Room,9a479e633470d9c6c987c8366c2dd9a49bdb9c9ecd9830f13266cb39969434c6
5267,"Rookie, The",ee38e0cf10d09e46212df1b016225e484a2f63f52dd4ed17b52bc6e86acee62f
5268,No Such Thing,b6751665d916e9d86b18e58cede98eea8a6692b1b0a73473b7584b586c4c0c6c
5269,"Piano Teacher, The (La pianiste)",b03ecb064fcd24bc9a61c3866c9969f1925619ede58c525b6b26611b87d9bc1e
5272,Time Out (L'emploi du temps),98d2f907720b80f045a19b1e378cde7ad875248290fec3fc87e9c525b78193de
5275,Boxcar Bertha,f833c1f8878f3e1752f832431499538ea9658687e172dc31a359d1ae64d6bc69
5278,Fraternity Vacation,937bb2262c304c8f419ccbf82fe36631a3c7c9cf7c169f1ad80c339c2373c64c
5279,Impromptu,a1fbb1859e00ce106e54cd69940572d6f1451db2c15b6aad94da2efac636333f
5282,High Crimes,881042195dbe1f6519fdd02eea655ba005fb4297cf943d924fe436f31a0dcaf8
5283,National Lampoon's Van Wilder,baff58869881bb6196734f7a4548a3e0e8b192953356856ea77cc718c798ca93
5284,Crush,ef35dc90bac923694db65e1ed248886ea526dd18c252762fd98d9366e5626a91
5285,Lucky Break,d5d4bb890e2f5570f5c02a8f3a1fc5613eb0c4ee190f40f4e6b83d0f45573a94
5288,"Atomic Cafe, The",c52c46e802f381397c3824e72dee1bdedbdf6ed87c606c214b45910f5097ba36
5291,Rashomon (Rashômon),bebfbd559d42c2a8cbf58d6be6214097d140670b955568e8d04019df63bf9650
5292,Slap Shot,e325bd8e9070d5c190e9fe3b9d2a7fce3914a2354b9842a69459e16cb1938c7b
5293,Changing Lanes,c102c3062f341cf751f330c360cc9e324f532d122dcf5e918b1dfdec76f4d34c
5294,Frailty,bbbf9b15ce894ca8e6441376b122f558f1c031eeb5646c83e5cd6c43ec3143a9
5296,"Sweetest Thing, The",9d40c69160ff374806f9531643d095bbfe055b3b0b3825fc66aef9894b4706d5
5297,"Cat's Meow, The",9c83f3303de40ee33331789597620ca921d5332eccaac6493ddb35b25b4cad6d
5298,Human Nature,fba1b553d0aa8b5536915b46a59e659dc18bc72e6e949ea5c152b4a96c40c736
5299,My Big Fat Greek Wedding,849a68d79b6ce1208f97741c142b7ad75b525a292d6cedfc5f405e8b6c350da4
5300,3:10 to Yuma,afd6fd45704e628a0ff1cfd49389b00ca039c0fae3ac43393cd09719d28fb2ad
5303,Joe Versus the Volcano,971497a56c63785a793a692165a5c58d68c986d7961e6b6d867918789e5ac963
5304,"Rome, Open City (a.k.a. Open City) (Roma, città aperta)",cbef2397f131ad119c24d84ac41a532eb16070e4b333cc1b9ccdf359a4ddd92c
5307,Taking Care of Business,f33625b2c5a34b466c5896c9906e394e1b8dc743661893389a743865e5afe59f
5308,Three Men and a Baby,8b69bbadc49b841b3169bfe47b24ca1849c3c4e7f4f833802d2f4b98e81b286f
5309,Three Men and a Little Lady,afcef210193b2ac86d1a8025d677e65c252cc9a7f0b89e4a7a2fe2e432631fb8
5311,"Watcher in the Woods, The",d98c99bc6623266724e6c8a61999ce0c19facc9a3267fa6d25e2d55316b9ce8c
5312,Murder by Numbers,94359bf04cca192d37316cde07e9990f2b3e22d07ccd8733d00f6e7869524ee5
5313,The Scorpion King,860e47186e79ea3d4972b0e7928714f06b5ccbdcc7e23a979c1385396b8e87c2
5316,Enigma,958079ab4279067c3c949d02936b656965aec4c7ea127abe97747de832a9b643
5319,Nine Queens (Nueve reinas),d645b1442b5a926f9eedc9da691836b49c273933e1934d0e9c5e32c53471cb3a
5321,"Triumph of Love, The",c5b645b66022aa78a7792d7ba6f336d79677b04692a6a08eab569955992699a0
5322,World Traveler,d3b2d202290c8dad2cc52ccdb64797032fba2cf90cfb93de572c3f3e9b14c241
5323,Jason X,8d55bc446aad839d3248c2aa62ab13b39b33d312769a3ede2566692a63993ced
5324,Life or Something Like It,ceec927ee11545c6bcbb9a274e4cb91940c3b07255283f89c2d56c4795ba2db5
5325,Dogtown and Z-Boyz,b9ab40ce47bc3733c075c9d9b600d26e7988c65e187fb3914f5e98e176c3610c
5328,Rain,e6366c796260b3631cf330260c1c8cfca3be079d718ef0191c2373b07e791fe3
5329,"Salton Sea, The",aeff9f545baa8571c445e643a53599949919362362ca42caca6269baa6dda574
5333,Bob le Flambeur,aed4ba7df141e682c13e9d7b84ab918e99c538e0d39f33bcc8694b506725c305
5334,Cadillac Man,fcbae141071370ea67dd68b39e42b75cc2a73dc86b149c67d742c18c4ef41a43
5337,Delirious,99dde20466987bffa2604c993b76e208c5db5e66a889d5973a21b930c57646e3
5338,Full Moon in Blue Water,ebf494d21e4b790bb13294edc04bc3429b3c590f946b0cf0c4b534fb3ed262e5
5339,Husbands and Wives,d06a1db92bf4c24f3919b44e3e046bf4c27e65c268c7978d63e1c6e2713994d8
5341,Lenny,94583d32736947ba6da62ecb384d19cd1b3ecc7318cbc6cc62dbe1127813b730
5345,Triumph of the Spirit,909418ffec232be0c3926f4a3a599259663de48d329eb3626f6aadc412dad473
5346,Wild Orchid,8c9a77817124a1e24b5b4abd24f9dd26a256b21dc922fd7644913eed178aa0f7
5347,Deuces Wild,ce89ce5c49a7b123b05488a35c7e854692417c78c9e1d059b3ce2bbb647ef5c5
5348,Hollywood Ending,974348fb7aac07ac89dc3837875b434c7524e9953da3b0f15219c60869fcdcd6
5349,Spider-Man,f139f4581abacb4745ee22a686508c3a0705f2f699e2704cf89827c7fe719d33
5353,Butterflies Are Free,b6ebc875c9ae37c9c63dd236b3e04c9fb004336cc496b70359f1f02c649249f2
5356,"Giant Spider Invasion, The",bfaa16a35bb3f9314e32eb4dd0fde6f9078bb908b10802be861e2c54e9d049ca
5357,Iron Will,8ce824ef31f1bb524a34c51db22ec2733d723498768eb2af29474b074ed53974
5358,Mountains of the Moon,eaaa6eaa350c97719b23f90c26632dd599ccb61315ae0beaa611971349fb646c
5361,White Fang,b254c501c9545aba6d0f03fc960b6365d8b21c9729ed368227ff7b095ab6d916
5363,"New Guy, The",aa9b95bc1b3c4be3e4536663d349b41cc7b03b429a6d4caa66da4b0d952ce343
5364,Unfaithful,8e3b4e6e4c26bddb2a4c51b2b519226952b3659c9b4c3a8965b69945cacb76a6
5365,"Lady and the Duke, The (Anglaise et le duc, L')",9017d1452f406daa4a8b2e945bdc8e7ae024b4d57cb66f4dcaa23ed1babdc146
5372,Calamity Jane,d585ef4a338730340c7a643ece7a9fa7dbccf7e1a763834e4c9ce89018051b61
5373,"Cranes Are Flying, The (Letyat zhuravli)",f4e50dbe84d3339ec93475e52b0409fbcf0832af83fed480741f1971df04c287
5375,"Harvey Girls, The",bafea134c5141eeabc43644fe398d2abc507ed1f92fbdc20c1e0979c3d08c0f1
5377,About a Boy,fb5bd2d8780941ad568894d671b25d1f9ae8f2928f868d69305aaf122ca653ed
5378,Star Wars: Episode II - Attack of the Clones,d1b061f001d8b46cda5e399be4b7e7a47959d0e92926875c5c59e6c86c711cc7
5379,"Believer, The",8cdf14a33b3cf330039e939fdb489878cc922c4fe4676d262d34693234b167cb
5380,"Importance of Being Earnest, The",8ff0417a68efb4ad94839d83fc176e5f605c63c0a10003a9b32b93f79cd54a97
5382,Every Which Way But Loose,d992fbcb637da41f348edbb60fec607e1a99c70983b326b2cd023b44b269180b
5384,I Want to Live!,bb153944c5bb6d91c4ecc4699a44d27ee69216d26d832db571280d79376ec1ce
5385,"Last Waltz, The",f441a4fe8501b1e01eac091f48eccbcb5f70e09f33f31f7ce0138b209a5d6bd6
5387,Enough,95d5fb5a4aa474ad8954d28b324ae7163cadcca6625f6bbb629b9d4481669324
5388,Insomnia,92449db689698b6d8db6c08496daf6da60265fed7249649216dad2122dfbe969
5389,Spirit: Stallion of the Cimarron,e613e19581989c72d647a34c39ec71b1279ec66d6f2165ba1cb3dc9758c690cc
5390,CQ,d1419d4106be629e79ba393f2be566446ec49653389369ca84343e37f347c5cc
5391,Thirteen Conversations About One Thing (a.k.a. 13 Conversations),aeff91c1d9302e3e844019fac1b668cff6416e307bbe901f8e01f94079cfc507
5397,Monkey Business,8146ccbc6f9b3347b4f1a34b65e05a699b07683dd25b252c635a92733d291ad6
5398,Requiem for a Heavyweight,eeaf46aee435695e716831b793549351d4e12dd195d29ea48b522f0d84463e6c
5400,"Sum of All Fears, The",c319d31d18279cc736c81f5619b239329f3325634ae5c7f9625fc349699ce416
5401,Undercover Brother,9be1c31d64ca9de06b5e811376276acf5e445aac19d8bdc9370da5a2e4a580ed
5404,84 Charing Cross Road,8ebb942a3de4c8f0d8c03bc163072f83b71bdb1c989c66ec9cc03ce3f2539999
5409,Rapid Fire,99345acba647d93c2b9bb45461a936c7a962d29d29c674bb0a4c3d2652d91fac
5410,Silent Running,c0504fafd0103dc378ac7dda4bacc61ac3e7f808b355759de608a0f5b12a13f7
5414,Bad Company,c57746a738b83b588707c4b663e867993a4bb9464bc5e6a8c43ee3cd58b019e1
5415,Divine Secrets of the Ya-Ya Sisterhood,cc7b50f23e0c970c2e1de93969f9e1e697069622320b78e16b952b679bb42f18
5416,Cherish,ed5b0d9f92f663693d813e36b6ecc4b59b461c493809621ece5a1c9319c23379
5417,"Fast Runner, The (Atanarjuat)",ed4b3a36fb12edc99274d2b044d992b4d590ec8d93242d4379517932ca36cced
5418,"Bourne Identity, The",f25ada4b574388a64b68613fbc84da5808c56fa1d47fe2b46f800d2f9ac7d0d6
5419,Scooby-Doo,a421b2b25ade510d393fe07669889d984f725bfc8684c273d2dd370d391978ae
5420,Windtalkers,826c0cb078e3931b599bbb0a8b24cc6fe24c4dc4d5dbf4b93c733a96853c3237
5421,"Dangerous Lives of Altar Boys, The",a2fe789dccce8370668943f2861783e9b71360569d8932d6b949bc2699dc2f8a
5422,"Emperor's New Clothes, The",e30c9a5b4cf33d9316dce36c58b78e1289a970cf271c1e73c1f1c81e1cca2b71
5423,Gangster No. 1,e24f959465b26ad51e493b282be56eda9419d127c206d492e4935a6c1b6c6fbb
5424,Harvard Man,871b8eb93236b2448846a4163087c1c37be9d03e3f398dfb0bae0f6cc9d22f9b
5425,Dark Blue World (Tmavomodrý svet),bb69b369c496ce94d849d1481b3aad87fd2762e374d85cd0c00ea32f0bf9c991
5427,Caveman,baff1d8ad189d1be85770dff9e38de00522b0626a5916bbcc29560510b7ab943
5428,Cheech & Chong's The Corsican Brothers,eecfa3e118382c123788ca87b944257ab4326cb13acd8d05b5f2e5acdaa9e4bd
5433,Silver Bullet (Stephen King's Silver Bullet),9aea3b9192b72d76ed4dc26ff240b64286dc24ffd00969918c04d3bcf946846f
5434,"Sorry, Wrong Number",feaa66cce30549a38125679225db6d8dc7f66c27b349d259b2164a66a4394a79
5435,Hombre,faeec959073776e61488a6935162933e79049b9d4e450add075889e0395e97eb
5437,"Manhattan Project, The",8396bb313e43046e1cccd1dc7919c700a5311aa281ee08f76ec9ee1cf73ef1e9
5438,Men at Work,eccca03ec7234cd48a0357faac5ed20b32de0777a608dd27062038ddddabbce4
5440,She Wore a Yellow Ribbon,8eddcf2271ddb7e2e02e48991a63a78d2782b07c141838cf0737a2fd5dc0ecb1
5442,V. I. Warshawski,fa18661997e9997ef10725e6c986c499e065994f9399e861665cce4c9e4d065d
5443,Juwanna Mann,ae64f66784ee79802c9cd19d94ce8f20606b0b6278fb9db928d13f1660db9719
5444,Lilo & Stitch,d4d9cb3b0b26749b4e4a9bb123e42c1d75db9a6724e465d1691a30671567c791
5445,Minority Report,988eb7d46339e54b6c48c92b931318da80af36644e64a6eb7a594d1c2f734bbc
5446,Rabbit-Proof Fence,b0f59c40070acb971d0035fe3adf1a48e3e74303da3e8c75395a388d6cd1e3f3
5447,Sunshine State,efe92ccd82e49771f454cea8cf80f352f112130ab33b29241d5d2e556de352c6
5448,Hey Arnold! The Movie,a6f9b67d78362bab8dc9dd42b166b70ac68188819b34aed36c79c2e42332e1b2
5449,Mr. Deeds,94b151249f4e98d330b6cf1c85536e9ac04f1eede32c3332dea534cb9f48a4b3
5450,Lovely & Amazing,9ff71ec0fa003df4f231c71f3c27be08e01fe1a7c3d8c3bc87b4e21fe00101e1
5451,Pumpkin,c6788e7a0f87db8550a7dc32ee10eb04e4e56ea3631b214f62e7e343837a68e8
5452,Look Who's Talking Now,baf04afad02f389dc6d09d538705c9ec173b476ae58ce32d68e63213b23320fc
5454,Mo' Money,affae29be04139fcbc56c72dc0251ce6c0f531da9719d03a9853c747c1483dc9
5455,"Object of Beauty, The",9c81e33f210a4d7210bfbec0676e99a64ef1244e33e3f51596b46965696e0a76
5456,Wagons East,c4f9bf9895168667a665325b24cb64294a364b966d9498b69f62c37813f96ec1
5458,Like Mike,fc5854c0338b8e2649216140878cfc1b7ad339e367cf589e49753ebb165ec36c
5459,Men in Black II (a.k.a. MIIB) (a.k.a. MIB 2),bdb838f0b070b41b15b870fc9e244de648528e0f97afc2eea2d1cf694f4338d1
5460,"Powerpuff Girls, The",94aeb48c6182d0f395d14be36b71c04c2c8cd60e685c397337733bf8587d3b4d
5461,Me Without You,baea1346e1113edc841fe4b9c047c1b3c3b997363d229e4749a4e66c1e5c6dac
5462,"Crocodile Hunter: Collision Course, The",98f9da90af0e678f70c4377188c38ce69f7cc31890208ecfe7e3f831b60091bf
5463,Reign of Fire,811955b56fe384595a34ad63449e7258d9272d967eda6a6d1b2642927948bde5
5464,Road to Perdition,d62109dc3e03d65b89f6321901f6fd44699986661d9ef6fb0b66c0263dd9c037
5465,All About Lily Chou-Chou (Riri Shushu no subete),999c6d19e666c4cca374cfb3b313b199dccc598c6c7333360ce60e230f398731
5466,My Wife is an Actress (Ma Femme est une Actrice),ef51cd4390ce1bace332603796b5b56a0ceb1c9448b9e5ca9768427dca4a1bb5
5468,20 Million Miles to Earth,88188c006426b1b31605fa4e8691e5c173875a7eb6768e3b4bcd339fbcf976f0
5470,The Importance of Being Earnest,9ce80c8d5cd4a29dbbe4f30980adb5f234530de6e44b336c4a6c3736985c4ef3
5471,Perfect,d39b79bc96b9a3126603593221750c8f2f642cfffa6be48195ed261e9505a389
5472,1776,838121286f539e070ae9615e69bec7f316bc7ac6184668346a9dacade4f990fd
5475,Z,c151c9193e0d8660c3bf3bbe39c6c657463db56099a1693be55a3ed8cb01a565
5476,Halloween: Resurrection (Halloween 8),9142991a3b6be6ede4968ebd1da91b9af21dd02bad0a296d78e460d473992e91
5477,Sex and Lucia (Lucía y el sexo),eec2cfcc9c2919b7d3bbc85482627747e67de82095d19e349122a3a63c5916d6
5478,Eight Legged Freaks,f8d01a33c50bc46b70959a1106ea6ab42e75b65d599a6b9a8e57a58469682f7f
5479,K-19: The Widowmaker,9335d613e4c5e94c5a5aa724e633d5c3236c699a1b9c1ead92961b6c64bb299a
5480,Stuart Little 2,c51118dbd36e21c0dc39ae1b3bca967c658398e34e1f87f0b87173260b47c47b
5481,Austin Powers in Goldmember,f8e532dba719c4964ce232ec3249e147d5a21da6999493d9de4c1c6e3934e335
5483,"Kid Stays in the Picture, The",b1d6b98e65c9a94da9ada58a2c94cce34d732adbe19b653cd4298a3d49264966
5485,Tadpole,ebc0d23f903f2dcb96b66ad06d0fd03696c1848f68f037e06b276c3998c3394e
5486,Who Is Cletis Tout?,a0de2257d9034d87e16ef25b0a1b1e0ea4b609bebe68e7521787392bcc7e0a5c
5489,Nosferatu the Vampyre (Nosferatu: Phantom der Nacht),8540780c6aea8fd73d3f4e2af0d0e147c57a963878a57a87657e0f2b92e181d5
5490,The Big Bus,bb9d8ef6f877630d0cf8eab3d605a14881ba36b9cbc3652c21b53af74f084824
5493,In Like Flint,d66d92ed28539986e635a5e3ab56198595b98ceb4a4e873623b541ab09ce60ee
5497,Our Man Flint,bc3e724883588db626cb563cd9e18ecbc23c69664d9b3b71317770de0c8c1e32
5498,Red Beard (Akahige),e85a878896afc6febc9dc4c52b16d6c4b711e1c0d62b997c46871b3923c4d613
5499,Robin and Marian,c11f417e6ce38611a712593bc8c0c1dce514cb2b3e1f38d6e5630b8fdcdd38d2
5500,Top Secret!,ebce1cb9d462e35a07b5ca770c299f464ccdb4e902eeeea17ac1511a063e6c19
5501,"Master of Disguise, The",95167c7876e99344780405af7b956b01eb43f197ada95a6c78c450c6247ed52f
5502,Signs,c444c233788c6d443f891dcc27331ad48663e55adbf0ce6beccc4a1135fd3d36
5503,"Last Kiss, The (Ultimo bacio, L')",de175e147a06780bfc09392bb9cc35c03493a4f03ba29399f39172b384d75fc5
5504,Spy Kids 2: The Island of Lost Dreams,c3c498440d316f31f0cb86a14f1e996384f1799a63a516353fcc4d846cfb73ed
5505,"Good Girl, The",fbace1bca5579e5b1ee83185d92d7921a5d3876c4e08d8a630d39bc9851964b4
5506,Blood Work,90cde991478182d97c3c8e6c425c7924cfd313e83bbd95db6aec3d06cc326c5c
5507,xXx,943d927d4b2a6da36ec2da4f788ec19e358a33c58b6637b2b319b31d36144c58
5508,24 Hour Party People,d694fa942942156b7d5afed0818703ed7e10d49a89a4236bb65a9c6481fb2b7b
5512,Secret Ballot (Raye makhfi),84d894db1b7799249364a6d98cdb98b31b26b324c6f96cc9059313333b26dbe6
5513,Martin Lawrence Live: Runteldat,e8b69b230749a4fc3925c4b5e561d708ba1c3b4c42b6d07356eabbbb3b21a2c5
5515,Songs From the Second Floor (Sånger från andra våningen),b3198db34cf433cce7111c33b9c6688b0e38e3633b334dcce2cdc4644de6b18d
5521,"Principal, The",d65149a70c5c2f19ace4133258a3a75f492e67de74999676567b19a62347f490
5522,Rollerball,eabab555b085e0828711985ec7cc4fa18d76780ff860de21c3794d229d8739ef
5523,"Adventures of Pluto Nash, The",c932402fa2c335b51ab2a7f97089a93bf43c741ab6fb72d503244bf45cd34bb0
5524,Blue Crush,ad25afb3a66b1208d806c844599cb7f9dafbc01d0d157de7a782c3826393a1f3
5525,Mostly Martha (Bella Martha),a1632d62cdbcce3f5a4b38c0f7c492b730b9864c234731b19a786c6acb4fd9c4
5527,Possession,8a94dd237173665a65cc3aa111b46d4e4ce3b99197183c6b52e7a58c6c9c4b77
5528,One Hour Photo,e4dc0d9e1221b663e9cee346f2b3bc78272ccc81d999e964c6674e8bb9017332
5529,Serving Sara,a2e8f2bda95bfa0d972e0654b2e5172a0978df275c3241b6e835b9e389b4c883
5530,Simone (S1m0ne),c0fec37027215e83dc451c8e0f7390e739c3799cc02c38f89bf46f12bc3cbcc3
5531,Undisputed,c14167eada0cfa042e6fac413d3adc41ba043c2da46963d6c1dade3e2e1dc1f7
5532,Amy's O (a.k.a. Amy's Orgasm),a8d082fc1123be0937c8b0bd3817ca5f5a67cd2fadcc35b2cd8846d296e545d9
5537,Satin Rouge,8136cc8e759943e5c6d93f126e0ece1e2c1eb6197bec71697362b22351915b26
5538,"Care Bears Movie, The",d5162f827ae3406c1dddbe9bc1130226ef041768b9fa10dd9e0e6bf714f26a15
5539,Care Bears Movie II: A New Generation,850931f73f8697d3388999ad01ff9a0c8005b931dc1fd1ad3ef44a7cf9905c2b
5540,Clash of the Titans,d4ef789713ce47796e108400c1ab5a4f196629a7258fa6513e68cf7079b1479f
5541,Hot Shots!,fa035a2185e4a5d4799e50efd76b1b562ab765a11d991a16c2ee864b19989ba5
5543,"Swarm, The",bc8f2fcc4371513bfc1ebcc229ccaf54006690bbb78946e8fdba4956ca4c9a44
5544,Time After Time,ba852e9094693270e5138d6fb2ece4face96912d8673c4dac1bc9b27964bc698
5548,Down and Out in Beverly Hills,bebbc1a4e1243e51e154301f9e634916e89753f99e668e07c3accee99e48311e
5550,Love Me Tender,faaa6caaa455b45d99dd0bdea733931492c92f7aa45492523f72a4759026b1a6
5553,Stakeout,a9d041dafc23df6569652992818a33c29e21f071c9bec19c7cda86cd26cd1f2f
5556,FearDotCom (a.k.a. Fear.com) (a.k.a. Fear Dot Com),dc05c0404a7d1b3fb62b25ee69e5669c67a1c5e023713cf39f787205e4e0f961
5560,À nous la liberté (Freedom for Us),bfaa76a8e155ca45c406a55f91901a1fd6a024ae6a805a59cb7b6deeec5b91d1
5562,Snipes,c44f9af74a6c95080d12e30e25f96497f9da7ce93e2c8252871334b66cefc195
5563,City by the Sea,c87325fc1c0079cdc07fec789d8841663473389b80ec6e621f1b718972f67a9f
5564,Swimfan,91d3d1f979ec49aba5b327d16ac84a48712cf836dc8a86de36748a7c8ce4742c
5568,Johnny Dangerously,d90493033cfb6cb02f5985de71a61faace39e8f93e44590660f9376adf004e51
5569,"Last House on the Left, The",d264951faff9c163e8802b2c86693eb8d23ee2c5112f68f1dc027e9ce50f725a
5570,Thesis (Tesis),c4daecc7313813385ba54e781fe36de6e4da59a317b8360df0c4c3184b07ad72
5572,Barbershop,aaec45145db11af9e44c3b44237614eb9db94e3fe36269cc1fa794711903e166
5573,Stealing Harvard,ee63c6d7905439e853a3685384713eb9520e674fc1ed52e0bdc0b91f993acd12
5574,"Transporter, The",ef03d07e9e90a16f95e07e85a9dc8d85e15e43f0702f26e05b1bb1c5c8d79423
5575,Alias Betty (Betty Fisher et autres histoires),8c36eb54d30dd32253e8f1f978b1d033f0fa79cafd6f786d18c49a981014a4cc
5577,Igby Goes Down,84061d5e77c671a76b7176b9cb9c017a96ae296e95e809c195f52096e127661f
5580,Aspen Extreme,cf09716d3367622ab6dbea981ab258927a929816ef122c7e2cd4a4a51cb513bf
5581,Betsy's Wedding,e9c56ed3c63e612c5bc91adb3c361b841b90387a92d36461652fe7246da6e9e0
5582,Captain Ron,a3ce1034bc3121cdf33e4670b8c5cf9e4759b06748be5ec1870565bad8d32ea5
5584,Ernest Goes to Jail,c01efa85485707c63b45af59d9976d62c048db0aba9cd1f347f12d04d4eaaf0d
5585,Ernest Scared Stupid,91a6d4faa4e431b45be1a6cd7292696d2f1c3d617a163b4348456cda3b1b9987
5588,"Hills Have Eyes, The",8afba877671f869198f33978c9c44eeee40cd0887aa6e510dc6452aabb152b67
5589,Indian Summer,aa4192deb5ce6b8112dc94aaeb31e11c750aaf37805c5be57cfa7b388d852d0a
5590,"Mack, The",94fcac09887884fc3d298781e3926d2becf394e61c244de2dd6cbd2d250bed6c
5591,Monkey Trouble,babd3aefc6e16e417a5891861b94f4363c393b1183d26d836c3ce41e69e492d1
5596,Spaced Invaders,953ec4e3cd5bdb1b36306d843a5c6e9049e6663c1889cfe37258391bc723b0cb
5597,Suburban Commando,eefaa1013b6bd32ee0d4c2d9d37b943294d41ec7a405cc866c96a411da6fc96d
5601,"Yearling, The",bfefd7135eba0dcde3d0a05c884dbf98ca13e00cf4126251ad452f46e3152373
5602,"Ladykillers, The",eeeb34d5a3510f4ecf14c33adc947840b0091abd9ac186b5f5e0b6afcad5fc00
5603,"Lavender Hill Mob, The",ff5380a83eaaef52c4ac91576f68a4ae9b91ea7d64809a1d436a35cf96a85a03
5604,"Man in the White Suit, The",c0bced6b5c01ba18016e4cc3a63d336c638ee431127c2acc0d933b0f4ffc7e9f
5607,"Son of the Bride (Hijo de la novia, El)",e92bccd494d9732beb54052e54ac2ad5719b9e29da0721e6c474648b8ef571c6
5608,"Das Experiment (Experiment, The)",98513be98d0e4fa474b292d333c9b10e6da7c4321b8bb05a4be8c77b70545bad
5609,Ballistic: Ecks vs. Sever,c10c67f86c5bb81f3ed718e7916707a0e738c35838f8da6c33a61ea73c219383
5610,"Banger Sisters, The",aecee6f84de27b3a59351a056e113fc18e514b8d8f552e0568f10f53a3e05b1c
5611,"Four Feathers, The",8151e6596e2e9986538fb636ee6946e19bb43b0a762a699760ef70b639919701
5612,Trapped,e61b3ae617f809fcee0fff03f0f8da3c4381c2ee18778708e8b0e3cc492708c9
5613,8 Women,c36ea7c8b693d0730de0cb0d61970fb2d83b31709d88cc9e627173493e096fb3
5614,"His Secret Life (a.k.a. Ignorant Fairies, The) (Fate ignoranti, Le)",9b08e96a0d85151003c684cab5e2723917c7197870e18fbefce73e1e83d7f07e
5615,Invincible,f99926b3126ec3662e31d9d9c7b33a6c69060693d0e867a61a58e16e25b9dad1
5617,Secretary,cabfd266a5c025999e309a216bc76f3ec429add99a93f220a1c4439b5eb61cce
5618,Spirited Away (Sen to Chihiro no kamikakushi),cca033dfb261e98c1cdb233474793ce7cb94c4f326c4d1e09897ef2c30688f1b
5619,"Trials of Henry Kissinger, The",91801cefa567d33269ac6e642d7394cea12fc9802e4d66b264dd12df1dcdcb94
5620,Sweet Home Alabama,f1e88f2f8e1e68d13533818c9666547851c97b238a1cae6b242395adb537b6dc
5621,"Tuxedo, The",d10ddbb585fe66623b366cc244c9a48d7a4d932c6bc98d386eb3c41a3273726c
5625,Moonlight Mile,c1f121072e1ede3c1563a341e25e18bb79a25766b65966e1c1f799864b65a699
5628,Wasabi,bb589538c4ee6e0585fac7d06827d3f23d014adcb02797878ec0ce6ed0b38747
5629,Jonah: A VeggieTales Movie,94a32bf49b78fd427ca565bd2b509a096e079616703bd5c6a7c21e159e7c8698
5630,Red Dragon,8ce6846d531159937819676629ae26cd266694cc365d7666d2d66b5bcb626d29
5632,Bloody Sunday,83c38dcb6c3c7234c2d7cac3c6a33c3c393cc352c3c35ccb3d3c353cc35ac2c3
5633,Heaven,d90e2b2f1339493171b05db461d2f9da74cb1379d68913c6c0e1c25ac7cd33e5
5635,"Man from Elysian Fields, The",c0c6c0c62f34c43936993bcb4b4b33293b3d393332f392e66b4c6dcc2cec64b6
5636,Welcome to Collinwood,bbebb914c6b485e6e484ce439b5b761bbb40c0aca5b4433bf9b1719295841ae9
5637,Flirting,8cb5165bda6872a7f19634d924d9cbc8412e3e66525f506a8e2f3facb0e86887
5638,Godzilla vs. Mothra (Mosura tai Gojira),efff7ed2d288318ca905c22bee209531c2573b9491186fc8c26d8c67e561f25b
5640,"Godzilla, King of the Monsters! (Kaijû-ô Gojira)",beff0bac492eb0f0b0d18905e7bd563ab741a377fa52a064cd24a4c7e5125a98
5643,Powaqqatsi,ebaae1803673867def4c31cc90351cb38c913a76d8620fd7b5d5d0a4d4a507d9
5644,"Pride of the Yankees, The",c7f076467ff86ff23c08d99592a37993bd619e81f080bad931505a2c9e864969
5646,Valmont,84d1f6da733e032387c1f1a9781d383c8e548f620d6bb9adf1847b545673c493
5649,Horror of Dracula (Dracula),cabe49d3bf6495b89f017805e0cdc5d687449e49b014b33d9d51caf0c1376f0b
5650,Strange Brew,f8c1aa766d1b16e758bc7bc48c51398be66e4b9d617098cca6667983850f42d9
5651,"Incredible Mr. Limpet, The",90cbaf9eefb3bc61f0cce47da454421a1baa5a62d2d49d1175493ca4093fc4da
5657,Flashback,dc33b3cc0e37fcd9d2e4cb3b0f2c7c7160c3a780937c506f6da8ac95321663c0
5663,Below,ce41b809e181ec2188f3331f3666376e397c1be746dc529352cfd38cdc9cd982
5664,Brown Sugar,f839d63d372581528c1a6cae08e6aee4e3b6c9497c893ca9ca47c651317ab3ab
5665,Knockaround Guys,fc6cc7c790f049c29ad2671d7e893544c1e7d2e62d433218c699b4d9d1c3c9e6
5666,"Rules of Attraction, The",ffea9cc669398751c76978e2d002ee15761cf80818b2a74587452f9591993f67
5667,Tuck Everlasting,a7e02723589d981c3347d4e9e4ece78667138b715b812a5c185eb5cab4fac6e1
5668,White Oleander,ed28936890b72d85482d925fa4924fb09a7b36da35bce924ec4d6c72da372b8c
5669,Bowling for Columbine,d1390ff37c06680c2edcd066633695e2c0616e5d3cd7da1385a399f86b193cd6
5670,Comedian,a339dcc45984a779b665593e4cbb4cc979ac76bc03681da3388ae90c243b16fb
5672,Pokemon 4 Ever (a.k.a. Pokémon 4: The Movie),f0668d3554b8f02b0665b62f079d9ace22f382d1d6f6d3a54c788f78397824c6
5673,Punch-Drunk Love,de64df74219b208b26667664b3915999de6c8e646e23d33309bb7ccbc4c42e4c
5675,Swept Away,b73957c054cc788dc1eec0fea1110bf19636b7198b8cb03ee4cfe00798738773
5678,Formula 51,fd04f89389b7892416b2c33d767b6268c94d0edbcddc53dc5308f2242297a3e6
5679,"Ring, The",9bfbeaaf60449550d458e0f879a82525c54466120ffb1abb6639da113e520fdf
5680,Auto Focus,e7ff45ec1a21be01b5009454981c6aad65bc84f68673423961ff699e7b8eb318
5682,"Grey Zone, The",c01295360f4eccc17ecd7aecd0e0c9dbca1af916db2486f5c69136b23e368723
5684,Naqoyqatsi,b30cb3ad9bb248724e6df58de1992dde5561d221ab988cc254a67335ad588d66
5685,Real Women Have Curves,f49bc8da19656365662c1cb1f8c08cc83ec2ed098dff3d6533f76ba3c40cc823
5688,Tully,e3c9b3fc97437ee13e36a8016abec50335fd9596e8cd0ab6c84333b4214320f5
5689,Billy Bathgate,c79943cc3e30fc0f18c7bd794b8bb604a4f15a82fd38a15c1b0c6ca3f567938c
5690,Grave of the Fireflies (Hotaru no haka),93b6664a6c4b93b634ca99b976a566428d9a94a9d2774a526cc2cdad9a879276
5693,Saturday Night Fever,91996c696e46930b3b212c966b6b6cec32d32d62e5b9f0b336462d3a37a43ac5
5694,Staying Alive,836b5cd4fb0ea4f9de53868379b4696aa7833e7d585fa1c21995c60f9060c662
5696,Urban Cowboy,c47be44f1f961a546b6939a131964e951ec938d9e8936f84a70ce15ae2769725
5699,Tom Horn,aff781ff50016e00458771e9aafc847eb8af691d6d4276809634ce38434ba1df
5700,The Pumaman,c507cf0066cbe6cf390e3c8e84af6e51d0f999a4392ce42fd2793a5994da28f4
5704,Without Warning (a.k.a. Alien Warning) (a.k.a. It Came Without Warning),cd16c1b633ad3f496c0394bd6cf8e2131b6f38d484c44ceaf147136db6273496
5706,...All the Marbles,fa88e2e085371d3dc0d4361e723ac8e34ccf65281de4b3575b3125966cde5b49
5707,Absence of Malice,8bad58bab45a5aad6da59656eb5cd540b5ba9a00e455cf03626aa7533c53c6a1
5710,Banana Joe,b6bb3406d8068ffbc450c0ecb1e42d81c2bb37410fc1e4363e5e9aece4398cdf
5712,Blow Out,96ae3787a9596952c8f09425bda5146ab65306dfef057b3c49f9ce16c4b83121
5720,"Friend Is a Treasure, A (Chi Trova Un Amico, Trova un Tesoro) (Who Finds a Friend Finds a Treasure)",ef914fae9046944e191149abe207d2de9c962dd9846b1b611b86e79716bd7e11
5721,"Chosen, The",b5e130d2128f861c0f3a96c8a5c5dde02ade5dad9a7d4c9a0fda7e6df820e034
5723,Continental Divide,bc0e86f4573138ff3e06a4e88371d8b67dd80e8ff578882786d159c65e0c20fa
5733,"Eyewitness (Janitor, The)",912b3babd1454c6eae55a4138e95e2c4f26eda241ab6b4924afad9bcadca8d30
5735,Faces of Death,efa96fa446e3b053b015b199b1dc9c4c9056921e723791bfb1db815347c96a70
5736,Faces of Death 3,90c787376b1bd8cb24f3129e65acc9716ec4b56099d96e2d721ba44c8d6f56c0
5741,"Woman Next Door, The (Femme d'à côté, La)",959a599436f5626a6d21252b9aa59a5695d9ca49491aabd54b6db4a2ea5996d5
5742,First Monday in October,b98d93261e7360d8c3314d23b69c1a0638ef63ccc9e3f0f4c7366c1b92d91f0b
5745,"Four Seasons, The",aaec1913c42b475513ba3af5ec45117ac33b72ad1bc26c7ae85e870be0a097a7
5746,Galaxy of Terror (Quest),cc9749ec7173d4ce6b0db63276c2890d5db434c397bda9f066030afcf6484263
5747,Gallipoli,a4b5ab73cb5e9675cd6a091cb4b549ae98dc0a55a87625dce1724cacea2949cc
5749,Ghost Story,85d6a58c3ea03e31b96de15e4ad35a8c6b1de1c334c696f2297b360c9e999d0a
5752,Gregory's Girl,eefeedb48525724dd25a9b5a910dc6b7b926696de6050cb6c1943690c4cc64d9
5755,Happy Birthday to Me,ee15e53891ae91ee90e998f3c4e83e06c7ae6f19c5386e1594e43a439b633994
5764,Looker,c331ccf63cc63321b3786cdec28f590b3b78332d6cc6c7c1c3193c2e3c25c371
5767,Teddy Bear (Mis),be6be18d42eae0b8bc8147c0afc0c330cb16fc27d0a5d28ff024d4b2bb79f0dc
5768,Modern Problems,ecfc6d92c12332ac13d58523f46c5a9c0f366058d2c9b76253e39a6de62c1ecb
5771,My Bloody Valentine,9e4c9e3b659361e431ade4863e92c618361c83236cf09d3dce61b7176ca07cf9
5772,My Dinner with André,88f665673758636d32483a926d99f23c6d1f075b07a3cce507a38ce5f246f034
5773,Neighbors,f67d4c7ec986299926f9f2661f264999c14123661fbe851943637a66c19a4b8d
5779,Piranha II: The Spawning,9103bbcfb4e40cf74c73c1394320670524dff90d0cbedb733b229c7852f52cf0
5780,Polyester,f6a3095f4724109aa9c5663158e523155ccea867a7dbc46e5bbb284e39bc729a
5782,"Professional, The (Le professionnel)",adfbc9b334814deeb382d49e43c8621a73db46abb04a8f60128e9e403b9c6edb
5784,Ghost Ship,d3b3053ded2d1cd354e0e0c546def21cfb3469b22d9b1c9b3e2926c90ea4e264
5785,Jackass: The Movie,f0550526185a7ea47bbbaf2ade35b196d079895ec4e431fa3e014c3a74271b99
5786,Paid in Full,9854985165d327ed27bf579a5f22de68ca884ca3c831f817f155b05d2659a764
5787,"Truth About Charlie, The",936d86667a6678996c99d3716876dc911c9be7618160d8765a9d762d4de29858
5788,All or Nothing,9356a9134bb316656c3024a6bd886d8de26cd24842e9046f9e1797db1fe36b97
5791,Frida,cfcf3af03033a45cf2c4c5a3c7bb8f5a94bc7a81bd8ad2b183556b05a8316e0a
5792,Roger Dodger,c8f398f23639660919e6875a6e8cd1376ee4b199e0175eec91532fe698057e21
5796,Casino Royale,ebbd629c90728d63b2e9d0b69d539469bc929d2795493c9299369d4b84c37b24
5797,"Company of Wolves, The",c7a043ff391fbc0685f869603b0f9c179b3441d2ce908f2dbb6dfc5004fc330d
5799,Exodus,b345bb22a9b06c8656e9d5e0650fcc616c39c587c5a34d68d15878d7c6b5c7a5
5801,"Russians Are Coming, the Russians Are Coming, The",eeeef04c951337bae6054ee4d2be9110c9bb07e995a169b618b63a473953190b
5802,"World of Henry Orient, The",eba9c92391753324b50a4ec9ceb4b117f2dd8cd645b2b2d0bc42ce8ef3057649
5803,I Spy,a59e9e19c3b690613a6c2d9e139aa4c964655336e6479af015ce391b65b58ef4
5804,"Santa Clause 2, The",c2da1fd27924e1b537ca6e038a2f396166833c9e76dc6668986dd92a8cf66192
5809,Femme Fatale,e2d3e7bc17acfe9262d041acd709d51a5a1a6a6d18f503a57f2ecd6064a6625a
5810,8 Mile,d93971983cf60c67721c8c6062c666ec9c6979998ce3d9931b989e667198f666
5812,Far from Heaven,c610c457781832b87eaeb8efa5e6877c0b543396c6b3c6a358e1b9507a1ebc0e
5816,Harry Potter and the Chamber of Secrets,82f760aa35208e47da951ffc2d7a13bd86ae8b5378907c663a43748cc9b1e3b1
5817,Ararat,bbbf33afe5446c449ca69418dc13d857e058c4120ee2d1ecf1471b79d2a3c357
5818,"Crime of Father Amaro, The (Crimen del padre Amaro, El)",865df6b7b993c972ce68429b358c326947290cc95599230e9c66dc85ab78ddb2
5820,Standing in the Shadows of Motown,d2beef6a2841904027d4c2b76bff691bd0012ee4d72c397b3c3fc013c1c27eb4
5826,Rio Grande,bee1951ec138681f954a07e1c3f3e7a0941e6becd00f1dfba5191ce385624f1c
5828,Blackrock,b00cb053cf5447ab0fabc0bd24d90fac62f2b2734fae48867ad9b42d62235bf4
5829,Men with Brooms,fd8eb16796b08e9e90386f88c34356a5e0dc2578d68e390f49e0f8424cffc9e2
5833,Dog Soldiers,93a5c7f9695a68723cac3c0732c78e8799ad636c645a69b0c334c6c99c939337
5836,Houseboat,bbff780f878857fe47772ce1b803d39009ce6f768e10808fd266cc110e69e616
5838,Madame Bovary,bb0397e164d7632fdba596d804dc39643a203457389e998c5de8a658b7b29939
5839,My Father's Glory (La gloire de mon père),f1cfce308cbe31cf933bcdbc60cdca726b143b393984b64e8e619199e91048d6
5840,"My Mother's Castle (Château de ma mère, Le)",eaf6bd89b41348f7952ab246c036cb2912a76dbafa402247b5b931606ac5e6b7
5841,Return to the Blue Lagoon,83d86d412d42b4bf6f2dc3e2f6a194fccdd61a35943746a196389c1a7172a4e6
5843,Toy Soldiers,921d5afb69e4358ce40662fe1af387134f28986c16d86dc259bf918d2fc2a746
5847,Ragtime,b1196cd98cb6961c96c430c7d3c6cb4fce1ec3323966276d99816db691a66c74
5849,I'm Starting From Three (Ricomincio da Tre),bede1a50c872e153f11937aed7a541ae89cbadc127a9d78dd48636b2b44402cd
5853,Scanners,cfee49aebcf33473f30d630cc49246b9b9041ee3f811c98c8e46c436f86133cb
5856,"Do You Remember Dolly Bell? (Sjecas li se, Dolly Bell)",8f9fb47e9ebe6d00324161c14be370fc2c38d21740786483583e24759c5f9dbf
5863,Take This Job and Shove It,aa1f2004806601b34eb08a58015b0d9b7a3f31ff15bff6b8c35c476f67e9ca67
5867,Thief,a656aa5548e905e105ab89b65ab64b258625969a3a1a7c1efd69d56939f481f7
5872,Die Another Day,c55524921a8f5b696b297c2c81b562f4bc3e005bf7eb063de2d10fc5cc49788f
5873,The Emperor's Club,e0fc6869b408f502385714de8789d3a9d309b71ff315a6708ee6ed8ad1869e65
5874,Friday After Next,fca6e51da7da1ae7510046f29bd5bc04653b0d7d0ca3e29198f670633e0d193e
5875,Personal Velocity,a8cd1b18c71364cf1930a444332b46baccefb359f28c9cb22f372f5d49d9528b
5876,"Quiet American, The",9a494b6925e2d29a6d9c6da466e6f30d3bcd8ce3621b871ccf609b66e11927c8
5878,Talk to Her (Hable con Ella),ccddc089119d3ec036ec8044fbfb3736402a20dd728087678bf6fba2b6934edb
5879,Eight Crazy Nights (Adam Sandler's Eight Crazy Nights),e6bfd960bb9e2ee3d5318d9dca44e409991a2ca29de563994eea292666d99228
5880,Extreme Ops,f87a0327c71370dab9edca30543467233fd71cac6c2592c34b4ad117668bd66c
5881,Solaris,f3c868b20c37ad0df2f0153231cc975a6d27c18f4e78feb0cc81c2dcc7fb041d
5882,Treasure Planet,966689b163fc53c6b26c84fba918947943a6b4c49c1b2939772473e6c5cd1cad
5883,They,aac8ca595bf72d37c688c2885d696b671775d288d488c4a3e9731d7c61ac45ae
5884,Chopper Chicks in Zombietown,9169d98d3b0d9ce92e49375dc62b675643b3f0377192da879d309c202fb46c0d
5888,Brother (Brat),abb5951ad66192e5093acf8a2c1574b0e19b8fd9cf685d38d8e1ec01e5d685ca
5889,"Cruel Romance, A (Zhestokij Romans)",a4326b411f0a48bcd06fe4c3c8b4132fc6af9de136ea84ee798d879ac2e51cba
5890,Elling,91f0ce2d6e0c29da73e23671e1c1c3c69c3ada701fa59db86a13a51ce199a7d1
5891,I Spit on Your Grave (Day of the Woman),9050686b4aa730fcadd3d86292e9ec1d2f161fafa5c807c3b65161ae59b668d5
5893,"Last Seduction, The",975085d5294539735a746ebd70ad96eb04eab4c8b6ce9e8e948fb48c368a7898
5896,New Waterford Girl,98675e686eb26387a11c754c246f6633c6bc8f9509e8984ada47de0787b427b5
5899,Zulu,afafb05de258de2391fc07b1d47085bf918672c0cdcb0876d1a4e70c7a7058e3
5900,Analyze That,fc0f80a9a3e0e2f449519f179f17ad70b07c9b4b716293ac970e9f2394bb9218
5901,Empire,f482dc829e82d9cf331c6a3c003d9de10f8369fa8bd0d31d6b4907259d7e8fc6
5902,Adaptation,f9f9a657b4b649e98e4410aa4f41a84871bfcf5538b8473f8cc078b0c74fb4c8
5903,Equilibrium,84c178cc791ab72359b208d966e784ac3a5e4b8ba7e949646372b693ba1c9f59
5909,Visitor Q (Bizita Q),bf552f51c7f219ff9269060148904fcb3675908469ac6a7f9a0e9a4be59bc49c
5912,Hit the Bank (Vabank),b9c3e32d0d1b71200de3b38ac6e0a1b0c38c8fb3f19446afb31f786d2d27c84f
5915,Victory (a.k.a. Escape to Victory),ebab5aefb004cc99cf25e3c198f06e38b5161b23b349e0544f3ca515cfd0cd52
5919,Android,c1bd3f871d81c0fd7a1e9f206a46f04f3ecac494b5233ad1c4253b32d8f18d8b
5922,Attila (Attila Flagello di Dio),bafbbf5dce0f4083f400949a87386f2468f17a5132c7970e2a788563e91acedc
5925,"Beast Within, The",ed2f86c262f4cf0f199871928b299a9934d2c726de583cc74f27a77990f0c986
5927,"Best Little Whorehouse in Texas, The",c00759397f9076ce287d43879ec63e0eb19b4c64170c38bb83f14c42ef79b393
5929,"Party 2, The (Boum 2, La)",e511b2631b9a83984bacc9a73ceba6cce4dcc64c332c133cb3341bb2e593e333
5932,Burden of Dreams,8154a0ae4c31ca2e38f3159f83388d7750a65bd92680376fdff443d3f83f26a1
5938,Deathtrap,bba2c4cec459087b97ce29a64aa1fc598a5bb3f68d939ea13a4e520a649ca1de
5941,Drumline,8cfd6c803663d7327b19c08d5ecce14e558c50eeb923a78ce8cff846443873ce
5942,"Hot Chick, The",e801deb907fea94e1eca5ee669fd2e1d6146034ef44a2dd38cb91834e5943616
5943,Maid in Manhattan,be4c3c6d01f2c3bc4f33cc41744d92f07d832e4e372eb33b16b1649e0a73cd09
5944,Star Trek: Nemesis,8a3af02ab44ab5995395abf44a619acb31caa574ed94ed35b895291db50ead83
5945,About Schmidt,961a0a79f5a62396da59c39ccd67c36969965d72a2854da6286947d69e2684dd
5947,Evelyn,e2a18606155d71717b022dae4e947acf19eacb7989177fe8643a15da5b84ac39
5949,Intact (Intacto),93b018d9399b872c6ced69ea69e664dbb8c6619c2c399d87e689999886592d9c
5951,Morvern Callar,b1881b376cc63631f3260999f4e7433ab7e3e0d9c73038c6867b6e8c05c7ac71
5952,"Lord of the Rings: The Two Towers, The",87f3cdb9580c124f76f13ca083c663dc3261e69be49bc8074d76cf30199cb9c5
5953,Devils on the Doorstep (Guizi lai le),d14c67b23cb1d14e6e1b3db5c1d628499fb441dea849fb3010edbc83eb2a00fd
5954,25th Hour,9155ee952d559b5a6daa95485ab23533968d4867b15d4e978d6152aa2dcdc46a
5955,Antwone Fisher,cc590833b3b7b102493f86dc75c832cfc0c62d53c63f66662c63c53b93d84ece
5956,Gangs of New York,bcf1a4b7430c13480f61ec33b896529ede7e33ed00986cd2ae46db0d69bd86b2
5957,Two Weeks Notice,b6c4e93358b83c4da7c4c43378295b856d9c64fa58639b2f9330c923e48dd2de
5959,Narc,f7c77233087c17cf2dc768284f3091399700629e1243b5f81a0e69f93f839d9f
5961,Blue Steel,c90256a7267d7188d9840e77e53b62963cc91ce936bac91be605326f1df3c5c4
5962,Body of Evidence,bf9c4baa4417ba55356840b3ead5b54952aa62c6c95495ae6aa7695595ba3329
5963,"Children's Hour, The",e2bf2955a5d57a194fe6c4aab96a538d6ec0792638d88daa1e046cd7e168d215
5965,"Duellists, The",cf3abcd773eb8f01fcb49750980f64b803db2c204e91934ea402d0f7a66cbd0f
5968,Miami Blues,94523924263bca5a60a4376f8975eca02cddd2342f69bdcbb2349a697d96da4c
5969,My Girl 2,bfaf0ffac9d42f8dde14e14fe532949c98854c62c332c994b8c590f5d06136cc
5970,My Girl,944d2fb2a077568859aaae45e79258b87ec0ad594a3ee383b4d8946e0b66ab37
5971,My Neighbor Totoro (Tonari no Totoro),cc53b28fc36ecd933ec93beccc067661c79d184034e7c11ec7f01eab3986c047
5974,"Thief of Bagdad, The",afd42fb1936bb10a9c21b664c12f6cfce12d6b2fc252d91ac0d6cc936894d4a7
5975,War and Peace,8feeb45ab1265b8fa8596ed4e3918f2434723479cb05719d68e4c3e9c6710d32
5979,Attack of the Crab Monsters,8550f1447d0cb99946e64e2339f3ec06c62901e63bb83fd7bddc8278f0315df0
5980,Black Christmas,92532d3424ecf9071792786c6ce2d2f1c3834ef7fb18769d4856d29852f3c266
5984,"Story of O, The (Histoire d'O)",b2d6b325973c6a5c8f2c94b3cc330fb3f0cf2ccd1dc9f1ad90248f4c6b3012ac
5986,Fat City,8539738284630c3c7c51dd677ea894d1518e4ef17b067fa6a699072f23eb621d
5988,Quicksilver,899388b7366e77294bd13ddb147768f6609d7f021f424bdd7c243b040381766b
5989,Catch Me If You Can,9ff7479ee8803861471d9dc21d7a63aef0e38e350b550a575f2817888570e87d
5990,Pinocchio,98148eee3911713127efb61189eabc85c938b6cb1e01996e2cafe730b37f5e01
5991,Chicago,b104cb6849fa1f131e67608e486fa57262e99f872c9e387861da6333b587a61f
5992,"Hours, The",8725ef074705e746acc618f43cd6c4e46e86c68cd3cb51db93c91edc84bd06a5
5993,Max,bcde98d95fefaf6602efc84988cd0df28d3260b20649fa0c748ad65772201773
5994,Nicholas Nickleby,fd4eff67b38933a33abbde186e198949a7c7adc0e600d8906026d9527d10fd02
5995,"Pianist, The",854382a531fedc1e83cb00f01f0f93e3283817dfd47a978465eff001f4b8ca5f
5999,Heavy Metal 2000,ffcef0e4a72cc50be0d5cb436cf28c56de0816b886eca64496c6d8ac28b5a64f
6001,"King of Comedy, The",9210839f5af6b028b539b2f6b485f2f23633bc3916dfd68c563856350d0d5b16
6002,Love Liza,c9747148720b1e1b0d74bdf4738b228b85f49df47febfe0bc810801401ee37eb
6003,Confessions of a Dangerous Mind,a89236a34b6dc1bd9466348dc6cd6464682763364acb6e96912ab69f35dab5b2
6005,Blue Collar Comedy Tour: The Movie,8eae90503153e7af5f309855cf8f7262507cedbd1352ec26a02d935a83df1ba0
6006,Just Married,bf33fc01c662431b70fc3307fc0c18628ff83f80f008837e68dede62b01de6fc
6009,"City of Lost Souls, The (Hyôryuu-gai)",86903794db6be869ade4dad7f4b1871901de79c6ca086d229e8bb0e12c74de94
6012,"Guy Thing, A",8c1f71e20b603c1f63901f5c38a96308e8a5486bd6cad8b69e379f6db948b69b
6013,Kangaroo Jack,ebbbb400bc441ed6ac3c426fe12669aed0c37a79d85c9a64b8353e0a8c4d6ec7
6014,National Security,9771f8c66304bf3958626186d4d9ab63c495d01ce1f7260b3d647aab394e66b1
6016,City of God (Cidade de Deus),e2a2f171e93f093a455f0b72d2f41e8c16711ead1c5d18f7d0cc33f813b31499
6020,Alice Adams,f8aa53eac3d7ac15b45cb4f8d52a9aa6c7851b2d1af127819676a4538d996924
6021,"American Friend, The (Amerikanische Freund, Der)",d001e00017ba1f7a3954cb8d6963e5a14adb0fbf46ae5a9f31b9183792cf32ec
6022,American Me,e424e4de4a4a522635fdc9280a9b74bdc1e42b574a16d6b56549695f6af4daa8
6023,Band of Outsiders (Bande à part),8675f096d38099b3794bce691b3bc969496ec24ec61269923cd33c6cc793338e
6025,CB4 - The Movie,9ff24fbb440592488c444c01731bb9b736f9b6f461ff75519128a8881dc759d7
6027,Dogfight,9afae101f5051ebecb7293e83c99e415330e696b6cb196b6eb432d6994f04a92
6030,Girls! Girls! Girls!,a411b1649be6ce1b9b5d19e6a4b34e1c9b4c338d32c99cf80cb31ce799926b2b
6031,Imitation of Life,efefa602d17595ec2e3e7414ea8185e3ed0051f0da9e542ffa6c30e30b052f1a
6033,Mystery Date,c3578fe53a9052bb2d7b389659cf30ea5d2af31846b8cd2e50af0e4a5c2409db
6035,Pépé le Moko,97bb93aaee442395d2a119a4a454ce67b466e4dcbb51e758e10689d9ece24d62
6036,Secret Admirer,b25e4079d2b22fbdd582bfc70141aae5c45646fedc3052bfb5388a29ad213b52
6039,"Woman in Red, The",9fb7eb4c946bc5976621b880df24194961f2728618cf37b9c494c476cb9e1be0
6040,Darkness Falls,9cedc36f6357bcb615b162d1a354d13ad0edece58f1a473a24e720ce50183a23
6041,Amen.,cdc8e7076da4327b3a5b48347c3372fb7aca2da3c310c32425d16cdbc18fd704
6042,Blind Spot: Hitler's Secretary (Im toten Winkel - Hitlers Sekretärin),cab5ca91540ace3c25fb21e3a025dc7c16bc0f1b6bc23cf034bccc1ccdc22ff3
6044,Blind Date,c1d5f8917e838de421642666cc43496d5b766a763a76d86ec0f43615b6579945
6049,Ethan Frome,fc1edc1c183f7a4702231be379d1c35b3ad0b00c657a6e4ae847e3f60523396d
6051,"Harder They Come, The",faa9aa944d4f46fcd3a29117855ac82c3c87a0559397cde882b69cf1b92e1dca
6055,Sugar Hill,934c47bbad043a736866e593c79bca4c1cbbecec32f391ac1b8b4c6436f34301
6057,Biker Boyz,901196f86e0e6cbd8dc291c77c83f14327bc96345a7dcdca80f578a335156739
6058,Final Destination 2,998d89a42c7e2e5a6603f38991fc49f64e46fe033f89b13d05b67099c2e8eb46
6059,"Recruit, The",946cb8cb61b56b371a71946260c5f08d979a0ed92dae49ad6a1eca357a4995e3
6060,"Guru, The",c5eb33b46b5964d5b01e99c96520643e78f78b629b9c6e22332d935a4ea4c656
6062,Lost in La Mancha,b580f39b433c4cbfbdc0d240202f8d384bdbb1852b4bbb7439b4899b09ec9e67
6063,May,9169c4cf66931b0e69692cf13b866393365c5339e9678d7670cb64ce8659526c
6064,"Harder They Fall, The",eb5cf30897a73a35e4428ec248d4f52a0debdcc6cc1499d5718aab1c4dee34e4
6067,Ordinary Decent Criminal,eb8d3ccd82f2d1989029946f38b6cf132f27c7262f2d6b2fc234343d832171e3
6070,Tokyo Decadence (Topâzu),fae87af08477850fc50d9064954ee55ed0f78543854f90f69174851fd0337375
6078,Firefox,fc20f8419ca4f34907b763be22df043eb84fcc206d41cbe24ff179e6809362eb
6086,"I, the Jury",9bea9fc3e01066ac9c4c697183d7d6aa954e691cf2b516398c486bc796d56529
6090,Kiss Me Goodbye,e9708a9a82cfa2e13fbb890668e597fc1f10f4c32d765e2c3785a731e48b0b0e
6093,"Last Unicorn, The",8ccc448d226373f339e2999fcf966e2c0c799ccc7582c186c69fcf5a3071b961
6095,Dragon Lord (a.k.a. Dragon Strike) (Long Xiao Ye),fda3412cc26e3746cb51c039bcb159a79a466666d12e9188758ed9384f594f9d
6100,"Midsummer Night's Sex Comedy, A",b1c53ee4ce33c713b18eb0e64e33ce19638f3147387118f9cece47263231b991
6101,Missing,bbe36cd8680cb90198dac4eea53185fcd2675a28971cb687c0d0cf648f3d919f
6104,Monty Python Live at the Hollywood Bowl,e1b0e1880c7d3d7f67fa4e07580bdd18d6c2df07910f2677acf8a0fc614069f0
6107,"Night of the Shooting Stars (Notte di San Lorenzo, La)",c05fa43e1ea0dad36be137e026c1372dcb8e485139c959f2e43e4e6cc45e365c
6111,Paradise,8efbd8d4e104a537a564e66bd654a4bde5536b16d11591349105f35991169b9b
6116,"Pirate Movie, The",a10b58d6d4f4232c8f236e8379bde4998961b1c08d161f4efd4a99f631ddd0e1
6119,Santa Claus Is a Stinker (Le Père Noël est une ordure),8bfd95fff4837a10d402c3b1f4466d8c99316c0cf9046bf3e403bc4ec9cce313
6122,Richard Pryor Live on the Sunset Strip,e4cc3b5a4f2545233ada478c8fc638f08c36f35ba1896ca4b05bcaede463c732
6123,Sunless (Sans Soleil),d6fbb860adc77567a8a684932a18685a882bd4a639adb417ff123f0cb14fe268
6124,Savannah Smiles,e1665e9996866634994b196e94f9e5a76784d2e786996b179c38184dc9ce4d38
6125,"Secret Policeman's Other Ball, The",a000a1004d299c7f287d56863e804bfb1f3f7c2935daca7d534f3986e5a427df
6140,Tenebre,ceab952eb1ce68c7ce111b999c41373fe7144ce3c843933e97343670e8c469c5
6141,They Call Me Bruce? (a.k.a. A Fistful of Chopsticks),a2f2b1934c7d0e3135e6b1c71b1bc6786c8c84519c7b7ba8e08737777788180f
6143,Trail of the Pink Panther,ec54944c922a6b16695c2ea9948e6af3934bc9ac6cf4a24b5bb999063cee9537
6145,Venom,befa85e21b64b61d64174f919291193af1716078c49ea59f94078f8bd3431afc
6148,White Dog,bcaecc1367bc69181ce33f0fc3c173ecbe1116e7b14330bcc6302e099cf06c3b
6153,Zapped!,eadc914a85bb661c994a19a6c6b9270bdb7438fca50b473198967acca53be0b3
6155,How to Lose a Guy in 10 Days,ca98a5859752da2b4bb66c58384b4d2e9cb1c2d39bda131a9a3bdb4d992cf164
6156,Shanghai Knights,be94e11e70ad5f0037d4dadfc13342461ea006726bcf86f52b16bd8dc95fa304
6157,Daredevil,cdc38d921a52b86d29bc783079632d8d869e9f8e49f34eb36e3366fa318c3188
6158,"Jungle Book 2, The",8dc0b3c26e8c78793317ce90397fd707c628839a2ddc1c67df1a615944e530bb
6159,All the Real Girls,8a9a3d2b49622f69661a52a5738550e530e70c731f598b1ac72dccb7a4f39b5a
6162,Gerry,ead91566c893ce4c951248afe346f9b236b4484d94abaf953b4e4493c6e4bf48
6163,He Loves Me... He Loves Me Not (À la folie... pas du tout),d4ccb0ce4f375f331b3392ccc8cc942e624b319769912538ceccccc69ef67318
6166,Dennis the Menace,f9b48d2d044b62d227b0a36d706d95863b395bf9e5c622601ef3cd9d3a0696b2
6169,"Black Stallion Returns, The",9c3e68f54f23478462d266aab870b8c7f39c071a5fe5ce4c803b36b703c2b13d
6170,"Black Stallion, The",a979fbffc2e62f79569db0a4614b14b46ec5c9e8290648523b0bec00d56ab695
6178,"Patch of Blue, A",88924349f62d23a0f21c1c97ebe0ca4d5e633ab0c997a534930f3fbece0a62bf
6181,"Red Badge of Courage, The",b305d56548d22d9af6161b6d3da5c23009698ee3765ae84c418dbf371cbbf251
6182,"Thrill of It All, The",c2b641cf2f4a7cc216059fcee15b48710fa6b78070d426df771b386d10f8f5b0
6183,Pillow Talk,9e6f24c2e1b95c3db9c75b83486436ae931d5b76e6866c6088b716b63d008cdd
6184,"Man Who Fell to Earth, The",9ec668ce613338396cd9979132c66c6e9b273a7824a4cf8c4edb67853c5c9368
6185,Dark Blue,edd83eaa33a2cefc48cfb17f684697998ca322ec3220ea2e4e88956360dc7333
6186,Gods and Generals,8e9cef99f5c6906782a70ea3fd113028c0df4ec47c78a53b9306ca9716c57ce8
6187,"Life of David Gale, The",a465b6a51bfa5bda699a2dd25933a14acc43c023ca441dad35bc95f405e6eb1b
6188,Old School,d000feb72f13c56e54edd4214b5781d574ea7e9ad18527972671b861a9874c6a
6192,Open Hearts (Elsker dig for evigt),d327773cd039f671413186e17c1107883e8eb94f9b3e0bbcd556295b04712cf3
6193,Poolhall Junkies,f16eb1298f114e54d66693a3b19878d83f53a526c46e76993f8198c2806e679f
6195,Stone Reader,9b49bb69e4d66c92c44c7364e4965498e36d4c9beb22ce0ceb30ee497912d761
6196,Cradle 2 the Grave,accaefe03fe4af403231b21b5eabb80731441287a84595c8d2baca74d16eeaef
6197,Spider,a15f78f50fa0878a708bc81c915ea1f14fb01f8ff24fe070e1f09f843c1e731b
6201,Lady Jane,91f61113f71f662cc6d9c4ec1cd29c9ae5866bb8cb24d326194bad0c6b8d5a59
6202,Late Marriage (Hatuna Meuheret),abaf6dece5441e26d28798b49c65cb03b11ae45962e19731f133ea43911f81b7
6203,Life Stinks,eebaa55191551b3bc84460f685524eefd01066db87cd173ed8616bc3c1164aef
6204,"Meteor Man, The",9ca705deb1d873282358d4c32587cb3797334a5a931ed761286573e1b8d25e96
6210,Volcano High (Whasango),c0e8915b79456dac16c39b17c88ca6e29fbbd98d64de1afa391405ad5f276a02
6212,Bringing Down the House,bfabc805677a10ee4ea3ee25a9459311d0dbe40494d5875173e3ca9d465a23fa
6213,Tears of the Sun,eaa6b99413d8c6e3daa839ac772735ba8caef425b35ac62ee484c91dc317ca10
6214,Irreversible (Irréversible),c1d3c9de6cd4f403391dbc0eaf44233cd813583b29e506e14ee95b2a9c3a0ffc
6215,Laurel Canyon,815581c91fbbce26704a6b1f2fa5d1a23ec9b7518f7bc682c93d428ed6924c59
6216,Nowhere in Africa (Nirgendwo in Afrika),da2096b1125acb4da5adb55ae20de950e5a1a28aa50f2dadfab4b2f03d517ca7
6217,"Safety of Objects, The",825b069b67b9fd20dda0e964d8e48854685e94cf645b7d0bb4796b3a13771334
6218,Bend It Like Beckham,edbf7288996c0dbf66881edbe0cee9249336d6998e51c9588dbac4a596449067
6219,"Hunted, The",8a409acf964497366bb6d1700f37c71218c7c61bcc9947cf8cd54e6da3ceb071
6220,Willard,8e2a8eeed5545011713b71b33385b28bb62aad74ac44cc5c4f35c56a5a6ab2d7
6222,Prozac Nation,ec952d48da999b9093661265856ae56ec4e6949b18956d99fa4d3b721f924e9c
6223,Spun,b95616afb997978bd2d9c9c68c6684037205eb04c3eac9b0cd90f4ce3e559b62
6225,King of Kings,bbbe5a2ae66b34ecd88c3b5b815361b787b5cf00dc41d0665aa693d00bcbc51c
6228,"Talk of the Town, The",eebe6e1c950770ca90fb8cd76bc063d887113961b06bc349cedd94f1c6c4330e
6232,Born Free,be8e00748d85bc5ac35213957d7e762ac3a1663d00e14f0fecb51ad8b53e4e8b
6234,Equus,c076803e0fbe4bb0fb00b301b37f3c7f4cf868f8a8f8afc10f446830e07cb3f8
6235,Europa Europa (Hitlerjunge Salomon),8d4fb4445aed2fdc6a791f2cd07fc30696063a0f3f4f4bb9b1018553c5d219a8
6237,"Glenn Miller Story, The",bec3c22a691d35f942e36d82de396e7d51e2c18494499cd79ff88269b486a0ce
6238,Green Card,ef249e9299cfe467e492332c9e5a1b318669e49ee6734c4d31b4635269c16633
6239,Journey to the Center of the Earth,87d3cfb36c3b2d19871716363874e0fc63893c5c3762c3a2629da678d1586c8e
6241,Pauline at the Beach (Pauline à la Plage),baf99de8c756a712f80479ad38e9c656c656e01119a93fa51f92c853c6701f31
6242,Ringu (Ring),9595873fc35a7999a8c4f0676bc0ceeebc851f44227ead4ac3a9c512c391941f
6244,Salaam Bombay!,f034456e0f9b86faf324f80527ced6ba3eec0b01c067f75c7cab88b22751581c
6245,Sweet Charity,bafff24c4548252b75713a945bb55af742dc85d92c111e4c5eac0af676142cd4
6246,Talent for the Game,ee60af1931bf3427ddcc94fc00a7e2da55135b1113155eac62cbc14b3b761e64
6249,Boat Trip,e000bfeffc4130375dc82150c6133f2ff895d4a407880f2fc027e91babf6e1de
6250,Dreamcatcher,cd3032cc32f18d3b2d0ccb370ecc72b6cdb32c3c325399cef412ce738d4d721a
6251,Piglet's Big Movie,e94aaded12344b994f4390b6568c4b0f6d31b60b3664b99ee2d14b3c50ee7659
6252,View from the Top,fa1d6c6285fa4a918761998f9c639c4350bacc7873888b5db9cd6994e19662b7
6254,"Awful Truth, The",ebaa84d93a7e4b92946435a1bf2ab0f21add6e6968c94f9c5b13a3661d249598
6263,Basic,e012f800374107f70dff486d3e8cbfb289bf17fc5ae6a148e949d02b70ace0b5
6264,"Core, The",9d999492326679537973212d67b186bdce16de46685b39d9316c266467846f91
6265,Head of State,8111d620746e29b717bdc6d95b2b9c0f6ec5e1ba3d98a5d666628549398ddca2
6266,What a Girl Wants,8d2f9925d0c8c6cec6399b391bd936de6d26698672db8c69c66532c4c33d6330
6267,Assassination Tango,d34e6cb10db1034b7e892f147e3452c9c3c9b4369e549d3c94a7d242e34f6cbc
6268,Raising Victor Vargas,c147dab56d3a618b9cadf44625e30a1dd39474ea4e956d6a617b1f0d905c86f0
6269,Stevie,d90c498464ee1ef1c2c1ec7f9c7f9d0a6fe0b05f6351637c2719e5226a0db470
6270,Akira Kurosawa's Dreams (Dreams),c545464638a6bbfd975f25d34b8279ad125d8058ca0b69ae35f5d75fc3908b80
6271,Day for Night (La Nuit Américaine),b9ea17b9e1992e5ac652d26bb46533e70ee4632fcc468e7481ed992839059ec4
6273,In a Lonely Place,fbaaa15581773f6a8e0d585ef06052afcbd31c1a8cb405e6b44b13bbfe0090eb
6279,"Good Thief, The",abcda3c17626591e499852f156e9b5aedd9265a12d29936c7a643cf1a9596a12
6280,"Man Apart, A",a639d9b65c66a4492cdef3a471990889e6644f338993a2cc91ccdadc8ea6d733
6281,Phone Booth,9441971b5d6a13e86aa5e5958c974a9ab2723933cca6e5e6d04f96988ba9353d
6283,Cowboy Bebop: The Movie (Cowboy Bebop: Tengoku no Tobira),b45bc1340b4da462e670970af9b6e8d53ce96e5c6bd21aa57b8549880e996a7b
6285,Levity,8bca86ed576533b22993ccdd6e452a0e335a7b315d3f2cd084e6d62243a9b70c
6286,"Man Without a Past, The (Mies vailla menneisyyttä)",d1c4f5ab3c1766e2a5c08c8a3d751b216275df1c0acaf2c95e0fe11ce1772d85
6287,Anger Management,d10a5bea48550bc7b9cc39a89fab98153ae29b568a4ad6e3b66d8260de5dec48
6288,Better Luck Tomorrow,bafab1acd0058fb32daa751c9f726a6ba0a5be06095ac5d07ea1ae8a88681bbb
6289,Ghosts of the Abyss,97731d2878c46733833994ce2c8d6a150c1eb56e60ce5e9338b1e372cf721d3b
6290,House of 1000 Corpses,b8cec7f86e339f42e1cc98187388c2e78e26399cf03cec4785c14e3c1c3f49b9
6291,Lilya 4-Ever (Lilja 4-ever),915deaeb386c6455a23c9f08773a0f2953aa25b498c3f4883a87dedc1ae3e45c
6294,Bulletproof Monk,e4e493185b212cf62fcfe2e19a1ac9af4ef734cfd00a43301c1f9e9771f0350c
6295,Chasing Papi (a.k.a. Papi Chulo),ecf3933beb072ce05e86c24596be4974664dc1dcdaaa2ea12d53a0da41b26ab6
6296,"Mighty Wind, A",afc0903fc52f2bd09c776589b017c6af935ad492cecdec9b07069a626a748b34
6297,Holes,da21229c80bee8ab2e3da8c561c79728df83df34e7c26f8e9079a7c2a6aa10e5
6298,Malibu's Most Wanted,ec53b12d92a46e53932dced0c16fd9b1913a1ecc63d7364b6c3be16c36b03026
6299,"Winged Migration (Peuple migrateur, Le)",8ccc933333c426c786335cccd36633364cdae67bb24d19cc673c853638d3d4c9
6300,Flickering Lights (Blinkende lygter),94c6d897786f97686e80cf00d9016857c49f5ace18e03d23e7c3c5fb4b3f8e60
6301,Straw Dogs,8ffb87feb4054f079855945b955eb85c42b6e0e590596aaf66a0e1587b6874a0
6302,Beginning of the End,d2876ffa24f090856f4ac28791b92c709e8fd7d8610398ecd6d86e1395e47f0c
6303,"Andromeda Strain, The",afaf0df54620f8d0dc8292b642d2d32fc935b4ca3073207fc81ec70fcb6dc49a
6305,Fahrenheit 451,d31465814415482f3c3739ff5b6f8b5635a6af541eb82c7514a9cf0e3ebe408c
6306,I Am Trying to Break Your Heart,ae89b9764e95b3a9c876279dd108c857879cd141b4761f8932610c7e2bc972ee
6308,Legal Eagles,f7f1af80080ef0d760991fe90ff5f006f60261ff3ae927e0c01f9e00a1afa05f
6310,Memories of Me,c3b3f02e78548ff09e4d700d61bb87cf39e6dc366539c3c86e42b073d43d0186
6313,Sibling Rivalry,db50201100073aebfffa0faed95fb0f59501a81de395ea11fe285f855c565872
6314,Undercover Blues,ed1912dad36d5e17e0fcbd894e43612d9c70d481233f44f2d9e5fe46607c01b2
6315,Wildcats,bfa7c078915e341b1be0e23c9c8fc3a48a5b5a3ba5464d17b83a49e5b22cbcf0
6316,"Wiz, The",9d4a2dac2275e2d3df999864066d1d6a391262d85ee67fa7a3a122d37b1aa542
6319,"My Father the Hero (Mon père, ce héros.)",eeabcab4935d955b112d66a664a2c9982b588665b4cac932aab576ccb6e52b15
6320,Scenes from a Mall,b98cc433ce3333cc19b3ec33c6cc1b33d0e3e4cc9b3693a3666b849c299c6663
6322,Confidence,8b3555ea6a9feaa01557ce2c6ad8111bc6a5b97163af5648a1b4be4545aaa8b5
6323,Identity,e1b372739e5325b4872cda4cc8da4b46c3ee30cd94488f9239f3f04f76039b31
6324,It Runs in the Family,ce3213f3bdc969ceb33037b1c0df6e2815e1d8cf584323bc6e9c98630b607887
6327,"Decade Under the Influence, A",c2d993919b24c4e664c83f3bf93b39992c0ecc4e33311f13c9f32290974edce5
6329,Manic,da5bda4a100197fe65b6e891969e1af337c6ec1cc1a4cdb6bb113243745f80c5
6330,People I Know,91c9d1e56eb62e1a3f3897e2c2c9c86cd8269993bd053e05369a667c636785e2
6331,Spellbound,eefad85a7aab2fdfc529237e02c7d1c150ba2fca9721d124b10552ac7972d085
6332,"Lizzie McGuire Movie, The",acb68d875349727c15d09e0b6a2d61e19f82e93c70fe85d2cfa194e7d0ae8439
6333,X2: X-Men United,8baee7bdc50566c30ee29e721c319c063e28840e76bdc51c2f368f1aef456de0
6334,Blue Car,86aea3957ad5dc2ac90ec965856bc4fbc1b41fca0ec052b532936ec4de417719
6335,"Dancer Upstairs, The",a1364b455ecd19b296bba6c8492925572b57d649a68c5aa6209b4a6d9f778ed1
6336,Marooned in Iraq (Gomgashtei dar Aragh),87181866671bf9c04e2fc3f3385c3763c07a43ae5cb14ea6b37192dc7d626839
6337,Owning Mahowny,81c0c636bca019ca67ff2a3873ef3f06905d80f5574e771b2cb47b4a41aec4b4
6338,Daddy Day Care,eec1b40e853e7ba4912e497868b168833e4f96ac629d2d66f85627e3d267481f
6339,"Man on the Train (Homme du train, L')",8afffa01f58a0de6de1500aaaa55875afd22ea85a1cf9a21e09abd625a2965cb
6341,"Shape of Things, The",95729d51428b62a638e6788c6aac9ce36eb86b9387cc1cec4e6397189c5f6c3c
6342,"Trip, The",8e77b0c1e523983cd69df3e6d942cc997e8d7b06580127cf33ce92f2806601bd
6344,101 Reykjavik (101 Reykjavík),8fe10d20b804bf0f16ef60f5a11835c9d0cf6e176f37c1d878d53cd1c47a920f
6345,"Chorus Line, A",bbee600e1d30126b9ea1619ee1c29e1db9708c64fd986aaf94c1fd38e0477bc2
6347,Beat Street,c34d0b6d7cb034b27496030d3e418038db928367ee6dc7b98c397a9f311d5ee6
6348,Breakin' 2: Electric Boogaloo,fbbfd98085c0f05476289623c8542f61a709d1dcf11857aac06f78fb964b87e5
6349,Breakin',ebff75520edd43f9a5132e93c5a49365854e0cfacc923e25846569ecf858904a
6350,Laputa: Castle in the Sky (Tenkû no shiro Rapyuta),b051f02c4aff46df37282f123c2cc47f53df3ae09d922687688bd07b9870731c
6357,High Society,eeea3cbcb1d1d2c39f074cbd8568cb26f0206d04f40fa5db8f6537e09b113116
6358,Kiss Me Kate,bafb3404cb04e561f0c999e6b195277bd1e6997b9698cc013d90a7405eac33fc
6365,"Matrix Reloaded, The",b32c57244b7cc0d729d2e4d334d3852df524ad01ca744856a69bb4dd1785db3e
6367,Down with Love,be8be45b34237813857264f1e4ebb66432ec9a668c8dc6c9c44c7a6dbb6585c4
6368,Cinemania,e410a7313fe81a4c5a4fc5ee313fe9d9000366f364e1512fc0cc0edfd9ba531d
6370,"Spanish Apartment, The (L'auberge espagnole)",cfbaa5e496d4f251f94d1a26e8230eb9e3edabddd6d033aac325a02c581e408b
6371,Pokémon Heroes,b000a97d724e499595a8964f879feda8f778287c8016fba794f828158f8397cb
6373,Bruce Almighty,8fe8756a70122c050c7567d48ff9680bf8821caf05ff0f70bd407b00c65ee8ff
6374,"In-Laws, The",bfa1c2d23da6fc85c279851084cef3a5683920dea37ae7a8f8e2a050a11fa4ff
6375,Gigantic (A Tale of Two Johns),c442bbb32ab49598676f584c929cac86ed3a46635acadb22b4a6a54a425fdadd
6376,Respiro,b033bed0ee58b4179dbb4be8c167c1e99accd451bf9b2f826587c3234b4041c5
6377,Finding Nemo,9346cf854c91326a3d7e6c1da25b93a687a5c6c9d25639a22b686c7eac92336d
6378,"Italian Job, The",d8dd4ea22953a23c6ee3f0c633acd44f26486f5e6682b6f45e344b7a924936c8
6379,Wrong Turn,cc6934693313cf9767843be463f0c1b83c5e3e1fcc16b6193829c7e343a42eb4
6380,Capturing the Friedmans,808bb58a22d54b053e5cd02c3b6e753bcd1a0f0bd0e92f24d6bfa0df41b78ed1
6382,Together (Han ni Zai Yiki),a4e3654355b991805fb012a7f34a4a2b0a69ef5d2c5ccd5e0ee4117ec851b7be
6383,"2 Fast 2 Furious (Fast and the Furious 2, The)",eb8be98841b8d1bab94ad15fd9f723403857c3e583949c3dcaee70f04a518ac6
6385,Whale Rider,91059132e0b97cf0fcf3964093aed204cfaece0cc98f58f2e6414eb2b397337a
6386,Nevada Smith,8522bb7f52c1771a4eb581062fac946778124eb9f95243fcf34fc4b03b79a442
6387,Once a Thief (Zong heng si hai),95d3d33d639c69d64c66266bff34cd90704980e51f341713e0c1d0213c7cff9a
6390,Silk Stockings,ee1645c2b5de0a399573d9c23b08aa6bd0af343ccb60e113b2d3966ceb2439ea
6395,"Crazies, The (a.k.a. Code Name: Trixie)",ed126e4392cd9db6b4ed3c79e1a1c3f0c58c96c69233b1cf92cc2606c6b3cc19
6400,Murder on a Sunday Morning (Un coupable idéal),b79ecb0de0c42cf3937e9932cc128efc1f8efb60b04d9e0f8e1984f362115338
6402,Siam Sunset,b23ec6e7cf43b899d0ec4723a118b8ccc26783b83c922e1f1e6cb1e2c819ee97
6405,Treasure Island,9fffbf424016c8117670e60c611c03ff438769d0b7cd03fcca720fbbc3987f00
6407,"Walk, Don't Run",9d99db06c649e86b60262a9ac3f283f1345b878fff823dc83c98c453037f855e
6408,Animals are Beautiful People,e4b53d6609656c89c7cb4349638965d38d2a9e5d6e66873233cdf0ce09f23c64
6410,Car Wash,bbf51bc4bc45f41ac4bae43ac41ad219d7098d6bcbe078b838ee994679144eb1
6412,Destry Rides Again,fbaa6f81c738660cd003789b9cedb574cb7810fcb5059e018e51ce4497878fd3
6415,Intervista,befa54aec6e62d5d6c14daf4a9516ec596453b4090e1873ead11c1097aacd4ad
6417,Live Wire,8331d55059909315ee51adc21dac662c3deb47c6ae3cca612fc792b4c3adbd4a
6422,Shenandoah,d000b1370fbff4c930764bd24eec1bac3d08e291e2739c62bc8ecc9dc1f09b3e
6424,Oscar,be6f746dc16c1992bd93a41c6a6d81f148c3780f97386b6661e6970a399b89b1
6425,"6th Man, The (Sixth Man, The)",a3c9b7f70e95f200764ea00848f2699e7482cb1dd22500a3bd4d7dc7a5bee5ec
6427,"Railway Children, The",bb8e6a49c4311fb69b9be151646e907d3a353833f81a6a2e7e2d16a14bc00fd6
6428,Two Mules for Sister Sara,eefb955f99456babb5184813ca86e3c5947bac74d184ce08c06698d7d3b0d5a2
6429,Winchester '73,ffaa5ba480573490b7809f0c9c3dd06bf092d8d0b1d0f179e76447a78637cc9c
6433,"Man with the Movie Camera, The (Chelovek s kino-apparatom)",8f467b098b4e4fb41a6403f09e36a6f478b7c39c922d8f06cd8d2b85d2cb72d2
6434,"Objective, Burma!",9e0cd06466035df2a9f94c936593727c36c96c481775693f5813793e6cf447a8
6436,This Boy's Life,cd3392546d335b6df4b74d7910f4596b2e92d1650a9a082dd31a2ab652cbaf94
6440,Barton Fink,9971f92d4324448f2dc8abd3e3f2841b0e572e3fb530141b78b9f19d3788d5a4
6442,Belle époque,b9a34b1f864ca4e2c35d3fb8599ec9e326e0c647d19931f9c36e1f883910ce43
6448,"Flight of the Phoenix, The",8e17059a06e8ada7d3785ae1b24c807c49871f68f6cb5c5538e8f60f1ae4b6d6
6449,From the Terrace,8df56bae62089455b464c93131b2f4938cd13d4de18ec7b2f70543cf3ec66d22
6452,"Long, Hot Summer, The",ecd11ef43bbee941d223660e84462c45919651bbca2b6661a5d072f3919fe59b
6453,Man of Aran,cab4c0aa92fd1758b5629db5590245acdfa7792265ac6ea376bc6377122a20d5
6454,Music Box,9be6460247d9f9a781025e58f94583af0fb0784ad1fb27302c5ed1e973134de6
6460,"Trial, The (Procès, Le)",fc194fc0890591fedf71f8031e4fe1b7807d3503662feb70a702fc8459d6846c
6461,"Unforgiven, The",b416b4763861602d608e4f9b0ffa8fc41fc8da637223d4f262ee8763977438cc
6464,Good Burger,e31162f4499473cd9e716927c99286f45c1999ef1d12b19b8c6db5b72b32c388
6465,Jubilee,eab63b42d059c6b8b507c8a7954c275ae4ccb3357a29c5c8c7b29c160efe8653
6466,Mississippi Masala,a5b5e52dae08d3dc927b2662975471db1b25e8c0c6ab4a82af04bd1187fbf071
6476,Shattered,94ca968e62b54ab78f73a5516c81cca9992b39796971624af24a48decbb5338d
6477,"Song of Bernadette, The",eeff6ee7b1243f3e9118b839b141b119b111999fb0c5d5ceb184b11ec11cb644
6480,Thoroughly Modern Millie,8e8e34453bb6b33181514ef1fc1103a384674e6376633c7706f37c3ece4c21cf
6482,Dumb and Dumberer: When Harry Met Lloyd,eea566a5911b391a1b9b95d32f727b6635047016444b27cd6f494979c1397ab1
6483,From Justin to Kelly,e3b431bc4477d40a07f3965326e31c8099bccb3cd3cee58eb938d0739a92a1f4
6484,Hollywood Homicide,d324d322acd3bcdb3a2dc6162e1342eb91e531acd23c1e314e070fa75b2f4bcc
6493,Alex and Emma,c78190af385a6d7b73a0b0b986c71b667918ac9b1a6f6964659336c3226f5f12
6502,28 Days Later,cb2519a024d2c6cd9b39193404ecc69e66daee59b967b9e48e4ccf3330b392cd
6503,Charlie's Angels: Full Throttle,965b8164c88527cc3d5bca28579f374409ad7edb292aa217f366cadd256231dc
6506,Fulltime Killer (Chuen jik sat sau),bb239793e702796907f2f06418cbc1ec3490b718997ce61f24d3db664d9d6701
6509,Ali: Fear Eats the Soul (Angst essen Seele auf),929fde1d4f682b66b047f0d7d19aa5188e1c0edcc3f5db29bc6aa442cb900cb3
6510,"Bodies, Rest & Motion",efd1c3f790ce963cc17879c3c43e1f1cb5ab84c1850e9523e47378ccd10c6873
6514,Ring of Terror,bffb9ce094fb3a579d356f011a4ce41af120c0dbf58069e8e0759ecce930902e
6515,You Only Live Once,ebea337ce0154c2d2dc091eb9a569e72b40d6bc9d2426c159cae35bb8f419c96
6516,Anastasia,9fa3c4e2b958bafd44dea9019ae1cecfe5359500a35042cbb929d6a6c34ed835
6517,"Babe, The",ec1a473551e581ca84953e2acb121e94db68edd53d32db42e695ec0ef94fc119
6523,Mr. Baseball,b114b13b67e20d64c88b6cccdb8fc399c7dc16a20c775988e1c6c276acd84ee7
6527,Scaramouche,dc46513f7f302bc562ff4cab190e943828c72b5c32316d267e861b716ccd32d3
6528,Start the Revolution Without Me,eba9d38e85642c4cc6c025799e9a79838b1c81f59c27d60efc75d61a05ab4f3c
6530,"Tenant, The (Locataire, Le)",93935af26ccae0cc29a33db3c0b9c12c5164f26cc07f84db32db7e72cc76491c
6533,"What's Up, Doc?",fcaf588acac487798370fd64931bb83bb43593c7f048570ec620f472d0caf368
6534,Hulk,c860806b9fe21fe001ffdf9edc07dcbc3e68b03d23fd47e00e013e3dc1f0f060
6535,"Legally Blonde 2: Red, White & Blonde",b8da4fb196644cdbe246b12543cb6866c331b3664c336293fbcf11ee4c916e26
6536,Sinbad: Legend of the Seven Seas,c4306e332b478979e439db859c43e7222fbe4a5fcf2087811c5b7876259fcc19
6537,Terminator 3: Rise of the Machines,e0073c171e7803fa95af5a865aa09de8a54f84153ff8ca1a792fa08eaa56bc76
6538,Swimming Pool,867851f60fbb68413f9f9628e9d70cbcf0c409f3f32858678f3e5280cddc308b
6539,Pirates of the Caribbean: The Curse of the Black Pearl,92426c524ab9933d61377b4c364ae4c835d11a954d3b68aadc6c3b4dca9bed72
6541,"League of Extraordinary Gentlemen, The (a.k.a. LXG)",e145a07c6cd08b92038f333c5a6dd84dcfdb2da21ca533f8735c973326916c97
6542,"Cuckoo, The (Kukushka)",8dfab9769106d72b167d365533889388bcd6d4f246b2471065d265cbe986586e
6545,I Capture the Castle,d4636aabcbd5c5d4eaa43475146a2d0bedcda5e9d06a2a6a2546954e3f4aca49
6547,Northfork,c13aefe496c53294483ac10b6fc5d40b3afa14dbcdc5edc9943a3ef4348d6914
6548,Bad Boys II,ecab23f813327c0ba5cc78cf9c1381945b0c994c69f0c7933c3b3f5fc3aa44a9
6549,How to Deal,b24b13ef5eecea302993d476e5b42598c70aa30faf8755c334291cb558fae811
6550,Johnny English,8e0ad8e809c9871cb47093fb6f1f9f8e23f1911ee743c3bc6007f3806bef9013
6551,"Anarchist Cookbook, The",80c6198c097d95aa7ea7cb541cab6197938a60fcabdc3f43c87a37240f07d5b5
6552,Dirty Pretty Things,cc794e7c331831c339e7b3466ee4cc594b8c3338ca7326e3c6631b8cb1986ae9
6553,"Embalmer, The (Imbalsamatore, L')",8de5614a7212bcb50cecd34a3b354aedfcc633324969f6873bd5c14a76a41135
6554,Garage Days,e82ccf2c47a1962c37e670d68c1ecfd16c44b45427d2a916e92d2e61ec914dfb
6557,Born to Be Wild,ea19c9e0857838bd9ea533413875e5da4d8ace9998379c17b1b0b5e2d607d615
6558,Curly Sue,be24e1ea46799f0661ac66939dc3198d9830cbe3618f8d9c6af9bc6118e6e49c
6559,Little Giants,bdc4e42edb3c1fb285f0c0de97c21328ed057d2b2fd9f084c3668438e2d6954e
6560,Loose Cannons,91444cab325d7fa1f49a52edab544db36a35bb0491e88c5bc1a74ba4165a78b7
6561,"Mouse That Roared, The",c540b87dc991fb421c7f45a232919f49d13ecc932fc98f2db052cc1e5cad1e63
6563,Masked & Anonymous,9c6cbba48ba3ce46668f91014e65c0dce2dce67295a35d89ce78725b709885bd
6564,Lara Croft Tomb Raider: The Cradle of Life,db991b39ac7238e651cdeb4c26566631ee6994ec30cdf30ed3bc2c118c73c0a6
6565,Seabiscuit,fbfba141855d0fdfde04d8a4d8245e5ad41265ef81c161cac920c1e1daf9bc3a
6566,Spy Kids 3-D: Game Over,c349c72e0c34993033b0beb519fab387e48d264b0f2d972f72cbc8ed0e2ca6d4
6567,Buffalo Soldiers,9051b55e17ae4a1f6c7ec0a2c99e2c9ede86694e32d8e631c68f334c63651e4b
6568,Camp,b2fc5ee1d111a11c8df7b33ee44ce912cdcc09ed613bf00b33310ccd729c762c
6571,"Mondays in the Sun (Lunes al sol, Los)",d572a89dfec685636bb8903736cd6cc80f33330de1f2c8dc1c0ce1671a76d429
6572,Scorched,feea13aba115e795c40e9ad8c11f067f3ae2f1872ffb7a2e90463872d0429055
6573,Avanti!,aa1564171cfe35ca4ab11f5162d415eaad6d9e8193774bcc7c924d49c9a2c2f5
6574,Eve of Destruction,ee75c7620f99bd1cf0f0d0cecf0781d771e34e89de46f831786079e0c03807e4
6577,Kickboxer 2: The Road Back,c441ec6723fe30b87aaada4193c527ae851c5bf87878b1556fde8e10bc043eac
6578,"Kiss Me, Stupid",940294088f9f51630aec4d3aeef447bd3ba1d1e6e1496cc8d0cc3eb5e713ee23
6579,"One, Two, Three",c0a62eb7ae674041a44a30df9e1448bce7badf6a0d7925431351bd7f6869be0a
6581,"Private Life of Sherlock Holmes, The",8738b9c75a944e1989cbd61939b5c9e6c261370d2477e4b6221834e3c71ef877
6582,Remo Williams: The Adventure Begins,d091b701a441a444c364cc7839de49bf38be18fe7f27959f5e81f30987c9e760
6583,"Blood of Heroes, The (Salute of the Jugger, The)",c4548ddf951a33a57a03c2e06bee391c3591bd1a58f3d87c12e4d6183fa7c6e0
6584,"What's Up, Tiger Lily?",abd695a9d4b10e1f854f6377b73892c2d8a12daccac76439663fd20713f0e1c0
6586,American Wedding (American Pie 3),ff47b4b2e3b08b2021a6e067fb672d007119d23bcde7b1e6b0a699bc69a62192
6587,Gigli,eec69946e7026e252dc66a11925ab55a912dc2b591dec15ac2a984bd9f774a5b
6588,And Now... Ladies and Gentlemen...,b132f8715edcc6944d05c9cb66e9b636340619cd72fbfc30390fa463a4f0479c
6591,"Magdalene Sisters, The",99999999333b9999666726664ccc666ec44684410cba733bd99199993fba4afc
6592,"Secret Lives of Dentists, The",edae36efd241e215a314193e9cba4da8e7213a4482e748cf8c9ec4b33e39c9ac
6593,Freaky Friday,f9579098c7c2360778db6b2db0b0e3d1c687bb1ae4ec6f423c3e43b0832b1ad1
6595,S.W.A.T.,fbbbf35383d1a397e91f4fe52c5f740ad700272ac6245a64db2009a7bd111c68
6596,"Divorce, Le",d5a6f9bc4e523233aee91a201ef8b156c119050eee99ede6c51961cc95dd0ce6
6597,"Princess Blade, The (Shura Yukihime)",bbbbf1111adb1aed65a6a536d359b60ddc4cf442e924c5949443e1e12585ccdc
6598,Step Into Liquid,a1309dcec671c9c4d93eca216cc7643b300016bf3ac8eb431df4e5761dae1eb5
6603,"Double Life, A",8eaf3288b5dcacc5f0619936cd92ccc1c767ed18e28bc36edc64f03682db5078
6604,Hawks and Sparrows (Uccellacci e Uccellini),eccd6cd49933912be6aa336c96d4324cc64a49b9999b9b323b27da241ad8ad59
6609,"Gospel According to St. Matthew, The (Vangelo secondo Matteo, Il)",eafec751bf01398cb00fcc669e717c78c011733987c49dcec1c487e09431dcf3
6611,Umberto D.,b3eab222e4e7f4c4d20b5b2b4f3a86929361f161dd8cd43b6e3acc182e1b9ac8
6612,Brother's Keeper,b909e63343d81d86cc66e3b818e6c61719f9e1ccb1c31e39f61e61e39c61c15e
6614,I Love You to Death,e666aab91d26ba59d99915d4ca391746a23d5d268f9b49a10fd4db093546f039
6615,Freddy vs. Jason,90cd6679e346198fecb092b6cb52c6c92d3ca5b5d2f0cb96d34bb56914b01b46
6616,Grind,fc38a14683c37ab99c540fcbe1a49d331c69f25827b3858678724f1be44d5f98
6617,Open Range,a9ded1085b190cdd6ea67143246d1e66352661d9e6cc1d2ed8f6d8d15b9c88e6
6618,Shaolin Soccer (Siu lam juk kau),b1c3e3474e36161192519ed49b96733533d866d833e161e164f998dc91bce5ac
6619,Uptown Girls,af04c5673258a03b7a81c918dda2cf083e073bfcc4bc7fc96ec0468b81ecbbb6
6620,American Splendor,bfc4e6319b411c86e7193b6ea52970cc85b71b4ba72c6d9884f1332596926d5e
6624,Agent Cody Banks,a0c1457d4f3c18c06cdfe25217682f1d78549de7728b1e70718cc0cbaf2db63b
6625,Camp Nowhere,abc1007ad7b77d9da06a6f459a9c617294f60a8d7d01d9fc20229ed125bef858
6628,Hot Dog... The Movie,a5fa1a54e94744b3ba552c89d3a2eb7a14e9d99ac96a6185ee5a1cc78a05333b
6629,House of Wax,c3af3389c232e263a74c9e70ec67366d995c8c92b318e1879db2cc1ea1b669c3
6631,Man's Best Friend,9d7dc33662c89d8015316a7e726fcdbc2b98664b4ce98a6473264d8b8cd938d6
6636,"Sure Thing, The",fd7234a5eec3d35a94ac4d473b45d89440ee3738c9157abc063281d389c2db76
6638,Valley Girl,e466d4dbdb4d0d26c0da3b258592c2c99b23c3b484b1c6c391b26b38d5b59b7e
6639,Wait Until Dark,8fff2f99f252d87e9c25c3b621d6bc609ef8e9ca9401d68160dfa4500e11c2ee
6643,Tokyo Story (Tôkyô monogatari),beff198a26f7e250d41236ed9b0b95b5c5850e76995236cbc82ca665a5445ab1
6644,"Green Ray, The (Rayon vert, Le)",fbeb1bc29412bc4972edcf066f3ef270c06c809bb01ba53ecf1d9da006736283
6645,THX 1138,eaab4abbcd32f844d4e9264381b6dbc43b4395ae2fd46e41b4493615f694f20c
6650,Kind Hearts and Coronets,8ffb0ffaf0007f04c5c1f009160687e1f8efcdffc37c803686546347c4c70fc1
6654,Atragon (Kaitei Gunkan),eaef644f371b9903944442fe93750eff855737698c54b9bca1052f5091017b33
6656,Attack of the Puppet People,ccbb4705fbba9430ce4a266c2fadf2d2434df03b3b134701e12a1f97f46028fc
6658,10,bafb94bfc1e4e964d15b1ebbb44316879c066f14c51c6be1e15269d49278b112
6659,Tremors,9484e2f3a866ad24db2be2dc70d33cb31d344f0b4bcdc9c068e3847c271bb787
6660,"Red Shoes, The",b7abf808e850fa34a6c187839b649870cd98e39cb6cee12fc3251b63cca74e5c
6662,"Pink Panther, The",adef3dcfd203c0d0c4696da57f20923096b264977817e619c49f0af794619f68
6663,"Pink Panther Strikes Again, The",9431718883461467633eafc4c23d18b063d18c6bdb976e69719c9f5456abcf2b
6664,Commando,a1559431464ae3c45da39ad952da0f2707963cd82b6972b62f585ee972e6c3a6
6665,Dracula,99d99959db5a369b6652269eb69b70aad4a6ce516e746c6526698e6485352358
6666,"Discreet Charm of the Bourgeoisie, The (Charme discret de la bourgeoisie, Le)",e419366cd9668d999a6c65a63193660d86ce932dce334cf23b29c65333cf7318
6667,Waco: The Rules of Engagement,d44c014d0dd9f66b62aa2f9a3bb362242db51db692b4e014d99a96f2eb4dc16d
6668,"Road Home, The (Wo de fu qin mu qin)",b6de3eccae48dc214923898738277a26d33c913d499c01dcf7f866f2276343e2
6669,Ikiru,ea6d303736a4ca27cd8837ef83525be864d32b589b576788ec93493673249626
6670,Comic Book Villains,8ab9bafdfd65b5a5abaea910805044fed5dbd04e862ec9c83b54c603d4257233
6671,"Angel at My Table, An",caaac500255f3b5ff33424e74fd91a5a96736da4c125e253c4d6d30dd26990d6
6678,"Handmaid's Tale, The",8fcff84c03ef70e0f0417e82f804261fff8087d583fe8df4e03083bef410f01f
6679,Revolution OS,af14a40470fb5873ed34d7ccdeca1aaa003931777f447dc4048803ba13ff7e65
6684,Death in Venice (Morte a Venezia),eaab6b08a75c94577cb166abd6468654b497258ac9685a65daf791921d68d94c
6686,"Medallion, The",aeb82fe8d3c722f404f8ccbb7a1b270fd6077e05690332d2b190c738cec865bc
6687,My Boss's Daughter,b1df6baf860cd658da72992d4d67a392b294e645c709f85199e40fa058b3709e
6688,Autumn Spring (Babí léto),f09958acab62a746c6d4da8d6a2c6d33add61183d62570c9992e8f76e791f181
6689,"Battle of Shaker Heights, The",f01fabd06ac4942ea1fb8e13d4b033ed9b65a6861c72c382ac196c6d65a7d85b
6691,Dust,92ff5a965f84a6382069a861f9b495bed5cbc75bc25e1294b1a5c96b071b1790
6692,Stoked: The Rise and Fall of Gator,f659317744d351903b063f0c6b83a4f1e6b862cfc94e1eb8393016a6c76f6276
6695,Jeepers Creepers 2,ed49123413326ccc6ab42cfbaf6bf329d295dc969ccaad992205233619f83cbc
6696,Bollywood/Hollywood,9178b6241ec596ca3c92099163b8a07e642a5ab0cbf6ae3fb45567cb5b27c336
6699,Once Upon a Time in the Midlands,b673844c498272f4320da9636efc5489d763acf4329d4b6b64f3b29749ca45e8
6702,Dickie Roberts: Former Child Star,fae9e05d85a58337c9c23f4262b49ea5c02e8953b6954fe0532b7a2dbc7d1306
6705,Party Monster,f09f20994b6e4ff43f20cd7b2f43c6017287f3adc01cb0f63430bf1389422ebe
6706,Taking Sides,d011700232444cdbcdff117f327d9f30cea01f6436e6cd4ded03cf0c31f2d6e8
6707,Cabin Fever,c67effd19da391a2e10cd07b7390c4ca0a6d386dc5ea79c8c6622eb50b1e9668
6708,Matchstick Men,8246eba9b9d8f606612b9844c2b89a92e2edc76f5f8192da2fb52549712ce57a
6709,Once Upon a Time in Mexico,bebed0be4aac6a4017e39a43d9522946fa54da7b5a2dc506ad2c982d95699d19
6710,Dummy,c0318c310f7ee12637664c7e1dd07e39cec57bc066cc0f0c0f7e603fe1833cf8
6711,Lost in Translation,d09c68682e63d6b7f3e30e5b98adf28c665add2da6122a73d1a737190e01dc86
6713,Millennium Actress (Sennen joyû),e5981d4d4aa53b4385904f1874eec3439c7e49b0b161f683217ffddcbd20a36c
6715,Children of the Night,9dd59cf5eab572aa36aaa54a9b5ad254e445196b9c9a2ca569ade4906c92d069
6718,Gotcha!,bbee1886e0906778b76d96fbc4916cdfd3646338d490c4c087015b6acd4167f9
6720,Kuffs,c1cef03b3d1d5adc2fe0d1b38727c446399633310ef08f825a8c998ce2fba46b
6721,Once Upon a Time in China (Wong Fei Hung),d6761cccb3227dcc0333c2636328af337dcc73316c8c3731a770a3389326db99
6722,Once Upon a Time in China II (Wong Fei-hung Ji Yi: Naam yi dong ji keung),c041c64c3dbe99b229bba58176801b5fa16c64ac9ed51f02cb2be8a7b8d6d1f9
6723,Once Upon a Time in China III (Wong Fei-hung tsi sam: Siwong tsangba),e7ecb223479c7801f73982c72d38e88d97b36a5bf02b82f07b12646c47c0fe0e
6724,Paper Moon,957725337a88d2862d332b51d1ca342a9e25d2a5787a5b5e86c03d792b4f67a5
6731,Day of the Dead,c6aa9f1f29766af0e603254f91f890e8f81485ea8dc76a15e73885baa47ce4b8
6732,"Hello, Dolly!",dab37498ab4f166386dda36ca3f3c8f498688d429c312f2d4512b95dad0f3a0b
6734,Memoirs of an Invisible Man,c420853e7b533af56cbded0e395292d8c5e986b3d6972525c958c25a96d3f182
6744,Once Bitten,eeeef01187d11eeeb904ce648555339bd00199d7a471e51cd68590ee935e7c51
6746,Squirm,ffee1be91171b0579b59ad40e5234e2b9e4895ca680ee0e5e6c54eadf023d10c
6748,"Brood, The",fbeb6fbac514b0461cbc9818b045ede0cfc6b341679b8d9eb416b44b98e89063
6750,Anything Else,fce81f0a8767e8ed422fe4a7899842c395f094e5622b971a97c543b0a46e7717
6751,Cold Creek Manor,d2f7767c0d081081f2e0eb066c1f83e967f01afec2432924dcb4f6399970e75b
6752,"Fighting Temptations, The",efb49a548482cf2b3b9e1e74f035058fac873cb9cd68cb24134fb07c325b4798
6753,Secondhand Lions,d9ee95892e776f9a5298d0661d8de8232ff425980e3a5246cc99e37e758439d0
6754,Underworld,c4da16ce3b203931e08fb63eccf2c1c93f2dce3338c7711c1330e2e19fcec919
6755,Bubba Ho-tep,8eff638b3e25628681d1e48eb616bc43817bd981d49c9749f044967c9574cd73
6760,In This World,bf88c0ff4c62729d33860c7366f82743586e8590cf4f30e6c99a8a1d746ee393
6763,Duplex,f97285119e75784ba1ea5217c33cade274cbaaf76d1a8da832154362f84a0d9d
6764,"Rundown, The",9944a5c8461548790cce0d8e11b3f2eb366de3754cc638627bea91a83bbdf297
6765,Under the Tuscan Sun,c84fbae19f3ee5dc350320a319dfde20cc043f1da3220bbe43c01f471df73e24
6768,Luther,fef8e0c9410acf3c1b27bc2630eed8d46bcc5982939f9399679a81986c352e6a
6769,Mambo Italiano,e7cec44af909bba7a39626943cbeb109084d476cc473f90c3f223fe1b65822d6
6770,My Life Without Me,9c340fab21c3f01e9735c920685b94e437bd6b12da5290ef0ded6f9af6403669
6772,To Be and to Have (Être et avoir),a17dfebec3b2885d1fe3e1f1b01cc7c25a914a7caca071a14e1f92828d7d9829
6773,"Triplets of Belleville, The (Les triplettes de Belleville)",bfa48b48867bd4ff6b627ba4d009e957569bfe002c56d928d02de61b8f00d0bc
6774,Videodrome,90aff4ba6fc04b41b13eb92f8cd1c2b63b4d8a43e3346d2cec133291f0ec9b52
6775,Life and Debt,cdb7b264324b4cdb64ccadb29987724948cdf1b60da7734c44fb9182a63bc8d4
6776,Lagaan: Once Upon a Time in India,90f31439ee0c67c4c3ccfa4f78717d302d9a2497d36c936c39c330d95e1b2cc3
6777,Judgment at Nuremberg,c517dc2833ec8357dc3b7e887f40136603bf14397e477f8058b803ff866cd920
6780,"Brief History of Time, A",b0c35cfe8b3d4cb370d2cd01832c8a7611eec1b265998565df1873aa64c7a377
6782,Leningrad Cowboys Go America,b344849a4b0db1e2cc933f6db083cddd352ae8451f8b727c9d8f6e3273280ed2
6783,"Rules of the Game, The (La règle du jeu)",d21165919b6d1c06e6f87321cfbc14fcdab239ee7c2668697380e3a47d49c3c2
6785,Seven Brides for Seven Brothers,ba3d7a12c0c415e7957ae098c2670f73ed882d153379f3028dcb98dff0dc2c98
6786,Kiss of the Spider Woman,fbffc7ffad943cec9861b8328750e300e90ca81eb906ba47e621cd3990791269
6787,All the President's Men,84317a234845a5ba387c0bc535fb99fe8b37b0783cd565394a6233cca6a78f91
6788,Angie,dfc95c3e3da8e850256edf812097e5c95ab66a5ed3b20075eb5ad083289d9962
6789,"Apartment, The (Appartement, L')",864c97c45382f1cf6b880da9ca2c4e146fd12d5bedaacda86b24db447d6207bb
6790,Avalon,8de588339ef0cca9e51f24962985df660132df670267d3d83c1b149c5bda58ce
6791,Babette's Feast (Babettes gæstebud),e66dacfb2958b631f6654dca699be3359466184c0cdbc9a3c9a6ca66d6441946
6793,Beethoven,fea94999a1d7b642d668857680d7321bc7097df4da33e80e788d7259657680a6
6794,Beethoven's 2nd,c767b35b349cfa1003200dfd7ecb62e2e05017b40f22cb7b9c95e489768ecacd
6796,Boyz N the Hood,ce22807fb147cdaecc5c32633e730e587b830b8b3e6c376685dbc4028a057c7f
6797,Bugsy,c729cb1938dc3c9e66e36365372986bc6e52932c49bc68d5b2e22d31c4ad3e1a
6798,Bugsy Malone,babe939e8fc16471e073e5a38784db8c910c3a71b47374ca8d84c73dc11d21ed
6800,Cobra,fbbad10042ec664aec8999b3a453666bb5939899b98d266eb2641b34eccc7a74
6803,Phenomena (a.k.a. Creepers),9740608a3abe9ff5e540da221bbf67d4c440d8233bbf27b4667a924f49a66d90
6804,Crimewave,9d9499bb0540ec9d4e9b57446b6eb9df3eab8624375d40a893fa718884952f19
6807,Monty Python's The Meaning of Life,9a23b2d91426d9255bf3433941d6bca8621f5a43fd991b6d3c380ad6cbc3cd38
6808,Where Eagles Dare,efbbf3af019f8156bab45ca0f4605d5a8d5e8b5d4e0c6e6e51c29558671048b1
6809,Tightrope,d853064425e591913c96db4fe37ce7b84ec61a621a3b609e63e6e4e10e437ecb
6810,Sleeping with the Enemy,852a4d08b2dd7a577ad4b1e945af8d279d626dd932e932655a16933660f8c199
6811,PCU,f8d6a4ad472df1d224f08e3986c3528fb834d14c678965d01be63629969b5e9b
6812,"Rookie, The",beae1266b9876919c8316e75d694d8c6e914979a90706bd2b5c6ce6cc36127e4
6814,City Heat,9252c30d6d2534dab3f969a5071a2cec64a53952d84bc9390d163e3e7be949cf
6816,Three O'Clock High,b555ac551ae0d8b63e177e6c49c6759f16671ce41bd0221b69e83db844a9b664
6817,"White Hunter, Black Heart",c6711b8e38deee3103f106c6783b3cd14e64a1f35f0cbcd7c7e6c1198cc1430f
6818,Come and See (Idi i smotri),a0e2c3495e1c94b1296a781e71b02fedd2878ec6ad3d48f0afd2d4bc23ca790f
6820,Ginger Snaps,c1c1d807660007fe0e1f87fbea45f863e7406f8f3e18687c900fb078d18f27e7
6821,More American Graffiti,baee3be4c0a7c08fc4ee97183e588748c96a4b324b323a9b66d9c2b93bb125f0
6827,It's Pat,eecf4e18bc12b46fe143617f92e9b49a0fbb9368f35543a4934986d04e9ac614
6832,Regarding Henry,a92e52d46c33d96b3654a46bd9a826c9c9b41a2de8d73520d7efa015de926969
6835,Alien Contamination,9fff60bfa4549e5cb9d1a3d0cb47e1d1969f9a3ca991c68392604ca39494722a
6836,"Amazing Transparent Man, The",db2c0cf3634c7336e4cff64c1a63c90cc492f13a3991b90710fd9f0e4cd2e687
6837,Love Affair,e91242bd97ffeb1160c14f97c05f68526f24f4114a606b6f2cbbb2df9a06cc28
6849,Scrooge,ffae2eeb9cd3a114a05616dbd3b1c5a484c993d90b76cf6487192731d24c5a0d
6850,Leap of Faith,c180e0c01e7f3f3ff3089e380efccd87724037701b3fc11ec59e3fe3f0636016
6851,"Gas, Food, Lodging",83cfb9f11c4673069f18e533e11bd0c2431c48794c9fe0fce7c8b4618efd1c3c
6852,In Cold Blood,c00dac3f133a5b90c6dda06f3d12c9b8627a997d9f8146c4c266e856af8c3be3
6853,Campus Man,b933387be6cc258df17162e1e5133c88ec8def841b6384276a94a3153d8ecba9
6856,Yankee Doodle Dandy,ca0adddfd7550203b548efa0d1bfa046a6d2047772efe4a00ca618dfb471bad4
6857,Ninja Scroll (Jûbei ninpûchô),f04478d867826f2581fd42db1e6efcd97839d3322e64358504fae9aa3b8ca44b
6858,Knife in the Water (Nóz w wodzie),f005957a9e3849d8c1ea3e0116273b2769ee6e98c4fa7b4747e6868d163a3993
6860,Mobsters,90f86eee6f11d992bce496443b36e9198c071ae6c1d93b86c26ac1733fa6c4cc
6862,Out of Time,b53eb4f65ac96b89c13e89761b563298f6a9b42b3c274bc46b447a186c3187c3
6863,School of Rock,ee3bf51f83ce29a091f0be0fd608cc70c0e03a4030dc4f8b49b77713bc7ea3cc
6867,"Station Agent, The",a020d69edbd1c0aabf6c39f1c7ce2d11387e250171cbabd4cb2732ea2a15c1be
6868,Wonderland,d1c63bcabe09e06319f29d106eebd644931423cac5866e3f3e2733f5403d9a36
6869,Bus 174 (Ônibus 174),e30880c29d1d95c11d629529618f762559972e5662af6c9b3e5719372ed33a6f
6870,Mystic River,a9e65c9a1619f165616187189e966891dc999de62ce66319731e63e637199c9b
6872,"House of the Dead, The",9963dc44e4cce6213113319236e88c5e6eee32f96e7a09f11b3c19fe8a6634ce
6873,Intolerable Cruelty,e8f158d5f067ad6e054eb489179a273ae1b449f46e20d628d693675fcb0c4bb0
6874,Kill Bill: Vol. 1,daaa1bb5da84c804c2445e8ec28be64ce0ce3b7a1af30ef10df83172370e3e7f
6879,Runaway Jury,ca33ea3381d035c4778c971c02af84ea45ebcfbf8737a205a5b06efbb4d830a8
6880,"Texas Chainsaw Massacre, The",869ac4df79a51a31d6d966d24f341b5831cae566cd26398d33a54325c6d56cd2
6881,Pieces of April,840038c5276e85be58b96c44d3bb0cf4338c1f49a4f741ff7a724ecb6a9dca38
6882,Returner (Ritaanaa),caeeb99335564a29d832c4903a4475aac2ea3d6f31b54f121f2d62da24335df6
6883,Sylvia,d6eaa4b66ad52295f452e95a35560d290af23aad8c559115b435cd4bcb942bf5
6884,Veronica Guerin,8eeea56faf323b97b3907d957b716a00d965e22ae02bc565e6c5c8a06b045b84
6885,In the Cut,b709a60024f358f9587e58be659e870d824386418071dfb6bd82b4af3e6c7ed9
6886,Beyond Borders,f81d3899618bc71896e41ae51a614f786d2e352779a754b6c67247620b4769cf
6887,Radio,9109d08b50a69f41bdd42c3e3f68d2a9922e9f099789113eec7eb1d3f3966661
6888,Scary Movie 3,905a8a9505ced898cb692d233a3744de789db1ef4e27f5183af162dc258b9363
6889,Brother Bear,97c5de79f4db843cfbf1b4d1bc08207a343cc7438f532a9e18ac65428643d6e1
6890,Elephant,fb5393ca56286fb721559d202ea062856cd6195b5f89c7ec91b38edb230e093b
6893,"Italian Job, The",eeaba91de0ed6d1ac3d236ac905d60da9f041e49e87a4a6bc1ac63e18b5a6966
6898,Sweet Sixteen,c055e0ca2cc49e297910e63cc7571beb0876768337e0533c3d971363c07dfc9e
6899,Alien from L.A.,81b1c61c7d1e98eb24535e8229fc4b4ee7788194eb549cabea07bc3c51ef2e11
6902,Interstate 60,d34b90ac2ddc962f38586decc7031da92944a6a7bf59f0942677ce01dcb498b6
6909,"Eye, The (Gin gwai) (Jian gui)",c212fb59296fc420fce596db12929b6c6d33c490266d9b329b565cfd16922f4c
6911,"Jolson Story, The",ceffc2e26135b41cb6075b81ad51619a90a92957d39898c9acd553b49c6e6ed1
6912,You'll Never Get Rich,afe8856dd42fda10d0d8ce8fc60fcb29ccf468c390e165a6963c367e8f207e12
6918,"Unvanquished, The (Aparajito)",c7c7c646c4073bb9c64470833a3fc7c631e17c1ec76339c8ce3642e3c4dc3e32
6920,"Cercle Rouge, Le (Red Circle, The)",bfab9411427e5a3eb10767e9646badca8d99e4c976606e74c1a6bc4c3e449096
6927,"Human Stain, The",8a4e9b5270928cda95397520ac69d70973eb94da730e59a6d4f1e3652cea3c33
6932,Shattered Glass,d142f0483adae9b41a8db2ad7c2b166fe92f8693b4b3cda26478fe5e46f02248
6934,"Matrix Revolutions, The",b3675b36c9702d85e49f64d993c1d93e3c01c0f2780e62ca3c297ba45b1e7aaa
6935,"Revolution Will Not Be Televised, The (a.k.a. Chavez: Inside the Coup)",ef36caa210d9355cbe60c2afe9ff3d709404748e03e08b75ec73f58870a70e31
6936,Elf,ab49f4b79d324bd9e20d3de04c87c24b92763f2c41e3fa939dd2a70d98616486
6938,Billabong Odyssey,8e2a96aad18a5e8866103d553454b3c4fb95ef74cd72cdeac42ad388b44d9771
6939,Gloomy Sunday (Ein Lied von Liebe und Tod),d53b56332b4aabcc2dc4fca414b3d29a1a5b4b49ade545a4bf86641c3a79c06b
6942,Love Actually,d2ba372dd1024ab3a955ac06468c86edecd2e9117861797217b217fe897f650b
6944,Father of the Bride,9aa1ec4a3456e15a93a57c899e3e8e1f619cd1a9e8d39131c6392a8e939f62e3
6945,My Architect: A Son's Journey,cb0c947734fe4b084bbbb6fe4af3422d050ed052caed9513aa5a44ecb1b16ad6
6946,Looney Tunes: Back in Action,bf26607b2f80cf0130bea2650fdfed9ef040722484551c4a9732f7cce02fd277
6947,Master and Commander: The Far Side of the World,cc6cce8c0e9df363b13230b336773e66cc33946bae44cc9c174fa4c4f9903329
6948,Tupac: Resurrection,ca029a1636f5b567204bc4dae6df22bc68a4e9236359035f19e7eca0f61b949e
6949,"Big Empty, The",e9d0460d176b6bc25c95c5f87ac80bbf4bf244ed383ff203f86cb010b61dbc24
6950,"Missing, The",d38d16b62c6b484966b639cd0ec67643eb84c49eb069919be471d87d67870f0d
6951,"Cat in the Hat, The",804bd17f6b9f8b4b53ee20841e741fd8259635a83661e25653636b09ed9b36c3
6952,Gothika,85146a21f3cef1284de3ce56728c25e995523b96931cd6ef4e79d94279f0e860
6953,21 Grams,e862e22ad79d9957aa49a6a17ca4655a46cac92fd328baf19aa2b55ae555c921
6954,"Barbarian Invasions, The (Les invasions barbares)",d2f23d09c2be3ef072694bc0fcb7874ae16d2897271b68fd70c043722fa0f087
6957,Bad Santa,aae0b15577aa841ef93083dec84ff562969d0b9c1af45e256c534a78396d31a6
6958,"Haunted Mansion, The",ed010e6971f837fb5a4bcf182c3428d44e5ee3c378ee131497699d6f228c4867
6959,Timeline,931d59152c4ce24c2c9059ba2f3388e072e70dbbf09b0db6e566cb0dd699b7c3
6961,Damage (Fatale),a903a9709d4b9eab5af48685b46e96ee8c8d5bf4925342d16ad395132336e995
6962,OT: Our Town,c50272d93a774da36f2911f61da8e42738ede3064e7a8e71c70f30f365883867
6963,Devil's Playground,b2f0b3f2e14cc9167d6ac94b8bab5509ca2d9cd55d91ca6114d05afb99643c96
6965,Journeys with George,978b868b6825c8051c1d745ea49fce93ce369a1e9b53d871030ce3cf96a195fb
6966,Darkman,8415a6171a529a29c4a5d7ca3b6a29adc9d4c9963dba175a689978d93be933b1
6967,Dead of Night,90bbcff02f745e0b31eaa45d3730b9abc487cff7c908b21488d4c991f41c6f06
6969,"Dernier Combat, Le (Last Battle, The)",ed92450145370e769e30cebbb0723264468fc0c971cfad878ce798df49834bf9
6970,Desk Set,eea8ecd9ac0c6f2291b3309db353b354a46495c587f2b07bd3ab918bc0b3cc86
6971,Europa (Zentropa),a155b3231eae0c555e9a6489e15c630e53a616fa9651b4596daf09a79b37f033
6973,Final Analysis,c166c5ba2f91eee748b6902e599d4df187666c73f84191cd5c4f572827d13019
6974,"Freshman, The",944fc0432585350cd812f3d32b4ba5f170a2924c8a5fc6bf6fe57eec6af20b2c
6975,Funny Games,ee7af8fc198ce7d038706e207a040f9ab3c3c0606323cc81cc9fe7c3d83f187f
6978,Slacker,90680f1d2ba630744e83d36c66fb3307b86dc9f3ce10341f617c9b8995146dfb
6979,WarGames,baea711ae4115ce79915468dcc511bb9e1946e7fd31569d6c4911b149f4c0e57
6981,"Ordet (Word, The)",aeeb6eeb06fcc6f4dceb38856982a582eb123b4933ad63b46338530d990eb106
6982,Forbidden Games (Jeux interdits),ebbaef516636118eb1cc1cea9241da1cc29a71e1272d6e2a6af384d66da68b13
6983,Jane Eyre,c2265511bfbf7241c24eeb8cc2bb78c7e5546a6ce34348ea78c864fccdf04a23
6984,"Tale of Two Cities, A",ea56bdad1ecc4e6991394a9b95c87436cc6773328cecc4d07a72e56c43912acc
6985,"Passion of Joan of Arc, The (Passion de Jeanne d'Arc, La)",fbbac140d4fc36f8a516c885781be4837183e805de4bec326e654babbcc04a7b
6986,Ben-Hur: A Tale of the Christ,d9b6b770ed36e03fca2408cb9cf194c945cbcd9c9e8e1e1d610c6372da7018e3
6987,"Cabinet of Dr. Caligari, The (Cabinet des Dr. Caligari., Das)",bbbf1ecfc44d11b897116cddd92ce14290c2d27c6633b087630cb5e0b8c6e73a
6989,Gorky Park,9c63af33e10c98cb5af763043b9994466fb3605d98ce0fb8c6424bb3f10c1bda
6990,The Great Train Robbery,ead865ad10b5da52e16b3fc985be0e1e8c77b5c209c991ad56ad9619c71891d2
6992,Guarding Tess,c466843ba71bc43b6cea5cec5ba693ae93ccb045fc51ec413a441ba433be13ab
6993,Hannah and Her Sisters,d8695a6aa796a594c29516d72c7f957951217b888b8a48ce767e9616a7173931
6994,"Hard Way, The",ea5b7d279524ac48ee5599b41b6dc4845884372f15ba6113b1eb95f8d13b318d
6996,Highlander II: The Quickening,d9dc6c8862ddd6222b7379989e1c6e633cc492b93977d18286ccf123898397b9
6997,Hoffa,e00be8145ae627eabd7d9d5dab84c6e87c72e303c639987449cf82383e62f10e
6998,House of Cards,fe85c0fe912e19268c3a9c3bf07b6173c46a9c4c988c698f698f338d87336e31
6999,Housesitter,f84f88c04334763f0fb56846bf4191b2e8b522cf9b645f38279b74b84d278678
7000,Hudson Hawk,d629a9f637b194c86e42c3b198e6a27c36b8a596dd6d5c4962227192c2debcb4
7001,Invasion of the Body Snatchers,bbbf1fff9555c151732e4a28ca0172227a6ee808b1433d642c99b594ad976c99
7004,Kindergarten Cop,fac431e994694e96ced289de7236e50fc7280e38987bb0b0b731c61ba1de85ca
7005,King Ralph,d053c97827c4d04fdaf00fe0ce2fcad3b9e0e946ef05bd1bf0c12508b507d897
7007,"Last Boy Scout, The",a9b28cb18e49c64cf247f126b322938fe5cbf489920dc66c86c405f17bb37b53
7008,Last Tango in Paris (Ultimo tango a Parigi),d9825ff1244ca001db3f8f9bbcf0737ce30544802d1b926eb1ed67b37e029e98
7009,Lorenzo's Oil,ef00c4bfc4ef3b1349c8c6e499b369c6962e30d9919e2f33c27119c8903fb3c3
7010,"Lover, The (Amant, L')",af348e70d9ccf18f343a6d210fe4944ed29ff80361c56af86ce41da49f18970b
7012,Mr. Destiny,e643165c5936abe3a6196d1cd9e69233271e09c95ab3e60cb34b0df85e92a267
7013,"Night of the Hunter, The",d33031082ccf4ef76d3bd389918c3c12f2c06b320ceb32ef5b1ecc9466cb3f0d
7015,Only the Lonely,fa51616b85ac5e95a67916e39106979ede96985a9e987a5a9462d6c48c4f99a1
7016,Over the Top,eae715c6e6186fd1898d582b731963a99cc2d263a61f4d9465b2a14576aa19fc
7017,Passenger 57,925983d952a454263136bd09b97b596b59e078d698d2aefea67cb650c65741a6
7018,Presumed Innocent,e05b42ab1de43df8f618c64b6965e1b43f9c1e4a0e61c536e1df38ca9e408735
7019,Project X,c557c002782aad55a7d4cbeb99e93e34b30ff087e2b17298e0a6e43b3e11d84e
7020,Proof,c5eba21838bed84fec442da462613f927f09399dfd26c3dca4b2123bd30c3569
7022,Battle Royale (Batoru rowaiaru),97305e886b478637ddc87a78a7729d8c7b41b3539d9848cc3227a9944eeb7225
7023,"Wedding Banquet, The (Xi yan)",bb737033c48c8fcc181cf3639e6278666387c799fcb8b0b024964c5ecdc1d81f
7024,"Salo, or The 120 Days of Sodom (Salò o le 120 giornate di Sodoma)",943e5aa06b4a654731ac92ac16fd8872da99ad2a5fc731a766d11e78310ecb4f
7025,"Midnight Clear, A",c93cb5937383cb1cc833e4d3d38c97032c3398f45abb66c037a41e337c4b1ae6
7026,Summer School,aef3ced4f006a1491f8c7227636b2d97906ed4f89299e3c7a64313b863c44c5e
7027,Silverado,ebeef004c45086f07eb10bbbb98f5acfc445bc2087b0c7b66b8eb149b84ba543
7028,Quick Change,d24ad4202df3df4e5e0129ff7c003f1ed17b4800bcdf63f4077407f723f092c8
7030,Radio Flyer,ed13923e5b4cbc1332a4c16866939ef2c1483a97bd3f6548928ffd060278eff0
7031,"Real McCoy, The",c524cf6c665266923cb681170b699d6b95ab63156a570eb18d2f691f929d18d7
7032,Revenge,c0d0d15439266e82769879ef0baf4334c6992eddbd7cd502d222d65cf8c7a9e0
7033,"Secret of My Succe$s, The (a.k.a. The Secret of My Success)",9248e13fdc5026bd6be494b6c94996cef0a6ce592cb21f4866dbcb2412dfa790
7034,Show Me Love (Fucking Åmål),d56d814a2f867fa6c2fd4ae96a106c1386ad7a7c3af803c29412cab86af87bd2
7036,Teen Wolf,caeed066a35427db0c933cb6d839330ce7c346dbf14079a3d8401a77a4bf964c
7037,High Heels (Tacones lejanos),980ed01bc5d323a469994cfebc4e973837f20be44be1c672c40cc52cc7e73bd1
7038,Things You Can Tell Just by Looking at Her,dec8fdca09b600b43679b74bc4c270f2fb1cbd6821e30306361596ddc68f693a
7040,To Live and Die in L.A.,e66e646a5c73b38c6c918a7652ce94b3592cbb5372d3c88c66638cca39d61a65
7041,Trapped in Paradise,faf9d546a0c93f8c158e0b79a566c038c086d0fbd587db19d58459f90cc56fa1
7044,Wild at Heart,c908e4066af50bff918ab718cf724da76e39e65d8066b10e689c4d8537f063f8
7045,"Witches, The",bf802355907f5c2890033134d12aa1e785ffc7a7f938ca09f1729d4fc4adc62f
7046,"Witches of Eastwick, The",dccef72b4c9d4936a2d88f7367cc418bda063a936ab548fc3d309f4027e2489c
7047,Year of the Dragon,dbfb6253ac141cbbbb5190ecf05d4b4cc70c3c7394c19c1bd9943374d03167c9
7048,Nothing to Lose,aeae0ea69100f1914ae26e6c9610b50dc70c6af2eddcd356e96dad7dca12de0c
7049,Flying Down to Rio,bbfb83fdd5806e02b07457e1cfa53c1fa5596978d9026793e42439a5d8314e28
7050,Follow the Fleet,eaaf2657d52d9b92d950c5a887d5cca9fa523c21f446183fe01d436e85b48376
7051,"What's New, Pussycat",be659deb3e128b14858d624d96b330f61877c5e04a5e878591ccbb5665239c76
7052,Mary of Scotland,bffa9799c11168aafcc534569c474e53c85339abf421ad2ce464e435b594e198
7053,Roberta,c2f76003234b3bf9593450988ac93a4be6b01da6216bc0edbc14edf7435f56ab
7054,Little Women,9fed0df3d4886f08fd727f8d857318781ec0d720960f113eb63ec0212368a5f3
7055,Swing Time,fb5c36001622e1693943d88bcc9806d4af37136539ebb81f68964fca0feb7897
7056,"Public Enemy, The",a083134bc74eea05067ec5783b59109cf64b3c6985ec635778720f6fc4df3878
7057,"Midsummer Night's Dream, A",d10d7809d2aa2f1524b232b27f4ec096269f074f603f62cbdbc339b197fc11e9
7058,Life with Father,f93231619cca8f9dc795c6a69e4ecc5a483c7a61b16f61d1709772e0bc623c58
7059,National Velvet,ab229d2b94ccf6158215c0da855a6927148fa4dd1e71d9a43bd336ee5b4cda9a
7060,Jesus Christ Superstar,efc49542d11b6ba48c34d6d5d38395ead8ecf31f37384e6ce0c939b09d8416c1
7061,Dark Victory,9fab4abfc9003d549d7a35863091e495e446b01ed092237bd0da35e9e37dc70b
7062,Birdman of Alcatraz,f211632244ed9e556b7629c91dce2d5233d912ac96263fbbc09d9e671d8a2c74
7063,"Aguirre: The Wrath of God (Aguirre, der Zorn Gottes)",92a439093256c3f16d1fc6646d496ce668c9c4946dbc39b99bb793137276924e
7064,Beauty and the Beast (La belle et la bête),8aaf364ff4485aebb0417370d329cf0b85b7a6d089714da4a5372bf3c1658dc1
7065,"Birth of a Nation, The",ebeb962e346979b6ca92a561940cc234b1d68cd3c739b1a532de9f8e65613238
7067,Juliet of the Spirits (Giulietta degli spiriti),eaaa9b11c6a264eea11868638af7e294d0511cef8c956fd483dc9a5b951f66a6
7069,"Macbeth (a.k.a. Tragedy of Macbeth, The)",c9341b247245c41b4cc334c6311b4e61c67d31ed5bc5c53e1eb718e3873e7b8d
7070,Red River,ebfb86def60ae911c37d722ddc000769d380bd42b53ada999a55162bf01d24a5
7071,"Woman Under the Influence, A",eaaf67dbd0c25ba4cf5498cea556b615b6358542d84baf151ab5941c853a283b
7072,Stagecoach,e8fba2819777cce0d6e645376098e7122fc83d58e04918cfe0075e3db1754ee4
7073,"Shot in the Dark, A",faa4855b5aacc152958e4a75a51a1aad695331aec2d5697ab3a54a712dcb929d
7074,"Navigator, The",daea1aa2e92f6dbdec1fc660c3c4d1b0cd134e1bd25bb064b0f4c42485cd79c9
7075,"Court Jester, The",bd1bd132c2e67b443999e1e2e4a56ad1973a2d96e746424cf2574a9c9b219c4b
7076,Bullitt,aaba4abecf058fc56b68714ab100b49194ffc47cc56cc78dc391db40b1546d3e
7078,Jezebel,eaee96dc9d547b9ae0476cebc400c245d1613783b333b11787b9b461ca4de6c8
7079,"Hunchback of Notre Dame, The",eeefe41380769f40dda113a8b6585a5a287759ae493835737685c6e4bf22c469
7080,42nd Street,f039e64d0d52919ee6cd69a63ed6cc9b462dd224f49a608a19a536f585dd3913
7082,That Touch of Mink,b866eeb7b239cd8f30e48f98a279cfd4e0c4fd0284792960c6dfc300dc87992e
7083,Sweet Dreams,90910385cfd2136992666e764d6eb93833875c8fadd867911e2f327c6e58393a
7084,"Play It Again, Sam",9d4a663570ac0ddc4ebb7b3320ea11a2cec46409e9368527bfd9b88e33743739
7085,Send Me No Flowers,bbbf9c75ee4643bfa5b01c892d4fd840a7c103f1bb122c8ba954e60f6781b630
7086,Pygmalion,afff9914f14066e38ed419dfb731376af8c5499cc9001c6b948543bacc3268e6
7087,"Passage to India, A",bfe93ca2700d1a0e3ee1638b6d15263c61a9ec472c3a1dd0be86725fc1e3a65c
7088,Black Orpheus (Orfeu Negro),c6441bc97033c4b38fcdc70e3e39f883c1a68778cc7999e771e071b14e0e3635
7089,Amarcord,c41715e22ae9fabd17a82a5fd115d5806e7319f4bd0ec60f43a0fad8c51bc5e0
7090,Hero (Ying xiong),833f0fe07cdbf36cc730943b7ac4a51e6d20e05b13961e84e41f63e3935bc8a4
7091,Horse Feathers,c040d0403d2f2f3f12f357e26fa8383f365fc2e239916f0d62e6b9f846a33e84
7092,Anna Karenina,aebf1efb8b42ed62992eb91ca58ce050f070ad91a59336cfda59b90dd4813941
7093,"Front Page, The",aff24389f8083c76c75bb15c3566c78b4ee84be18f03b81e70fd4f41b80fe808
7096,Rivers and Tides,8817e006376a3fe96bb53371b7680f6a4eb7d80ec944c304e4995c391b743ef8
7099,Nausicaä of the Valley of the Wind (Kaze no tani no Naushika),924b309864928923e91426694aad732e0e773374165e33f73eeb36e6b6c9474b
7101,Doc Hollywood,eabab4d40defab05799474f987510bb6688e37cd1f31c839905340cbd21c333e
7102,Dragnet,bbba59aafe50f608d4a209a5a91d79dd8058607be047270fa758d6d0caded760
7103,Madhouse,ba36c9eb967261b1858f1ebce18b314ef0c4e845e1813e0309e33f3a64b56e3e
7104,1941,9efa37f8a103c827da85dc9cad3067ab72689a72a25225327da4708e9b4d6b69
7107,Foul Play,bd4bc79cd0f68f037039e0d893e64f6e49b31cd81e0e626cb33292339c1d49cb
7108,Crime Story (Zhong an zu),c6322dd93544bf27843755d93701ab7478fee6832a89805778d9f62432f3c8c9
7109,Beyond the Clouds (Al di là delle nuvole),aefb2d3ce10560031eeb96f443dc46f2d4c34be74b411b8a330b02ef073b656d
7114,"Collector, The",c0060feb3a10d19347fb9c4cdce86bb6231b34e858ed2dafc29c635699e7d019
7115,Deep Red (Profondo rosso),854173ae709c8c3ec1e171c53e6f8e1b6db1ece06b26860d3ccb3870cb33678d
7116,Diabolique (Les diaboliques),814dc3a916971797df69ab2c280764f7c271d93f31b8ece0a0ad52919fe42917
7117,Leprechaun,88cc5ccda37273322333f333099fc4cc7333a1197edc3363cc9c2cc8d2362db3
7118,Wings of Honneamise (Ôritsu uchûgun Oneamisu no tsubasa),eb46b42b41adee44b432c1affb4115aa664dea7505e2e095399f95829a6ccd33
7121,Adam's Rib,9444efe549bf919793a7e04464cb94c16d8649af92b512e772433c9d6dc94d1a
7122,King of Hearts,c7c0252c3a375a03b4ac90a9cf129354ecf378f8f14a6e07d9bc624fcbd26d94
7123,Naked Lunch,8059c6ec7ca37db08d72ad1f72acd255664c312becd429d02fa5d0e94e2ecc53
7124,Grass,d14da4d87f92c14d1832c3930c7c7ab302f36dbc07b71a60a09d3fa47de89e2e
7125,Spring Forward,9b44c1bb64fbbe54fab0c0a385474b9c7d2ab455b055cd2ac5aa93d9af816486
7127,Run,a65dc9aa365d64a21944b6594da6b1594b22a45c4bbbb64c7d9b83779c4c499b
7131,"Summer Place, A",95bda5272d6bca492ab525a5a5cdacd2a2a6296dcd2b6292921372fbf50909ad
7132,"Night at the Opera, A",dd89aae46d8e52f26b1da425eb59940a5b35bcccc5a57a7ec48aab2794724981
7134,"Element of Crime, The (Forbrydelsens Element)",803f36a880fc4db6660392e83be85d0f846bf1b86b328bf736e2945cca1b2db3
7137,"Cooler, The",94170f7269e3f80f627876e04e0731fcb1684f0718b6317466c1ca9b9d9ebdc4
7139,In America,8142de3da354fe1689a1b4ea6b114cc9ce67d19988cea0f6b62d48f6d93d5e84
7141,My Flesh and Blood,d37ccdfbfc3c3c020be16228344f8505698383480e5aba556e89b7fcf231336f
7142,Honey,e39ec3531a73ed865d89b21823c8cc6d676875f4adc099ba6749f0d0d91123c7
7143,"Last Samurai, The",ba5ab39e55a5b4b13842d0da23b4b7b1d4293c67b3d2539861232c6664ced6d9
7147,Big Fish,fc86fa67017d06b99a8237ce67b9c231ae72e4ce11ec9ad1ce902d0d350be236
7149,Something's Gotta Give,b04d0e55de3a778badb2d1ee0dc51a64c46c3f19531acf5b196110e4c6a4b6ae
7150,Stuck on You,ae6dac240c89c67d339243dec39295dbfb04d3f381fdb183f948166cb874b901
7151,Girl with a Pearl Earring,c000f020b9f083ff42cb30419f8bc717383ff01fcebc3dfa70d8664e8fe00fe6
7153,"Lord of the Rings: The Return of the King, The",d79b92b13865c94f56c425e665064e104e5bc73f9334fe643af0f0d9f81b81a4
7154,Mona Lisa Smile,e5e5c26a199915174cee1db5e661fb9be114c62919f731c4608b3c0707be4c79
7155,Calendar Girls,b7ae378eaf958d0d2c4f05e587b10f130e0e0cec2cb507bb8396ad4d0c7ca5b8
7156,"Fog of War: Eleven Lessons from the Life of Robert S. McNamara, The",cc5171ce17b70e13fbc063f7cc983844cb3011fe0e4dcf1c3ae5c063f9047ce6
7158,House of Sand and Fog,c80193fea44149349bef56ca90b63d24a2ebbad35616d475999d3f23c9ca1f12
7160,Monster,9b2b180a44d740ef3b2ada1b94d5ac95f9604ac26ef042b03d34fd1ac9bc7af5
7161,Cheaper by the Dozen,ba64942162d9638ee16716b8fe039d7f58e0625f2d7f9e20639f63c010ef7805
7162,Cold Mountain,917bd1be4e9b7e903544e1530145ca3d5abe29fadb8b34855f09037065f2f0a5
7163,Paycheck,a569d0d6395368250b94bf41d5bca85724bb46892e5634a739b918de74ab6e59
7164,Peter Pan,95055c486e3e339758ea0c9076ab21bb295fb2478ef0c7ada1cf943669896d63
7165,"Company, The",d4f2dd9b6aaa3350360fd055eaa86e82b558b4597eab592419951c969c92dec9
7167,Japanese Story,e485e4a1d8ca1a0f0e3cb93519e1591aeb3ea6b434d1b4d3a75f275a20dfcb44
7169,Chasing Liberty,e8d985641727eb9b464e8a79f9b9a9c6ecc4618d9f4ad67b51381c2529f44588
7171,Aileen: Life and Death of a Serial Killer,f5ee8eefb299c831cb333745144c93cee838c48b54c326ac09b749f469c6ab34
7173,Along Came Polly,e1299cf69e1f634d9cd26969c6462533c1a59b1991b336cb42794ee42c35cb9a
7175,Torque,a4738457ab2d5d3ac1b2e0dad8f98c854357e946994ae86964d9974ab165d6a5
7176,Crimson Gold (Talaye sorgh),b840c0403077bfff078cc00fe7fac39ff862c8f16399e0e0c47607b8bf06b837
7177,Osama,81c4cc8d1dbb68eac80b98d429d52d0b663ad2f8163fe1e79745d614b69e6a63
7178,"Great Gatsby, The",950a3e656bf5c19a6e4cc6433192b134c8c56eddcd623d2b91b9d3c44ad66c78
7179,Wuthering Heights,9bbcf1c760ffaf3f6353e13e2c1f1c6f84cef465f08467e0e5c082102c80c7d0
7181,Ship of Fools,a16b5481d786eb2bf296390c39e9b4b25a002f4f36145af8ca6956a66b6f8de1
7184,This Property is Condemned,efbf923f994e135d9298d5922db5c48ab4240ab5e6686899c916bf8136d3e464
7190,Jane Eyre,bfabe242c0449db998556a7ce18bf2016ea2998a2e6a96773b9e6bd88cc51335
7191,Blame It on the Bellboy,b3828e8da96a9676c3603cb0538a6d7e9477614c9e386a438cb6785bcf8d7a86
7192,Only the Strong,9c255bbf73f02fe9249eb01658ead4a1239d91465ca30fad9b5132f974614786
7193,"Adventures of Ford Fairlane, The",ee63e945193a932a48cccd58d223e2c56b536d6bbd4e905aa6bb3eb594a11499
7202,Beyond Re-Animator,d0339a670e2ecd7853d8929e6871987a2fcee418619b938fda0067ee658f3c61
7205,"Wind and the Lion, The",ebfd2bbfe5269d501a5b5adec22ee001da419026dc89c183952695dfb5cba50c
7206,Mon Oncle (My Uncle),8fb58be65a6f799cb7b3254dafe4360eb651993e4689806bc050fee32c40309a
7208,Dr. Jekyll and Mr. Hyde,feafa1692dc43fa6fa12c45fcbc2e35194ecd8b0cb556cc585933707c6445890
7209,"M. Hulot’s Holiday (Mr. Hulot's Holiday) (Vacances de Monsieur Hulot, Les)",9015b11b1388c7c84e3b4e3f2cec4bc331eb9cc668e796476ec71c2c9d9c62f8
7211,People Will Talk,fae60045afbd7532fa00a0c5cdabf828129c2fcaac497077a1a69f85e65568ee
7212,I Was a Male War Bride,aeaae715b15f139841238df1be9dce2cd948f208c1a769f71ad19cba84132cc7
7215,To Have and Have Not,cbbac405b4018dda43ed5a6a9f4939f5d0274faab4f166d58d986543e5c06633
7216,High Sierra,bff88c1dc622fa849159313293067143b63640ef9c8964cef07723b3b155cdee
7217,Dark Passage,fabaf81581c50ff89446948fc7259bf090f263b8c71933c6d0862f3f5a36698c
7218,"Ox-Bow Incident, The",d097d7f637e4e002491bcbaf6543d55d2a4fbe8125ab94547a54b93ea58004be
7219,They Drive by Night,d0441aeb2c592f516b3eb454368035fb790b6df36cdeca84d3311f2fc51006db
7222,Reefer Madness (a.k.a. Tell Your Children),f9bbe80193a6a91fa84656f9b475ee4a068d23ede0583a3bad115baa81c4b16e
7223,D.O.A.,d64a79219cea965a29b32cf607872ddb4bc9c2097a9970e160e6d316cc669b2f
7225,Pumping Iron,9eef3cf0e151e61cb5059313e87489458ff0a40ddaf639e0cc1bc69e31c91af8
7228,Cool World,9aef473ba51495ced04c94c6f131ec66e0d63cf0e1943e49eb195a199f30cb91
7234,"Strada, La",9fafc0baf00a9ae887f0360fbc12a571a90d2f47ab59e855c25012ddc2f79e98
7235,Ichi the Killer (Koroshiya 1),e02fcbc0692f2316cb9161524788cc4ac97d3cc29ac5f70b279d33b8c5e35f3a
7236,"Boy and His Dog, A",80eadf90a077cb0564bc21aa7a66e10534df4ea1b19e9ce256bf86b01e6b6d9a
7238,Ashes and Diamonds (Popiól i diament),eaea38569155672ac72817b965b98cddc448b77296d19689068dce346d37b163
7243,Intolerance: Love's Struggle Throughout the Ages,d70d3aea2905478fdcdef03803a793477e7ad50518cb22166b739c63940c62f7
7245,Tormented,d6f6e417296fc9408f6d3657b49aa182a54ccd6e6e11b4d8d9910eefa5b2b410
7247,Chitty Chitty Bang Bang,b1869d19059ad2e90ef16367bc44657648eccc586440bea796bb732f3ab48799
7248,"Suriyothai (a.k.a. Legend of Suriyothai, The)",9304992438e74eef6cf94e93e5106584a647b67942bb13b932e8126c3b6dbf15
7251,Where the Day Takes You,84f2bbfa040d06065befe0433bfa849977323b9d80464eeed4d17136a39936ae
7254,The Butterfly Effect,9777b2766b8b6d9924b8b24d9b86cf32c46b6499c7999246392449b21e739349
7255,Win a Date with Tad Hamilton!,d9b8ba4a8d6565f5c64a19b3b854bc9d85e78c60403b1b973e85364f394e60ba
7256,Touching the Void,8541762b324f96d57e8296d99d2df4a285a530adecb2c12788f469da3a658cf3
7257,"Big Bounce, The",9a25afda44a9a547e0285f9ca09b13c7ad69bcb1c477e3c65388393d1cfe418c
7258,"Perfect Score, The",eb056bc584f2942a97ac3fc13cfe93ac6f1763d1c3606c2894d287523c1fd21e
7259,You Got Served,810cc6a624d79359f48221f6879b7db9cc4c1c9ae033bf659e3ef05ca64d0cf8
7260,Latter Days,e6af606fa3f811d1bce29f0ee61f54381330b9f28c0f7e86e610239af047658d
7261,Barbershop 2: Back in Business,eb88a673b0d5b394727002d9e65ef1ab0f416c8619fadb81987484708f56db76
7262,Catch That Kid,800f3f3c60f84f991d815b815707d62f6ce701ff10f8704334f2366427f7d725
7263,Miracle,9013d89d1c7a966477163959b34dc78328c9c47a4fe1e5937addc83633c81dc6
7264,An Amazing Couple,9c21bfb97dbb4747eae26ab2e600624e8bc6804772ef43bce52e0cba08be8784
7265,"Dreamers, The",b81cf659e3a369a7f25abf3705eba0ebcabcf0bac5004f480cd82ef5c0e0d070
7266,"Lost Skeleton of Cadavra, The",a4bac34f44392e7eb0cb1e701c2f5cb04a65ed19eda54486ba655136e730fd91
7282,"Hip Hop Witch, Da",c447c706a3f11bba3839f8197ba2c05d4e3e8c557a22e5c5f7220c3f3c0c31df
7285,Thirteen,86cf8cd97938b33a1666e8cea198ec71cd47371879f33b867a38ce61520ce892
7292,Best Defense,daff28c02f40855ed2975aa3c1116b784aea9cff9c41d68d970527c2c97160fe
7293,50 First Dates,feccac55a3135ba290b6c05946d9d4e1a97e0b9ed4b1786816de8781f3201bbe
7294,Welcome to Mooseport,ab4af0fc82ad8cde5dab6e42e44dd50f4ff04b958b1d2d38653d92f4b0e03412
7297,Kitchen Stories (Salmer fra kjøkkenet),fa6e504e81848381c7ab8ead944d78623ce09df1d8132e93841357977f1f9f3c
7299,Monsieur Ibrahim (Monsieur Ibrahim et les fleurs du Coran),acf20b13fb1854c252eef92d14e95b86687d66b5568e3e480b46785eb05a4dab
7301,Diary of a Country Priest (Journal d'un curé de campagne),dcccdb23c33366ccbddc10f5162e9629e710cff0cbc69d20b9e9cdd84897c014
7302,"Thief of Bagdad, The",b1bfc6244cc0199b1f443776703c399d4f914f1c647e3c6443c7b3733e9c84cc
7303,The Diary of Anne Frank,ac4ae2979b044969df326896b6e562319b58cc21bc66689e331bb467a358dec7
7304,Allegro non troppo,c6c1d1403160a6441b9b68fd20b736bb9bed1b3fec4f138e7b7199449db0e4d0
7305,Black Widow,cceb1ccfb2004f333867cd90c1b8b235c32d8dcfb2c78393b631b0e8853cfd32
7306,"Herod's Law (Ley de Herodes, La)",d0c4c50b0d3633b52bf548fc6274964bb513cd066e4e326678dae31bf9490b4f
7307,Flesh & Blood,866dcd9069b19666b6431b5b79c627e63659384879ac32586a4e91e7398b9d39
7308,King Solomon's Mines,eaeee0448551c413fc1417a707bb68f9e8990f6eb17071fe87870faed2e0d0a1
7310,Raw Deal,830cd36774718c98aa9b35d7253ccfa818a6b1354ec6de9a63381ae7b655159c
7311,"Goodbye, Mr. Chips",eaf972369572994991a95a34d2d49795c64d0cb1d4e662cc6d39ed724935a34a
7312,"Follow Me, Boys!",b2e84d17d44f0fcf8d16b0d84beef248a554f026c70397d4c82d7329e99529b3
7315,Against the Ropes,de41d8a182a2a4f6ff1fff196c41b58ec01f700fa3f9b7e0b5e06a34b821a341
7316,Confessions of a Teenage Drama Queen,9eacbc43e11e5ab2a2c9453cda7204dcdf3262e99c783f047fe3e109c1cabe12
7317,EuroTrip,83ab842e5e15339151dedc29c6495b486d6f01952bd19e62a26fd32764e698fb
7318,"Passion of the Christ, The",fc41fe3f1f5481cb6071c67b0f950be0da580fa7a0693a1c15aee3c54d7a3438
7319,Club Dread,b376c8b9ba26d5edb7223b00f0bb4c0ecef4fa023340207fe177e689ed48b242
7320,Dirty Dancing: Havana Nights,c0128e234ee9605e3397322f9ddec1fcd80f63c0627c962b0b7b8d171dd81c3f
7321,Twisted,8d52cc347a943aa071e97179b21d38ad3566a74e4bc1c79b4b32ca4ecc9493bb
7323,"Good bye, Lenin!",a0e9f8693fe4d4f57e8127cbb106a5018314310670296a38536dcf7e2bfd13f9
7324,Hidalgo,9119b31b476ec15899d03ee64ecf623ca526cdc24b0ee3cce0cbc3933db34cd8
7325,Starsky & Hutch,97115aab4ce6e5d06329bd1478bf3d4b2e4ac6a74b93944e9b2648b334e90b5c
7326,"Reckoning, The",bffa640642159be905eefa5bfb0525a7a7fb51644e11a401b1a0ad5a555a5aa5
7327,Persona,92bfd2bfc015e81795253fe43f5026cbe9502d2bd24426c096917e3b6fa0d0be
7328,"Passion of Anna, The (Passion, En)",b93349450e4c68e8ec93a59eb0559629573be632694cb33d3fb99c1ab5d2e01c
7333,"Corbeau, Le (Raven, The)",d2bd4d35a1dc713a8e7334c2f9cc06178520305a09bf47a9bc787adf8d966c31
7335,Pickup on South Street,bfa53f84d42ec45acbd1997a913ac4cb87328536daad49a5ad3626189ace4ec4
7336,"Damned, The (La Caduta degli dei)",fab04034cf3c0d04a42437af1fdb07d671b2f8dad2410bf98b7ac9526c7b052f
7340,Just One of the Guys,bfce7d72c071d384f80b396b19e8f016606e636047440ffe3f9228cb3ee96807
7344,"Wrong Arm of the Law, The",9ebae38da3133d3bf0ce955099a1d4aac6904e652ed58d5dc905955c94db5683
7345,Agent Cody Banks 2: Destination London,fca4e18781a5a67297543a2dac4b4e88c8aada3beb523b84e5e325bc3570f4a3
7346,"Girl Next Door, The",eeabb344d99b9ec464328bb19646e8685729e3156d391ca59356b4cbda11336a
7347,Secret Window,b5152fb4724ab15b49a4d6a52774aa5ab58b0edc522549626eaf24ebad529b15
7348,Spartan,95fa9d90687b5a65964cb54a3a93e2ba6ba0c04e6dc59573333366b1898b7ac4
7349,Broken Wings (Knafayim Shvurot),c1124f352fe97cd2209db08b1a718346cfcf392039b4c37bb73847c4d44f3d99
7352,Wilbur Wants to Kill Himself,81ecbe736ed611ecc439d657a85a178dc07cb173fd8c11cce431118aecc42bdc
7354,Mad Dog and Glory,81ac8ecb7a57e13ca4cb1f62b91cf8c31be04d1c6a03e9f1859c37623b2868df
7357,Peyton Place,affe8501342d07edf082c8dad28790a56c594bd36df0236edb250f709a3e1f26
7360,Dawn of the Dead,99ce4118ff8839c7c4671c7ee273bf81c7f9e038e09c4fff1c2140e1fb0cc308
7361,Eternal Sunshine of the Spotless Mind,caf4eabd46a4153d9542a5763f45b4cdc6ad308a8d3ab70336f34e8c48c9ec15
7362,Taking Lives,b5e661234a0f9e9f25379b647a9465894b4a33d53f219d929a5bca2f9123d521
7364,Intermission,e52dc9c09ad2362f452dcdd87cc31227937c7f986c030d4733fcc03ccc233fd1
7366,Jersey Girl,845541ebb79eba401ee13ce0cde18d1419365e3e68d1cf8f57aa562b626be2c8
7367,"Ladykillers, The",ef48f227d2b50dc82d8ee417997ba786c20695f8959de61b9d6108f66f101ca5
7368,Never Die Alone,c91387b85eb99cc3634ee01c2ee1707d33a4f22ec332e23bca71d83334fc9d84
7369,Scooby-Doo 2: Monsters Unleashed,c089cb053a7694ae0f8b597244f6348d307b2f52edc470fdc6aad9b8a8336e47
7371,Dogville,a44a852a6b557b9456b7ab6dc96ad295b49475ad2d743f5a3f694a25c082c296
7372,Ned Kelly,d3660b39a4d8f8de1181e5874e79b6321b26b36965923ce639e693d9e49b043c
7373,Hellboy,c436365a1bd9fba1602398f70ad863c9830d2b5e6e5aded62cd7f4c87ca42c06
7375,"Prince & Me, The",e8f0ce1c494eb9c7163a363034a3f1e2c50f469c7c601530fbbd5bc7acf6c618
7376,Walking Tall,b3adeea61833bacd718c6493a493936189619113e593c999666cda6d2ce665b6
7377,"United States of Leland, The",e84c014dad60bc791e7d63d897d539f161f8c68c9443478b48f395b3429f1177
7379,The Alamo,d1ef73582e418c64864c7c2e4bb10f11c19b91c22f1b6fa143e6face7ab87c31
7380,Ella Enchanted,d628f6605bc731957090cb86095e9c5f7219c6b900fc78dbc58b2f5b265786e6
7381,"Whole Ten Yards, The",865971c6e1599e72a0d19d5c7686d13de33a2a8e3c6370be7936648a3c79b03a
7382,I'm Not Scared (Io non ho paura),9444944e98059989a9994bbe53b6a795c51b247f646fad448f444ab663bff199
7386,"Ten Commandments, The",eceb4ceddc8a6d93e365a24c7892b8a694263846935a3a96969684cece29e33d
7387,Dawn of the Dead,98165abe07c965a9e93ef096278d52c29a528e372f494fbc797197c50da6b0d0
7390,Prey for Rock & Roll,82d2e24d69664db63ecdbb33c59dc96a96d212cc2b216de12da1b52b726e9892
7394,Those Magnificent Men in Their Flying Machines,fae7b44c496689d342cf8fd35c4c39f3c81c1bf0568f22947ba7c01a7d508cc3
7395,Cheaper by the Dozen,967adee38fa6e81c637517c252eda417ca12f124638f59573c180b0bc8d3e85e
7396,Scenes From a Marriage (Scener ur ett äktenskap),cacc3d33e1f9184c61b1d749983667d13a2b09f4f74d1833c9e476320873db8e
7411,Munchies,eb426ba44fa536122cd29d61bb0d39daf0257a37997270aea56e45a147b9c34c
7414,Going in Style,bb7e84f5fd05627a81d07e0544fe2b76d629ed868259d3317d87066e1b28e013
7419,After Hours,84115bbbe065ac6579a638919e561e8d7619a61c47ef7865966e89d93638a1bc
7438,Kill Bill: Vol. 2,e115a15395e90ef92566629439cc3baccd629a35366f618b6917cdb3cd31e225
7439,"Punisher, The",c98e672934f39cd6365931e633c2c738333c32d87998cb2d66496c91cf26966c
7440,Paper Clips,e9891a9a935269ad96b4e466e64d9ec5e924a34e15a3453932da0db04b7b3adb
7443,This So-Called Disaster,afbc9670d14b1cc82fb5e8355043f1caa7bc23341862124f2fbdbea4ed315a43
7444,13 Going on 30,dbd36c122c9633b0c056f30e13ae391bd3091de9712bce764de6710accee6a2c
7445,Man on Fire,fc2ded8b039e53b4e49a2e222e7768dfc26485cb4de3d2246b999378903c2d13
7448,Envy,af82e09fdf4d6aecc0283a4f0e8085a7efa4c039b0d8b41890eb0bfbcf75b427
7449,Godsend,974bc6696cf499d619c67289609be98f792a3738e7715823d836331c166a0fd8
7450,Laws of Attraction,9bbb964424cc39f3b342d554c327d868c99ddca2c9db6892a7d0e067847580ff
7451,Mean Girls,bf87e270643c17b110d7c90f4c73339894a83fa72b8e6a79b063949ec4f163c6
7454,Van Helsing,936383278f976e5b5e784ca9683908a96b8ce4cc64d46d96acc6016f66cef49a
7455,"Mudge Boy, The",97dd4b832229307659e69aae4b19e431b5f553c2a618f37664675dcf94988259
7457,Breakin' All the Rules,eba65a8a71ca2b57ce996268a724e5326f4ed68965c2897d2a758c2c4cbb6952
7458,Troy,e23c18731dc7e51db2e218956d63379c5c97f3ce0d190c6fb2b1404cb633c9c6
7459,Carandiru,c5047eae1cc0c0506f3bb5040cee08fefa713bef840342c27e3e943c3f8cfe97
7460,Coffee and Cigarettes,b8e7eac6510ac9090efd0f3595119519057db6fe4a36986470eb99424b516edf
7477,Eye See You (D-Tox),97fa97b6855ac04a6052750a3d20df75936a326fa14ea50a65d2b5daf5349327
7479,Watch on the Rhine,ba713bec250aa112e162783391ae87be90decbb5ce2d9f80c3d218c7cda68d0f
7481,Enemy Mine,c49cc9cd3c73363c65d167d22b2438603eda4b34a63145cf38afd0b76ab2f03c
7482,Enter the Dragon,efbbb00c92d4cfc5d2bcc8618f739e30e9461f33f30ce27394848cfbc8051f88
7486,Happy Together (a.k.a. Buenos Aires Affair) (Chun gwong cha sit),abfb6d3129e58f5ed6060bde9d1543e79c59d0a6a619582ec2a05cb1c32d36d0
7487,Henry & June,f947c24c82d38d3f3ce85b33303b3585992460c677ae142077ea4c7f4cd1639f
7492,Martin,e86b297238f0b2dd96949a2cc70dccae270fcda332d7c341d9f06396cd604da5
7493,"Three Faces of Eve, The",945279a4672f3579ca7632d9458dc5a96e16e9b1896e30a46bce6e35b34a4a4c
7541,100 Girls,caee32ded448992c44deb2514ca59bef21d4d5314a537915a2f75bb123e4c58c
7560,Fail-Safe,eaaa9f5d54812dbeca03867f91556949c21e7861c856e0db8df9c0ce955994e6
7561,Paperhouse,d94934ba56b7cb5a262a34a5c84c0f1ab199a3d96d2ed2da2ec6ec6499c9333a
7562,Dobermann,c505c96f3a7436a02cf8a511379b32eed8c153bf94364865c70884db7ee28fb5
7564,Kwaidan (Kaidan),956cdec463872bab308186954cdb9b804869b34a7b2ced6dcb7cb662d42ed8b1
7566,28 Up,d82797695807a6c481de7c8087de79392784311defb22617cdb23b49f1251ade
7569,You Only Live Twice,f14bd5481cee3ea5342563a74e92e406c6342c7569afd18c9464d656385adfcb
7570,Octopussy,931fb23cfe646c67363c2f0c91cfa5e31870723ac30e71c64bc681e0b9d1cabc
7572,Wit,ae856c03c1f813b87e3f847ef04e6ef085c0738fc298f9e133830707783fd478
7573,Never Say Never Again,ae24b4610fb30b8b348c4e39338c0c665f39e3cec863e70cf346f1bb665db145
7579,Pride and Prejudice,bfaa3ba1b055a475c40897c9c3036f3e943dd2d2b4621c2eca3fe9728484f70f
7581,"Fountainhead, The",eeaacd5d8d656bc9f2d9b532c92c922595b35aa9a4d18db2db12944b8274d312
7584,Woman of the Year,aa50faf3942fb00f4b919bd0b470243a458e63e3b6e3ce09cb9569858c7bc71b
7587,"Samouraï, Le (Godson, The)",c2fa30fa9f03cf43e1c581bd6a3de3040342b2c8961a945ee1e74de7ad6c4c6d
7614,Oklahoma!,e52d3f3adede0a674d28e230f4d69fc603236999649627374be4d980589c1d93
7615,Desert Hearts,beaec111a0503eee4dad6e92d31189e9b4f44bb6eb41b391a5057a66cb11e51b
7616,Body Double,c41694303372cd0e8ebf52fb63bf4ccf5abb3d33e2c5cb00ad10b8443d04eb99
7618,Chaplin,ec6e92669399879996e49e66c6916319c9e6cc66994b38199e16383d731965b6
7619,"Miracle Worker, The",80470c0becbdb3c587ecdf44b932917626045e0b5d1b31fde0f16ad3d3eaa1c8
7620,Monster in a Box,d931f011864507cf798e4a8e46ae3f6239735169e7b2a6930e2f4ce589d4f0dc
7624,School Ties,d0d1f0d18fb56d3469b90beb2d7a4c3669b2078b8f8d2d08973216dbd0f1d684
7636,Raising Cain,ccdc394b92e624aee73993a3386c96f23d1dc5936929c6311a641c0f5ac66d3b
7647,Noises Off...,ee2a8ce70599f24c9115e992daea5e89e66b09346d9686638e6db41d30d2cdba
7649,Babylon 5: In the Beginning,89b239e619ee8dd36791364c5ac969bb896696746731a378624b3599c6998c9c
7650,"Witchfinder General (Conquerer Worm, The)",89c799411c21eb4075ce76fb6a906d12a4e38381739d64558df19faf2e326e6c
7657,Versus,f38ea6798d25c996965bd8acb4c7498ec99c6451e9ceb651d27a92b105a43363
7698,"China Syndrome, The",98c5612a36cd171c4a9e88e7be73e5cd551ad964a3a426790bb9ce960c91fcc5
7700,"Wages of Fear, The (Salaire de la peur, Le)",93ab9fb9edc466f69ea12d89e8c468476b965a9137289e484af4d063988df096
7701,Look Who's Talking Too,fbfb0114d44946efa1365ad9c5206b0f3c9fb4f013f1c7234a4f87344c2e3cd2
7702,"Bells of St. Mary's, The",db671979e4c784960bb67b06f04b547b59b8886490405e63f9bb219e17dc6b0e
7704,"Delta Force, The",afdf3c579caac698137033a143e96b9408464befd1ba9d071bc5da905a2ea345
7705,Pat and Mike,9dfd457763877cfd5e303a863a0f6a80c4193b6c6ce53dae25900c1b0acf0d27
7706,Animal Crackers,f8249323685cc6c617ab690d7bab3ad426725ef34618159d3ff4a840a4edf274
7707,"He Said, She Said",8e2880fd5f9af416c2aef1756b09dbea7a87884da5e3742757914a1c217a1e2a
7708,Bedazzled,eeab9e80b5766163c8cd6954ad321ccc930836c96d981bb70f0787ce939967f0
7713,Cat People,ed5111d4e5ecee325ee018333c8e2bf85a3b4207a250a3f6dadf89613a827ace
7714,Camelot,e8fb59e39769368ecc1c1e9dc543c5ad9f83e21ac270a96de18196d29872b861
7716,"Lonely Guy, The",e11a94b996643a453b93e310bc2dbc66b997639adb386361c46f1f84b18c387b
7720,"Four Musketeers, The",ea157a1797ae8468c9f2a19a9768c0f1b1f991eb84e64a1e9199d9616635cc9e
7727,Protocol,bfa6f044c2660feabd0158ffb4e0a16059bab3892c0f4cbb97f03e444c2e3be4
7728,"Postman Always Rings Twice, The",8aea0af2bd15390f15af35e87a688d6c85011b99ea38353f7c9358b129792d75
7730,Matinee,97899501d04ed2fa2fb747944baa1be51ecdef337d10b81d8876e7c8e5c00945
7742,Baxter,9c42ceb9671cb1421ab9c4446e623bb8b1555de94ebea3671719cc7e6aa3231c
7743,Explorers,cc463311b339ccc632e739396ce673b96c9584ee3b31c4ca4e6dd31202eed913
7745,"Scent of Green Papaya, The (Mùi du du xhan - L'odeur de la papaye verte)",901cdb292fd76ed76458d4ca3e033e25ba1589fa29fcc745db80069a46bb2e07
7748,Pierrot le fou,bf9595e0c5e86ac4e1fe703b9c239c176c0f83ec17b093aa3bf76c40c4883b1c
7749,Weekend (a.k.a. Le Week-end) (Week End),a97f012f1627fee52048a958a5097aeb4ac5d43a5e9fc1ef36a6a5502e3832b5
7753,Tuesdays with Morrie,fb0271b8b1738147864f774e15e287d8ce8b4eae74b634fd2a34ca34ce30471a
7756,Alexander Nevsky (Aleksandr Nevskiy),beefb714d39a45e3a73472c060e3891999a6f404841e5edafe2151b6a4d07f1a
7757,Jason and the Argonauts,bfffd96219e60a9d84110776c83c3599c7117e6d94c3c993c59e61e4e1b0de10
7766,Throne of Blood (Kumonosu jô),9aff2ea9a5949276d961c334df9ae519b0451dc08515589f96702797b24c90fe
7767,"Best of Youth, The (La meglio gioventù)",88151ce871ebc3172ecd75e8ce762e8e3398b1573ca3ccb059b3706782f504e6
7772,Undercurrent,affe7814f031257eb34997809eb65c0de544c9d2c8f16db9e509b4899c4b0f16
7773,"Bang, Bang, You're Dead",d33174ec78cfd333f46cc99f4f032c4c27f90e27244c078d0eb21d4a93969a37
7781,Twister,ebd2f8d6c2b59fc9395a6850c3a797a06c1bc0cb1bca6930c6770fc4a00d13fd
7782,Sniper,f8542970c768170f5e8d557c643027914e226a4a4f7a855c290797aff3fbb6d0
7786,Genghis Blues,e1e4ae34be1cd58043c6db1e9709304be0f734a5b46bc853d6a5978b4bd3cb24
7789,"11'09""01 - September 11",96f4169dfd84381b4967e96c7cffc1006edb8d006e9bd5203bb3911c5acc12cd
7792,"Parallax View, The",c2fae228bc669ecd94996d32e966c1cce9104e729c747d0ebcc796d3e0526b30
7802,"Warriors, The",afef8545da32d23a8544e1e7d03b7a1c790478337c319e8c97853f83dc600fcc
7810,Babylon 5: A Call to Arms,f04df1525575accf0cbc24aecc2a1e9e17fad2eb4d83a3a4626bd28d03329279
7811,Babylon 5: The River of Souls,c2ecca2d3c2e3d16cbaacf0263c4c3693f7926d46632d03a19a685b6349d735d
7812,Babylon 5: Thirdspace,ccd4ac7c342f57abdb0b7ac7325c8254c274713635b1972d612e839b390bd741
7815,True Stories,ef9ff168ac8143fbb068bc3893c5372d96a1f0928c524d977862618e563c86d7
7820,"Virgin Spring, The (Jungfrukällan)",e41253ef88793494c1e13a5e1783f38c487797a88ed7750cd0eb2fd491166ea9
7822,Mogambo,e83327e6324e9cd81dcfb9296338a6fb3a25db43064e6b9785a16609113bb9e4
7826,"Secret Life of Walter Mitty, The",bbebb805c4bec6bec34443f09ca01decb90f5a8734d236f3e65b61cb82411279
7831,Another Thin Man,eabbb140e3744ea2ad9b5b5cb46054eb8f15ad37942a96cd68a14e2bc88f938c
7832,"Thin Man Goes Home, The",caab50789f542bf7946c32c1b340ad3da75bb6dca5974b40b05f2599a4d4781c
7833,Shadow of the Thin Man,fbbaab55c4056a3e41bf28d197ac7154da04c5fa86ffe530ac50c506d1e1d495
7834,After the Thin Man,eafc252dda3599208552ccdba48606bd9ced37329b4da955b506e164670a36f5
7835,Song of the Thin Man,faa82854c5aa8dc388e93c7dbad452ab9b556270c543d3a389179eb736d6c816
7839,Love Crazy,afffc75cd06434d3d81984f9d1c273a6b414482cf563ca63cc317a63d84f0c96
7840,Gunga Din,bfefb514c239e673944e0989c3115b6b95d032bd315261ac6e30cc67c78c27d9
7843,Lammbock,d8f0f31e0f0e88f15e0e69a543f3fe09aadcc105a0f847ddb44625ae5a09eb6a
7844,"Legend, The (Legend of Fong Sai-Yuk, The) (Fong Sai Yuk)",f9e4e219867f6396b7c98c4e565b2db120824b4f17925e60a995c24b354eb675
7845,Tremors II: Aftershocks,b825bb69c252479eaf1c3ce6f8c9e16344eec713873a581c139a9c8c2dad64e3
7846,Tremors 3: Back to Perfection,d3c9ebf38eddf82eda146413fcfbc1c71a64119ad160c498c9618be34f634c18
7879,Notorious C.H.O.,ca6519aa759b2655366ac18e4bfd985918720daec19b27d2e4ab62a5a65475ae
7882,The Plague of the Zombies,bebf952ed0e3aad0cd1b24a9b640d64adae76cf4e3026d2d9650a12f8696b682
7883,I Walked with a Zombie,faaa61c3b4175a3ccb5cac24a55561cd981ccd999e3d9429ece3c64e8d4a9d4a
7884,Highway 61,d3655e79e49425ad951c33d68e024b7f69c08c3ffbf89202277f1ac0248379ae
7888,How to Succeed in Business Without Really Trying,f0508ebe1fea704b25b54a300e93354a77edcb3448d6350276ad72cd1a5ee972
7889,Pat Garrett and Billy the Kid,efee91e592136e16cd3eada4b9c16c619a0d13aeb35666728c308d39c981f2e1
7891,"Last Man on Earth, The (Ultimo uomo della Terra, L')",d2cdec4686b0335c93874d236e72966d7b60c99a6418c245cf6e63f2a4ed07e6
7894,"Duck, You Sucker",eace3d579531c4cddad4d056660b6618a17c27f8d39d5aa6b8479c439e43d380
7895,Bring Me the Head of Alfredo Garcia,d090d6d42d640d2d39c333db9ada36485b6d4fb724b611b6c63273903bcbb863
7896,Ride the High Country,beae1aeee314947bc9416586b6c1f859e125b70d9467c9f2c4581c3f959142f1
7899,Master of the Flying Guillotine (Du bi quan wang da po xue di zi),ebb94b24e262c4ef4ed11ba5b1066c138617325cb5eb369af4a65a46d21b35b2
7900,Frankenstein Must Be Destroyed,e97a697a96c596c56393c7a59da59c1b8593c7c7924c39398631ce3232ce9183
7916,Gidget,b8eeb0414e3bd191b9114fbbc51464fabe41986db0c66eccc52c3bbc91126ee9
7920,Desperate Living,ebbe9bed4fade274a15069029dd607bdb40136c3cc129c8787916199b4588f6d
7924,Stray Dog (Nora inu),c011f2e56daac1dbb66549302e5a1adb23074fbe38f338e11f32464cd18f67a5
7925,"Hidden Fortress, The (Kakushi-toride no san-akunin)",effb835590c6792ac5098d45d817d5b3a5b8f08cd03c5ee3c4436ed0c25c6adc
7926,High and Low (Tengoku to jigoku),c6253c1143ee03ca39d8a3150c373927e7b19ac6793964c7b79ac9f976944a2b
7930,"People Under the Stairs, The",cc967865319e871b6a61118608d9ee9df7362861758e98c9c785b772d839f58c
7932,Dark Days,8b076d2f30f070d06678932ecdae33e5d8d34ac33546bcb835389e38c25e63ce
7934,Zelig,c9e63c86e7ec1e1164d8339c66669675399298f70f23d2662c8f64d93619666a
7936,Shame (Skammen),eb416b411eb53e8584dbc17a635e6c96952c916c9c69847e9c783c3585aecfa4
7937,"Silence, The (Tystnaden)",cf3938c3b1b8cf0464f29935c3cea63099c3e70cbe3398e0ecc1b198cecccde8
7938,Winter Light (Nattvardsgästerna),93272fdae445973a7893266ccb0a91bd2e52e10f38f5cc32939f5ec0813f7f00
7939,Through a Glass Darkly (Såsom i en spegel),d6870b5af0ccd2322deef6d92b2a37b5ccd63b491396cc39187833c77c2c0930
7940,The Magician,bbb3ee8f27967a78cc630527b1394ccc8b70e542b80b85ea97237189a4e48f0f
7943,"Killers, The",babfe14467e80fbb9c027877d0bf93d0d622981f62cc97ceb8523c71cc505d80
7944,"Night of the Iguana, The",89a4115547a86978aa5a26f3e4d5991b367a2eb28c6373dc9c95252b6acf1cf1
7951,Nightbreed,90dee8dc490d57252fb3aff337e4c4e2cd42d84a5698738da12f4879e047b407
7976,Ken Park,e37d43e747818a011e2ef5500bfcdc6fb4e3394796042caae91c92a07dfbc394
7979,Monterey Pop,94ebca542d0a34b47a14316992fc8db64f692eb037613b4b5a33945bcbe1f1e1
7980,"Bridge Too Far, A",afbb3b3ed2dcb6d1c2064fc2b36cf32c8de386e6c2600cd9d20ac15c0dd9f508
7981,Infernal Affairs (Mou gaan dou),889908263d99b7f9126ee39e966677807799526f689f2a473b44b590353a9d2a
7982,"Tale of Two Sisters, A (Janghwa, Hongryeon)",9064e7346b225e7086d9d1db61312e4537cd79dee0a683133b6178fc932c1be3
7983,Broadway Danny Rose,ec1e9e96b0e37969c369692e93e4636792f136e98495c698969492c4c6cd93a9
7984,From Beyond,8cd98d511b363a26d86b716b23ce54cd71c2b3927315b4274ceecf5c1a18d8ea
7986,Robot Jox,eeefe254d2d29469950853b0e5330d6f1db43acdf297325af24c665ab4429c64
7987,Dolls,844e1c2d61ec3cd16b903e3478d22f12d83dc5c38667c06eec0c3ef9307f7f98
7988,Space Truckers,950cee784853c98703cfb3c433b4606b4da363f24ae25cdb3d9a86a47989fd0b
7991,Death Race 2000,eb512339872dc729da9498d69ce60d43616394f69ec68f05c39978da2cda18db
7993,"Bucket Of Blood, A",d4a88a1b28d26a8b3fda35ec53154cd4322dc9352f2fb5a4356efd3414d2964b
8008,Brigadoon,d3ea518aac9bce24ca616bd383f348bcc91835d3211e8b3c8c50faf19b26ed2e
8010,"Power of One, The",eef6e04484e9952b911b4e5e1bcd1fc8e26178b7b81c6465c5321f889f0f462f
8011,"Weather Underground, The",bb1dc1f29cb63b0dc079d40791e81a9d6b53b47a1d85c918745ac7e11cb44a5f
8012,Kikujiro (Kikujirô no natsu),a540db9dfce44b83327c270eda0661dfcf3a3655996b08fd9f282c82c255be60
8014,"Spring, Summer, Fall, Winter... and Spring (Bom yeoreum gaeul gyeoul geurigo bom)",bdc7907ee0786fc112b4905ead83ceb4607c33e398d43c6f8f03c210616ebdcd
8015,"Phantom Tollbooth, The",b95268d2c2f4d6668da183a39f0f25a99639671cce583be06cf8e2336a473a4e
8016,"Getaway, The",fbef9c6d9798e1fa8c251b06f0749499c10662e4c49965bab9615a9cd84d386b
8019,Dark Water (Honogurai mizu no soko kara),99c638d472194618ccf19987b39e62398d669cd66199672e3264ccf3658d3b3d
8024,"Thing Called Love, The",ee1903f1e226ec18b3f00f0bcce86d43c382d63bcddd5a9cad459e0538dcb14d
8025,The Thief,9c771ff89393331ce6b8842f0cc0c406acd84d33efd663ac5265f6296773c246
8033,How to Steal a Million,b9cee63cc4333dc213f9c3e3f4060e383738710e3e508e73cb2ec1c867c3436d
8035,"Stendhal Syndrome, The (Sindrome di Stendhal, La)",8f358f4a70ec747c3e3390ca68c68e16871ec3279d2170feb0d4bc0f646d67e0
8042,Mean Streets,f2efad1ac81c6cab291e32e492a1cfd4d5b3c2c793b0886397949f33c4d2c326
8043,Jack the Bear,90934b632f60b099c92636e77ad8690cb6a7e363c8981fed1b7bf0136b4006fe
8044,I Am a Fugitive from a Chain Gang,ceee6eeab793338198c5cc8ce4b7d87bca2426f981939a07825df10fa0581ae6
8045,Hamburger Hill,ffbaca35b11463ea8fc59e27d0e1c6ccf9582579c2c1ce03d8b791862609d638
8057,Sweet Bird of Youth,95d2270d488df5332846160f4dab7350a437b97a5eca4b88e67719a766d869bc
8092,Frankenstein Unbound,841f5a2bd86fb8077027c30fc607dc5b5ca99847698f73a6a116361a26f8ee59
8093,Shiri (Swiri),969396d2267b5909692c69a464b6a4e6c9ee9bcd7346329bb619ce738c614e61
8094,Bad Day at Black Rock,db2ddf26021a8e493d24e99b366605a6d7b41ecd624f62923dbb1e3992d432d2
8117,In China They Eat Dogs (I Kina spiser de hunde),fb94d513964d4aa323eb3b54d596660f2e6bd5e828808207c25e3fe9f9a9e406
8118,Delta Force 2 (Delta Force 2: The Colombian Connection),95199c307ee0ca90038e39cd09837e3b92fe33cbfd0cc1fc27a0be1092f363e7
8119,Crossroads,f5ee6c4592bb9a9bfbd26dc4a50c45bb2c53cc2a30049324ce579ec997aaf102
8121,"Seducing Doctor Lewis (Grande séduction, La)",8544b8f6a7aec35fd831071a5a91753eab5730e5b9464aa5c3aa8d4166986e3b
8125,Sunrise: A Song of Two Humans,bae3babab11517f12e3686e97518e1caeae96a07c7e178168bbad8111b38d841
8126,Shock Corridor,b559aed8dcaf3456d335c32a0167244bcb3093e924fccccef84c03313cb198ef
8128,Au revoir les enfants,c339c9063cc6f443b079439a26d63ce518dbc2fe273d399c12d6e075e939d8c2
8131,Pursuit of Happiness,f9879198699ae59802ed1a38ed3f846682c221c6d19ecbe12de146b71bdf4d2d
8132,Gladiator,813a5d81e06fd6e687b349b96eb71ec66be56e18b30e70d8894c31184e3e86e3
8136,Indestructible Man,a11c6af05078f97c31e3430f7f3cf4387a90f4f362e7c28ed41f300e2fcc8570
8137,"Wasp Woman, The",bffbe008d0010fd5a554717ac2159c2e7dc2ed059627e7f28fc01999e46896cf
8138,Attack of the Giant Leeches,dac07d90bd21807bb27eb6dcebcc85482d919c27da91ce10e01ad762c1e53f6d
8142,Dead or Alive: Hanzaisha,bbbe835f74904c3a42453044294df6b21f5468f51f8b61eb540fb1b0b3d38e1f
8143,Lola Montès,d22209721ae97de9a1f479a5f82f9350b4d47e30796a39e62bdcc6a095418b9e
8147,Charly,e2e4b5e518c26b5c9f3cd28a8f5972bbe543928d4f13aa6c610c9cb74e4e218d
8153,Lust for Life,cbff897c26563ef3b41796277ea0e50293991cd28949cb59e05d68cc9d427b20
8154,"Dolce Vita, La",f013f0b865fdac3f7f5847ccb20e6464e4c8520e03f799979601f0fae1b23c61
8157,Jin Roh: The Wolf Brigade (Jin-Rô),e13f9cdf9f3128e2e3860f0870f630677c62c3cc5bad61e8710c76a5629d5d11
8158,Rush,eebfb41db41094d260f0e9e0c1457b6df147864fce84e990c7b10b74d1704baf
8167,Captain Blood,faa26810cf55e479d84b518ee2bc869599d5e3ca973b1c67c30086198c67cf76
8169,*batteries not included,9485958d3949633b86723a767246c6f41ee4692e619f66c14cdc691769f16679
8183,Educating Rita,9999b111b5d67426536ed26b0b7345f63576376cac6854ed7252c250778c1b1c
8188,Sansho the Bailiff (Sanshô dayû),c13f99c177cffa9008e3272f0ad2ea52328d2de58a39d34e303ead459ba09c3b
8189,Zazie dans le métro,c6d1b11b313b5239d2f00e4469c43174998611c73cd6cb07c74f2cbf353e72cf
8190,"Americanization of Emily, The",afff6bfdd8389f03b359733899a0e04dd08f99e09c004e19917c9d82e0c69c1f
8191,Anne of the Thousand Days,964aead2e125972d9cfc5089aac5817f156a6f4216adeab5287b174b6f42463c
8195,"Avventura, L' (Adventure, The)",bb0ac4e56f3ab6650b9be42d73d0192f06b819c33a3c3ac46833b61c9ce393bc
8196,Beyond the Valley of the Dolls,ba9024e50ffff8f08646357a58ec470f861df1299eae721a2796c573e1123d44
8197,Hiroshima Mon Amour,85291d7e629572b67f0139f9cad025cf6c2a9e9fde35301c3587c1ce587491a1
8199,Ugetsu (Ugetsu monogatari),f7bf17053f2178f28c6833c441c02f06db33cc9966ec563ec85b11eeb4141bad
8207,"Day of the Jackal, The",9544b5451a7f9e1ef50865e95aab4a9e6f9ee5400d79133ad686dca6e850a25c
8225,Night of the Living Dead,e9bbe1411fbf479694441ceeecc4a786c7984993b19313339a62386786c94f27
8228,"Maltese Falcon, The (a.k.a. Dangerous Female)",9504f54b5aea3eb92f7d83d568b8604432494ed661b735a66c5dc31939c66cf0
8232,I Love You Again,b36ccc79a71758ba698da746567832e4c70669922599dccc6a53253c5c6632d7
8235,Safety Last!,83f936204cee41cf1f11365270cd39c9611f473c6f361c7170e35346382753ff
8236,While the City Sleeps,eefa98ae9852cb64c38137b79455771ca4efe449e4080dd3ed8131d2e5b0d03b
8238,Little Murders,c551723412bd4dcb4ef6326c19ab4b146ada8a3617af99a93aaa46676ac692f8
8239,Viridiana,bfeb3e2be8a9d24db59c68a8cabaa597a74558cacd912745bc4881b2cb25f044
8241,Masterminds,fe4172b481be510bd3b1cfd80c0f680dc46e8e7866f815a19c663ab65b9b6533
8253,Lupin III: The Castle Of Cagliostro (Rupan sansei: Kariosutoro no shiro),986b41cc59c44a5b36cded34e4b3a73407386536699beed33be71e4410d9c165
8254,Arizona Dream,9729481e6932e7a912d63c3165a57ad60e581a67b5c56f193a73b1e372946b4a
8261,3 Women (Three Women),fafda646c38759e9b4306387994b3e31f30ee34314b0185a4b8d91fe98d44f38
8264,Grey Gardens,e12acea69249ad91e698d766c36ca5c66cd3e4495826d933b28d26ecc3665b99
8266,Purple Rain,f07e00f57583ef8c1e036d2732d61e09e1f30da59618c3edf40960fe32cb6b38
8268,Point of No Return,eab291baea2da95536ef994db354b2e496f2154ae49594b2b26a3a4dca15c4a2
8270,"Hairdresser's Husband, The (Le mari de la coiffeuse)",9b6d0f9ba79266645f2bcfcf23f781b781cf00e7c2f3790188103060f3a1db89
8275,College,ff60eee454a7b41748dbd292d2be436e2b7489594d88a580a5ac2c4d8f154b9f
8290,Mitchell,b899c26535833e4cc3f4e01d6d0d53b3d0739d70276a372cc727c8536a5a7d98
8293,Used People,990675a436f9ce19699eead7c2c9c36593b234b21e1f25ce6c64d3296ca1c2c9
8302,"Front Page, The",865870fd2b2a1400b8c52f5f5f6742a3a70dded83122c8a726cbbd30df6a69d3
8327,Dolls,c1003cbd8affc300fe0059ff41cab621a885d01eeb704f05fe42c3a3d6bdbd7c
8331,"Man Who Came to Dinner, The",855588eb71c69755e0881798dbf078cb984f1a353d7787a47e09cc0e6a1f37c1
8335,Make Way for Tomorrow,d5597dbf2ab2284344aa02b07645464a5add15d73442c63a4b97bcd049befbad
8336,"Major and the Minor, The",be6e3a45aa873ece7e4c30479d25c03f235c7352d272af729718a201b0f5f0b4
8337,"Caine Mutiny, The",9fbf4bbac0193dc7d8e49474a664e708974576339d133133e153d674e450c16c
8338,Black Narcissus,eabbd388add52cffe3186a3191c2335cd06dcf929638926d89e7dd848134c313
8340,Escape from Alcatraz,96ee42eeed1333b9d1446e639511f91cec13e645995b8d10c0cbec44e733d067
8341,Oliver Twist,fbaab6a984c7192b879862c5d03fc7fc8406a47f86f15bcad5896c32945c59c1
8360,Shrek 2,eb16d4e0a6c30b68e4a72e9783606983ce5c3465c39aef72623fb5ccfb09c40b
8361,"Day After Tomorrow, The",808b349477eccb6dad365eb6825d695289a3c80936c478bfaad31b6a5a1b2b66
8362,Raising Helen,ed1b789912c6c4f6686907097e9f91c26dbcd87783496c8b0b86332c1e4f78f8
8363,Soul Plane,ba394586d1706b2b859639780e075aa5c37bac73b5053e4e299cdc99d205bb8f
8364,Baadasssss! (How to Get the Man's Foot Outta Your Ass),e6a5a4e999c0d902864fc21d5bb89d7a4e0a9f15ad35c460c2f86bb8ec727c67
8366,Saved!,caa2b84d3515cc1259ef37c6a6d9c934724e354b6f764ee0da19339c61e30da2
8368,Harry Potter and the Prisoner of Azkaban,c069c2935f9a392f3a80bf59707d7d246ba64f5e1cf434cf6608de609866b0a6
8369,Mindhunters,95fb91ae632c7e6c1cd829827b4b3659a473ed32cb2352c334932d1c78ccc8f2
8370,"Blind Swordsman: Zatoichi, The (Zatôichi)",d4e46a71951b329aeb6590aa61dcf1a906c7c64eb13d64f392ca712439a5ced9
8371,"Chronicles of Riddick, The",c67199ba399ee66038e463b8cf3118e690f7f7186b1c864fbc215939d0c73d06
8372,Garfield: The Movie,94c5d6d56a169337c7b66c06def650b88a9c5102a5be42b294766827ca7f3ad4
8373,"Stepford Wives, The",ca2ccb4e53c2bfc22cd2e899ad541b2dd235c4d51a798767da3bd60c075dc123
8375,"Hunting of the President, The",d6150bd2b96efa0036ed0b523908b8e5d6123b547ac3f265398cb2cff760f01e
8376,Napoleon Dynamite,f6d822668ca7d489530e2b66edd94a9994e67d8c6ad0a65674adc2233d5a59d8
8378,"Doctor, The",db0dd71ae6f4196b32a5771eca8ed52526f16870498ad39d93061c526461ed75
8379,"Dresser, The",eaaa955591156aaa6e24a855e65295a9cda96ed3b954666e948999b1e93632d5
8380,Father Hood,8c4ba58590f0e8584b4ecf414d3f963734d638d4c2cbc72bc965273e6c24dde3
8382,Hello Again,edca6ccbe4bdd6bd927de2420f46993c992138e3d0d269126bbcc1e5644146ab
8383,Hope Springs,d973ee13a65b596b45a40e905bdde786925258ecc5a7125b7348e521923939bc
8385,Lover Come Back,bf0fbbf03d114607bff8443f91c7b77d440eb4c1167a098ca3e1a233b188427d
8387,Police Academy: Mission to Moscow,e8f99f869ff16b784f8e24d98c663433d2878559833cd8c4d426c149a1d7962e
8391,Big Wednesday,9246ad78e3a292ace42127c6d83884d71d351bcb37aa3c6b7f928924d6e9bc87
8402,Book of Love,86d58196f10a5e7a3e82339e6c78cc6533b535a568eb637aa398f1856285662f
8405,Hour of the Wolf (Vargtimmen),c72e6665b18b910e723138f19e60ca336f4c21ce5b936f313b9c5bc46c633e34
8410,Suddenly,de6e226a19b11b9d08e63cf97c194f1538938cbbb60c9b64783fc639b1a15692
8424,"Divorcee, The",84533ba4e958cd2716b2e0dd6566db37b5c9a66458932add65264a5bb0e592d2
8425,Meet the Applegates,f918a6b6e6cff938b6b2c3498d3e9acf54b53bc8666bc8841d2c19528a51e4a4
8426,Robot Carnival (Roboto kânibauru),95e04ab52e2d1ca2e153631dac9d6e9931a29ae4cc4acdda4d491631b76d7976
8427,Americathon,a1ed267a9616cd8d69986961c787e79e9262cb36c5c534ad3e1a90ce958d3269
8446,Sands of Iwo Jima,ab7fed64c4a5878dec30bc8fb4cc4f9298f250f8e99918dba1434f0ae6041b36
8447,This Island Earth,8913193fb9fc47c2b6623e36ce9128c9b54c263cc6729ec3f48ec43fd2272295
8450,Anthony Adverse,b58af550497082ab623c6c545a8b1a2d2c7076976e8db8215bf5be5f62b274e5
8451,Blackboard Jungle,c1715d7ed608fba08be7c8704e388dc67e85bc2f73a036166efe1f020e801ceb
8454,Luna Papa,c4481c173061e44113ab1bb8dcef3a6633b46b9e44de9edfed1c81d4acc7c5d0
8456,Investigation of a Citizen Above Suspicion (Indagine su un cittadino al di sopra di ogni sospetto),bfff4aabc8a2377cf145a875c690c3829ca2c4996f4db9943b3cf430c10d9c61
8458,To Each His Own,848916667b75499c8d5b367df2266991c5834e76230f738696d2d51f74adc312
8459,"Heiress, The",eabe47be97aab401a8d506598c709a66b08a9cc319918194e93dfb65b94db96d
8461,Dragon Seed,a7ffd29cbcc8d940a376c02df29b21e53cdd9fde1c661e00f340c423e01c669e
8462,Executive Suite,fd51bcf8137e1e0c248f41a47268a3962cc87e2de79789f83f2b8472c1ec3b05
8463,Johnny Belinda,beeafa00e122cd24ae5524b787f6374dcacd1edaa15585e698062372cb17983e
8464,Super Size Me,ba57f81f4048e5e1e1e1156a7793218790875e97924f9706df188a5ad57e7a48
8465,Johnny Eager,97783210e4b244fdf1dd03539d3730a552aa5a0a59c333674a37d9c51bedd662
8477,"Jetée, La",fbbbc92319a33049c0b4a724b4494e3af62224fd1f9e69a6cc6c1cd387cee4e4
8481,Northwest Passage,8b8e76f1f6e02b4bb7fc9731884fb4b5b2194e416da132cab17305ceeac26221
8482,"Picture of Dorian Gray, The",abffe15cf0080fe9c7857aa7b4103b009f01ec09e0c7b3d799143d2ec44d92f7
8484,"Human Condition I, The (Ningen no joken I)",9ad8b5273597dad06a0da754402b83b743f0eb8d55879df8129494cf3e28ed45
8487,Please Don't Eat the Daisies,a4fe6c899b0f39b83764d2e6cc1024d69959b325cda236767896ce16ce4a616b
8491,White Heat,ebabcea0b4457013e01c935dd140c96f94c7659f971c387f86753708ed911d9a
8492,"Christmas Carol, A (Scrooge)",abffd1ffc4c09660db24f1026807fc30321cacecbe85c270a542e7859d1f78d3
8493,Memphis Belle,b979b622c3904978046a3b93fe9ec24681b176adeac61b43392de43e60f1dbc9
8494,"Cincinnati Kid, The",ee4e513524b40f61d2e779d2b84a6e3c70d824e3e9c1133e9f082efc71a664e3
8495,Animal Factory,84a384ab1f3c03f20f9edc2d64e136843b1c0bd69cc36cc9d025f2a7c33ecb7b
8500,Godzilla vs. Mechagodzilla (Gojira tai Mekagojira),beee9854c23bc7998d101f6e91c57c3ef4101acfc11c27668f436c1bd1b131da
8501,"Hitcher, The",c404ecd99bdbbd267919c2f6ad6438dd58d8c6a52e13907b53acb5892d0acc66
8502,Show Boat,bbbbc660ecc85bfea6063333b353b994f10d00cd81fc3e71d0f73b31971008e4
8506,Fear X,db37f91320e806cc6acef533eb931a50286841f8c73bdf1b3c43b6bc36b48603
8507,Freaks,c508bae17bbfc45f1076c5024247cbbe5e654d0a25a13e5d35f83a11729d587b
8511,"Immigrant, The",d202d6972ff9ae49dc447966a9b7819a6f16c62786e32f49d548373c9035f890
8512,Silent Movie,c5804f7027f3b6ee5c6cea4f4f166532a7223217b19f199b388db01c986ed06e
8518,Anna Christie,aaff5beab7013f0fc834b0500de3d063270dd2ccb4388f31d0c32dc7d36cf21c
8521,Dr. Jekyll and Mr. Hyde,a765a2ee9aae1d187b8be999bc5c01ef9974c197a19acc3c97b3b044ce229911
8526,Around the World in 80 Days,bfeaa4415bfe99beec1125fed4017a30c0176ce2b044338fb31033bdc245cbe6
8528,Dodgeball: A True Underdog Story,c34356b6acada949035436a5f94a3e5207d372d8f491c52327e8b12e59ecd4f6
8529,"Terminal, The",c0ff5f3a1c81b94577eac4bb5a56f4cc2d5d46ba950bce560adb053c59863401
8530,Dear Frankie,e1ae6623a4cebccccc6459868b34b398b2d3a6632e46bb4199967998a4c7a76e
8531,White Chicks,b3a4edf55c5b12a2c6069bd5cbead066264d61e19c3e5a35c19136b26384ade9
8532,"Door in the Floor, The",e99b9e61738dcd329364a6c949727bcc26d911a7472db4465b8069569ae9529b
8533,"Notebook, The",cc162e272549c0fd53bc1b922f12385ad869a49fd92f6b24ed71c789329d3696
8534,Two Brothers (Deux frères),c9234d982d37b42e14cdc2c9eaddf33492a48b622e56bc43374aab0b4f37fa42
8535,De-Lovely,c49ecfcc3963783127b8b19b689c95ca1065ba4792676d3ce5186c991dcb91cb
8542,"Day at the Races, A",eebb518ad6588f54b407e00383cf9a0db964c1fb4a70cd0c9d0f76c266f1349f
8571,Bob & Carol & Ted & Alice,d32a04afad57be9cd330e961f16176482e32a4bcd29d4a4da46513a759b481f7
8574,"Claymation Christmas Celebration, A",b1a1505a8f6e33a19d1632effb810571f24a1c3620fb6fc45cf86807d8d50f2f
8575,"Happenstance (Battement d'ailes du papillon, Le)",afef9514da927aebf0047141e2edceba07b211e53a3c7c180f0786d6e0b073c3
8577,Comandante,c726e76600efe0077e109bc464fb171d99c7e670c1bb64e3bf385ede662c8001
8578,Undead,914e9aadd5abe5d22c526a5552ad97aa4d123d659152aa5b1a75c4b5393e6946
8580,Into the Woods,ecacc8e113c3331ee65ccd655daabaa8aad54252836ab561c4a5cabc5b4a754b
8581,Pirates of Silicon Valley,90c748b20fba97cd61f538046f0f7b563a37648fb560f170747922a574f095a6
8582,Manufacturing Consent: Noam Chomsky and the Media,cc338544334ccc338c73a2cc3b7b3ae34f324cb20aa437ba2bb729ef0ab97299
8587,Mayor of the Sunset Strip,91007af605186ae51fbb2c937f1e3c01d58cc1cc87e6a3ed39e6eb6179617611
8588,Killing Me Softly,c613647f3067d29b689d9c0c3787dc82f7c5d321c490cdf1fe4ce186031ae337
8591,"Philadelphia Experiment, The",93b0b91bc4ddc3b81903917e26c13c4e9cfc67314af54ee85b83b13625afe055
8593,Juice,c169c2784a348e870f87bd2f3f1ad8dc5af435a139416f02c79b52b587320f7a
8596,Revenge of the Pink Panther,be6c37449780c803693d379987dbc86dd82685facbe1da5f603be13042ac37d1
8600,Angels with Dirty Faces,afeb9a00909e64be6bf76663916bb9ddda94a52c97225b35c0434c9384643b1e
8601,Zero de conduite (Zero for Conduct) (Zéro de conduite: Jeunes diables au collège),b387272dce3c58833dc3ce8c933c32505a2cb10fe123c837b47f1ccb3ecc716c
8604,Taxi,cd01ea6b48e4f1853efa3591c97fe4fa3785126ac091600ffa683b953b6e03b1
8605,Taxi 3,895f609d5a9fe3cf6bcf1c93c634610b2203c891f041352c99d2ea76ccbdb72a
8607,Tokyo Godfathers,cc6401e8d1940ccae88731cb07d9f63502ebfc0c19cefb947c6bec6924bdc765
8609,Our Hospitality,fc4e9eb4d7b12e194c4c30646d22f7933a85e50c79ccd82e73a7f0b32604f1c3
8610,All of Me,bda52567c21b929a9eda8e42193b6335e30ce44e6fec2d847c92609992d9d87b
8611,"Farmer's Daughter, The",bb9d3c7bc4fe4b94ca0990b3db06e44cb0b09f71b50a35b53cc609dec4b46741
8614,Overboard,bfe0622bd0bd67fb9342301f27ec38700f8378c60b1583fb4c5e18cc9e62c3c7
8617,Butterfield 8,bbae38bee413e6c9b79585e1c260e3348975d8bdc50c8f419cc9e41dd45e901e
8620,"Exterminating Angel, The (Ángel exterminador, El)",8e2040021d573f7ef3a3daa84acc2bff65783d80dc31ba14a87fc1f86ce87686
8622,Fahrenheit 9/11,94cd59cf09b662242e4c2b19c323e663e4dbb4deb5f69939990b4a6d8a824db6
8623,Roxanne,efeb3eaf9416c14136edbc10ad60c0d9c194912dc05b66af93247ada25a96b76
8626,Dr. Terror's House of Horrors,bafe33ffe7103c14a1d585e0f809645dd1983b46c70389fccc70c6a99a17e986
8632,Secret Society,d97e47ae2701f0fdb97589b12cd01269e92ead9637119b555ccc2b1172b38c43
8633,"Last Starfighter, The",97f41531ce0b4ef2fce54402880fcfb055c22ccf0a3df33476cc1fe427f3608b
8636,Spider-Man 2,a448bdfd4833c663334e5b19d2421ce62d2f9b69e8d8a1a5b161a46cfd89f076
8638,Before Sunset,cf833455307dcbaae7843415097b32ea3e1dcf9781e030694f874b8598d9e16f
8640,King Arthur,82f54875bc352aac51ea23c843c21bcadf8eeed474e5e46586671c27813f383b
8641,Anchorman: The Legend of Ron Burgundy,f04feed1853b132a861b79a6586c7c8c91e69a49939b5b256c38a59638f14f99
8643,"Cinderella Story, A",e699c63299981a6d9e67b19c19b6319dd366a4d9c6536c72b18c6c374e699262
8644,"I, Robot",892b89c8891a993633b4f4a737ccc64d4e49cdebc4ae67b4d21b3ad2924b361b
8645,"Maria Full of Grace (Maria, Llena eres de gracia)",a299c328610c26de23f437fc36d86d82cc836c9be4bd48fb0db31b99e7818796
8650,Long Day's Journey Into Night,a4454623e487292771bb289d90588e6696622e57ea16949d4a35347b7bb6f5dd
8656,"Short Film About Killing, A (Krótki film o zabijaniu)",b8f619b3c74be66c3c74ace893d29bb264cf331b934d9b2c33346c30f008f20b
8665,"Bourne Supremacy, The",b999d9991198cabfcb226e40246f166aeaa5700476dba7d5cb2a6d2226673676
8666,Catwoman,83665cbd6a42c68d799b363d4d8306703c6119c6c7c91f04d309e333f31e7ccf
8667,A Home at the End of the World,8b4cbfd83e8c7a0fe00760036871ed52e7923769917fb45eb4649a6bc30ac3aa
8670,"Testament of Dr. Mabuse, The (Das Testament des Dr. Mabuse)",eba46eb090191fa1854bb54eba47d25b43b94b81c84378aa19b8b7f417b497b3
8677,Flash Gordon Conquers the Universe,a3bed007ff8aa1fd70f086080f0f883c0b9747c3b8ea9c776ddd81423107ef4c
8684,"Man Escaped, A (Un  condamné à mort s'est échappé ou Le vent souffle où il veut)",eaee60bff13360b7b056df40b5111b7995413ffd9540a5509b0ce5909b1b6788
8685,"Miracle of Marcelino, The (Marcelino pan y vino)",cebfc843e06560bdb10187bcbe1437e9cd5a1eb594b7d1cac3401c6dc4b06976
8690,Slaughterhouse-Five,c032e41b3fc03fed0b3dd9363ed031f8c4fb980f7207c7d7a7f4399838606019
8695,"Bachelor and the Bobby-Soxer, The",eebbe62393c099189d3c463fe016634ab75206efe467f260d1c01ff01ca7c29e
8711,Mr. Blandings Builds His Dream House,bea862e59c471c7ae03ee18591c9e99987229636d11d970a9ec6c1f6e439956e
8712,My Favorite Wife,bfaae6f59247d1ace2090e53b93406c6e0b92cdc91d5e529ce7698d3873d9803
8713,"New Adventures of Pippi Longstocking, The",fb34a54b929e4e6d7b1c2da2b1ffc61c0e62a5506873b1a7ce5036526c6d3324
8714,Night and Day,bffde510c9360ff69e4212d3b0c16bc9e54d1a0dda29967e926292767032ed84
8718,"Snake Pit, The",cbc16476b42253219cfe1f895a48887687ff422fa314657c3ef39cc698c53369
8720,"Super, The",ea3d6829956e3dbce195c3430f2a924070966dbcad1019ea94cee7137293f2d7
8724,"Leopard, The (Gattopardo, Il)",bdab2f87867c9478d3a34bc0cbc1e1e761a1e61a965462cf9d4a9b0899813c7d
8727,"Day of the Locust, The",efea0fe09c0fbc0fda4160f0f074d10ef1e6c326cd19d093dacd6c9d84d2e452
8730,To End All Wars,a37298721c7db6351caf4e8bf689518260b2a673191c19b48e795b4e71cc5a7d
8738,"Woman Is a Woman, A (femme est une femme, Une)",ebeb2bf4a5126e9a9c5cb14cc3219973f046c43e87bdc7b550abf0c0441d9c71
8743,Biggles,c1551b11128f74ef6e63c9364f9021cd3cef9e14324896799b4dcf82789491fb
8748,"Yesterday, Today and Tomorrow (Ieri, oggi, domani)",ed44920993ba2dc61eb1f30f6b0fe8e9e5cca272fe1496976360ba409335e127
8753,Unprecedented: The 2000 Presidential Election,efece4a69291cb7d564a3a9be4b727a86f20c9033549a4722b7253425e4e285f
8754,"Prime of Miss Jean Brodie, The",f2af1ba28d4e6c15bcd8f14be115847c857b99299f0246f5807690fa93e193ba
8755,My Voyage to Italy (Il mio viaggio in Italia),f619fcb8dcee871381f52067fb575a492f56549b84a8a91ef08814aed4adc270
8765,This Gun for Hire,feeae235c0bf39da8d450c679418927bc642b38a831dc731cc30c37db1d3e2c3
8771,Sherlock Holmes: Terror by Night,94448e96cf97db265a3ec00d3df3e150686d69fdb160e27b33ba90a7848473a5
8772,"Spy Who Came in from the Cold, The",94192b43f0cb1abc4f2230d637a1385af5e6c73df193305c3cfce2132fd2718a
8773,Sherlock Holmes and the Secret Weapon,94045048dea9224b4665ae6f0d30672f84bc1f6f2d924a83e68b9f9d5cdb79bc
8774,Sherlock Holmes: The Woman in Green,c31c43be3d973e4167b0e1cc3cceae63a6613ef8383cc80749a3f0716f7001cf
8778,Sherlock Holmes: Dressed to Kill,ffb9e3cb204fd610d258537878239a079b7889ef8fe5d4a21bb0dc10685e991a
8781,"Manchurian Candidate, The",944593445ab34e9b6d9be9243764b45f2db49a6d4aaf6aaac8cb595094932795
8782,Thunderbirds,8891786607d9e0367e8cbb39d706c0d9f86687c9a172da093daca763217ede0e
8783,"Village, The",8309d8697c4e2e1583b1d1ebbc4a0e946f9199f3c16c73ceb4993e3369c219e5
8784,Garden State,aa6f257bd690b4fb6b6f2936858adad1b56852b42d830f5bc3e09891315617b0
8795,Musa the Warrior (Musa),97636cd9601cb7231e87d89c23f0cfe298df137e7f8000045af97e80a40f8f7b
8796,"Funny Thing Happened on the Way to the Forum, A",e56bbf6838c5e7230238bcdc0a628c73d39c81be5ffabc016e2f21fc41c19c25
8798,Collateral,bcc84d4bb33934261ae57a54db95a1aa6b1204a58c4f7e7b309a6b29cf27c3b4
8799,Little Black Book,b8f031b1cf87c6c034189b1cd9e564e76636136318d9c69c6f649b6c9e1364f3
8800,Code 46,d26ad87b6e95a70407bc15b5ccf34ca3b043ad4a631cd355dfb9121638c32da9
8804,"Story of Women (Affaire de femmes, Une)",dbbe930932496cf2e43ca6cdcd877b9031588c6fc7c1739d9357303ec3c0c921
8807,Harold and Kumar Go to White Castle,d01e211be6f1e461a273d216570fc7c7e4a53c2baa5202bc178310f2e46cff5f
8808,"Princess Diaries 2: Royal Engagement, The",80417dde2c0153fa73b6af814c7e78f1b5c6230f4e1a247137a2d10fcbdcccca
8809,Danny Deckchair,b6e960199b1a0db35ce2aacce60a5eb186632bced99cf2192af984223badc1de
8810,AVP: Alien vs. Predator,f74c3603278b84f140f058335b274704bec9acc154f64b3df86d19dbe6cbab84
8813,We Don't Live Here Anymore,bbbbb005a4649949c98f27b662859a94b9c461fb9f317326e4744819da33c73e
8814,Without a Paddle,b105b14193ef8b61c45084573cacb034e607e72a6a5e888afc9be89bfd9efc86
8815,Exorcist: The Beginning,919e979cbd8ce49cec9c8f8c1b94db9cc29c869ee68c748ce58ecda8670ad502
8827,"Bill Cosby, Himself",bb30b265b360375e988a199bffbf0273d8191bc81999183b27c69ceea4da419c
8830,Anacondas: The Hunt for the Blood Orchid,c607c1092a462576397496c5d7f90e83523ab12dbe6421ff6796ce92b8996799
8831,Suspect Zero,c5e8ed2ee1a6e98feb1bc62929338b30291a22c896613d3384d9795add46e679
8832,Warriors of Heaven and Earth (Tian di ying xiong),d18344bd2e62a87c330ed91f3df49bc1435b653bc4bcb4e446173f834db058f0
8833,Vanity Fair,9555941a6c2acf87578531e7197363d1e8f0083873a836b39f3f10ea18c7d9dc
8835,Paparazzi,856b2d4f3d06816baa87283ea56f9e87b125b1392f9597c4a97a2e9804ed29e9
8836,Wicker Park,f8b5c8bc08d4fac3451b2db5729c92fea4646469f3b71136b348724a3637a4b4
8838,Alice Doesn't Live Here Anymore,ec5bc6bb1b830279ad2f86d410b47e4b670d14faf60f991ac468f5878c84d333
8840,Who's That Knocking at My Door?,faaef80198c19a6ce71465bc3471c6d6cf110f2b99cd30f4e1704b4bd14b9db4
8844,Camera Buff (Amator),bf02dafd80f7add5c2bd72abaf5529529d40f528dc83c2a69846a562d92646a2
8848,"Vitelloni, I (a.k.a. The Young and the Passionate)",c4e3b2cf3b1c4d3064e9b1bc93c366c3cb34c33c9c4b1c6139e4e586661b5b1b
8860,Cellular,faea3f0b9515a0f80f319d1668bf41037a804aee81700efb9d1ae391ff8f9416
8861,Resident Evil: Apocalypse,8276b2735993199d2ccc4ec646bc6718c666b066323b64f1b37b3871c5b6c9c3
8864,Mr. 3000,c30bfa89acb3af322b7cd0cfd0cc9414bd34bf748bd36acc1acf1c0b3509052b
8865,Sky Captain and the World of Tomorrow,e55485be3c38d2f137f73485529a4ab58de1245ab4a593a573a1b996c1236ed4
8866,Wimbledon,ae962f86db199b689743d87998790dc3cc83618f67cee6086326307eec30e3c3
8869,First Daughter,93e4ee08fdb5ca50cf37426b948718fb14b3cc67e0deb38df30c320e63609519
8870,"Forgotten, The",869e879c4ba19e87385ab373a9e4d9ce1e0b849fa5b90cb1ec43f31a861831cf
8873,"Motorcycle Diaries, The (Diarios de motocicleta)",abcd74f8dc326307737987c78c0cfc3685a750f93b19c38860e65e0e86c1ec74
8874,Shaun of the Dead,d06ed217c1a7c1bc2f91c3e84bc43fc32dc16f1f338e3986ccea3242cb2169d6
8875,"Come Back, Little Sheba",f9270ad09730b1ad5c19e7329b4b669631a264cf91b8cf5b13f1d842b9ee6922
8879,Murder on the Orient Express,d40f650c2b708ee3b6863324cd7d8ef335e36d84da1a36d98d6cdc39648713c4
8880,Mask,c666ed8029992266b27a39991c37b6279f81cd896bc3e26b69d2c85c639cc6e6
8894,Orca: The Killer Whale,9c4f874178f27a98f6856dc59d78cb1e945b62884c84c825679919dbf36b05ea
8905,1492: Conquest of Paradise,f32c4cdb8c66a324f7994de248c6b2a51cb9b7327d1e2acd214cd9339ad11ab4
8906,Cannibal Holocaust,d9843643c2666b9c3f997942b4401d61b1894ebdf1af52bdcc77d0443d7225b3
8907,Shark Tale,91d5a2a44e75b4177306eb0f18757991c498e7e4bf2adb79786066cdc68513a2
8908,Ladder 49,867570c4a27654ab0972b7a91d563a5f9630806ca689907f7ed794b9d6e52a99
8910,I Heart Huckabees,df3a7509e4a501b5fb8f9a55087a63829e6779ea81492c75ddc218be8f109d86
8911,Raise Your Voice,eebec15391019cbca745df8be83aff936f1550e091a8244c2f5e22f290bb168d
8912,Taxi,9f6da932a5b48530ccfafecf08ca9b188f1294dbfe88c704b96d4db383b1006d
8914,Primer,8c66788e331987314cc618e6b71963393ce79ccec3d96733133bccc6cc4715b8
8915,Stage Beauty,a87068807ed4f7d7895d0b7d7806606021e8d7f9df77903f549f778004301f7a
8916,Shall We Dance?,8cf39d33731c6a882b19c556f1f0808a281d9723c8ed5a8ffb69697c1f82faa4
8917,Team America: World Police,864dacdf29f012a03096b16e998f8d4ba59a95b324728ccffe2d7634ce53894b
8918,Eulogy,bce4924bcf0c6cb0e4f3c34f2f0a36b4326b3e04c693c93ccf4ac3c4387b3e0d
8919,P.S.,919987c863e44bb2669935e63e73d83b5914c4cc67c4e71a37a3319e744b6447
8920,"Country Girl, The",dfea19ebe0906c3cb62cb60f9247ca24e166e175e3a1a65be958ea4cda178c05
8921,"Rose Tattoo, The",bae5d682cc420f6f95bbb4ec1bf0ca11c68fb115f8d5b16e81bd0fc990035c8a
8928,"Fearless Vampire Killers, The",f88e0eabcb33f257b64cb5184de64aab4a3bcb33d3a460c488537a9b326b3d10
8933,"Decline of the American Empire, The (Déclin de l'empire américain, Le)",fafb1efa84d1e1c1a70ff645860d4b3fd924a454e1869c37f1c4631cb4d09c07
8934,Bebe's Kids,adefcd658471ad25a4cc6a4c54ce66b266bbb41b3d96332a2129cae5b9671324
8937,Friday Night Lights,95bb24e441a6af397e5f4ac36b05f93624cb80ce71b08578acae3f244ec98f0d
8938,Tarnation,db50b7a52be2d2da414560956a0a355a9eb55ad1ad6aa7b2f7847a5958149d2b
8939,"Final Cut, The",b00e927e5ef069d5699f2d49656b05a6dd50695aa5a0c2d31affd124163632fa
8943,Being Julia,8ccc84533133f326cecc0459b9b273a63a8dc65a4ee931a7cd1a265bcaf16cd6
8946,Surviving Christmas,bce79320ca903f0c8deb68d49333c8c0971ccd3b62d4b5a378cdc63fcd6ac30c
8947,"Grudge, The",b52bdaa15af5a5554b5a5aca6f9627862f065586b52a49524a554a55695bb56a
8948,Alfie,98d3e310bc479c6748fe80998f196d1861e3c734b61cbc47dcc4d38adf83ad31
8949,Sideways,bfb04ebee26b39435ed746bca23c1b707d05c00f52ca2afc8f3535117948c2ca
8950,The Machinist,d2f294933d592b4c49eced256903c29396d014f83eeee1076929c93196f636ee
8951,Vera Drake,fe4de25d80eafdb2f83683470fd021708101fd376f7e03929f81805c727cfe05
8952,Falling Angels,817070705ec3bc870bcca1fc03fae053f851a5f415fcc2b77a2f066f14dbc1d4
8954,Lightning in a Bottle,9002be86ef86cb869bc479463d463c562f565d1e4d5a915e652e606f625e263b
8955,Undertow,c250ca017963d378c7de8cf7689db3c89dce0e86c3b531681b0ec786d0f49c73
8957,Saw,fab8dae9914525980e734aadc083b4636fb4d357326564a81f9a12ed709edd1a
8958,Ray,e8b3a9322f5ecdd41d63d4ebb0613b1092b4633d449fdeca6b488e9972694970
8959,Birth,c63b4707b1ce38e8b4313339b9c7c4e7c719c79c3c6738733898931c6703c4c7
8961,"Incredibles, The",c938356b568f761929e783c42ff84acf3cc189f1727edc2891398497c49c317a
8964,Callas Forever,ebe562e70b468d58851aad1a6428633a6b656d65643386f9951b96e794e52c2f
8965,"Polar Express, The",8e5995c8eb366a3472cad2bd35998d334d4497496233fdd00366195dd2f16636
8966,Kinsey,eaafb5783487cad4d4009a53c50cb891a73f5ca8a3f5742f9bf0302fdf406174
8967,Seed of Chucky (Child's Play 5),8f1cf2c122d48e9e69677b600e3cecafe96125520adee61bc9f481951f91d0dc
8968,After the Sunset,834afed1dcb7a32c634cd4be09f5db0a3c176ef3416267c007a02365ffc8b884
8969,Bridget Jones: The Edge of Reason,daa9a956c1079ac89ebb4e34ad08e1c730ef3f3ccc10116db2cb30763ca9cf1b
8970,Finding Neverland,b1e0650e569812a0e80711fb76756e4f9be8dcd7215ff3205e5e097a31a3c617
8972,National Treasure,e194c5141e7b3aa910a74cce6f58a4623ec5d3b52a543b5a7b8b312987395f93
8973,Bad Education (La mala educación),eea26aeb9155b0555eaec6ee39111a11c47e605e331bb5e864f8c29593879c5a
8974,"SpongeBob SquarePants Movie, The",f3194cdb4cdfb31403f01fe5c64e66396a341876320d791935f8b10f1d1fea24
8977,Alexander,ed63ba989a9445f583b89a2bf447168a4cebbc1f531a49e40ee4395db54bd203
8978,Christmas with the Kranks,faeb9d1c90862c6bdd9c20c79649f7868d73d2decc409238675f6f61f9208851
8979,Guerrilla: The Taking of Patty Hearst,ff81df703033087bf387cfc8e6739c997e66d89748f961f64dc043010c18265b
8981,Closer,ee7e6dee91d19235948cedc86e7b2d6281f4309f9cafc60c62648d1269997261
8982,I Am David,9149d93d5932b64a36b449362726e6d434d9bc596aa6da6c9a79c5bcacc26c92
8983,House of Flying Daggers (Shi mian mai fu),c1e6e8c67e4d9679b530b9764b99c389349e9c5809c0c76cc6361bb33de1c5c2
8984,Ocean's Twelve,b505007fc05b4b9043f8e56873e036f2941b790d79f097836c2fce66761fe313
8985,Blade: Trinity,a1fca96956b75e972c8b244a6255d2d42f2991b43deac18a3e176e33c1cc8c75
8987,Bush's Brain,d964f404361b916c4e710cf339ac6ecb2ef3723c9d8fc986d078b61ce507d071
8989,Damn Yankees!,d83338ee0701c7193cfc3d06db1cd23c68e3391bc4e630f07f4943dcc723e4e3
8998,That's Entertainment,907c6b810f87e07a18be4f0e3fa19a77e8941f409dafc8736c1eb45a398982ed
9004,D.A.R.Y.L.,c7224d02b9d93f3d7f05403940bb6e6f06e03e063116d1d2c5f251fe87f43e39
9005,Fire in the Sky,93113cde600a896f1b7dd23064fed781f02ce51af862434f2ed2af569b052ebc
9008,"Invisible Man Returns, The",befb9d76615f428ab1264da9f21a9338ee44e635fc4ba44994a7da0981d42c47
9010,Love Me If You Dare (Jeux d'enfants),eb8aa71d8715a8e71079d6b7e066d78ed896ea42c43cea5985b13e5294e97821
9018,Control Room,eda436e6cf46ce6b3a199e98b29a61b1925b71649b936584325bcc729e528c93
25746,"Hunchback of Notre Dame, The",d9452798b366c44421989b272e2b65ae7936727964b93b8e3966453b06c955fe
25750,Sherlock Jr.,8c8ed1b9f3792e660cc61bd8391965a796666c7acdbb918966161e7039a54647
25752,"Freshman, The",b7442d9d5924db94a19733cee8ede4656697131e81d252de436ed16652a24af2
25753,Greed,92dc9ad33d32696c61cb67a46f34e21f640a67782431c6d6366736c396ced20e
25757,"Jazz Singer, The",c19776453f98626a7dbb4ae3c754b00ea1059fd336ea7c396ab2c1ca95078835
25769,"Steamboat Bill, Jr.",906f9fc83c4660e66fc39fa4b1bbc1b9632c331c3a8e16d036c9e687a63864f1
25771,"Andalusian Dog, An (Chien andalou, Un)",93a5b3a53b232f4a655e815a145bcd16ec5462d039b45cb64e9568b5cbb55a8b
25773,Little Caesar,e948429212a22d4dedd71a06952c67b390458ccde7f3397ebc9a87b194ecf10f
25782,Boudu Saved From Drowning (Boudu sauvé des eaux),bee4f70dc9010824c2ee76d995efd0b0d332c72e841ec8cb5e80ce971e879af4
25788,Scarface,aebf4ebfb14438ea91521b1b9541e4c7c431c716df799045b078910ce5b9c937
25795,Dinner at Eight,afef3cffda636b00b6c19ab9e13ce51cd2a2c2d6e1dca405b3439b80a434700f
25797,Gold Diggers of 1933,d0714dc71061f789211fd98c0e7c78cb2efe231a59283b3130c6877e31f94e77
25805,"Atalante, L'",cfea3a2bf60463ae9c51c6bf5b852c19a178d6859683db48ad2598bd6686259c
25825,Fury,e3fe060fcd063de0ab8079dfbe5967a710fc2f18acc34ba932878840d3d8c257
25826,Libeled Lady,ebac92aba9754e94e4133bd2b64b560dc0f3641987c49d32d49cb0e826d5e5d6
25827,Mr. Deeds Goes to Town,9eff1aaf69586b1ec19565b1b059b247968585349b2691928d61da5bc5c02db7
25833,Camille,c74a09cef825d0280bee5f777010f315379fe29520d280f22ef39cda9d1e4c9b
25834,Captains Courageous,861125c3f84cc63f0737386c75c0b095135ad9399bad493569f535f27a9216bb
25841,Stage Door,a2b3e3b319c83ecf566eab246d30e43a267df6953c9b81d85149bd44cce67402
25850,Holiday,97bacad53c6e23f485f91b866f85e47ad03503c32d3c1abccccce6229601b599
25855,"Roaring Twenties, The",891dc847669a5ba29ccc4cd33d30a3d83cdc4b363c8f6f1a66034f698d6d98b6
25856,Wuthering Heights,c43b39633f0464984ad299963b417b6d3d859f197a36b0df3b48c4e2cd8bcc49
25865,"Letter, The",eb8f6b05b51984fcd844959c96ab99c760e6867c685de5e293e269cac7128783
25870,Here Comes Mr. Jordan,bdb8aa66c2812f40918efd3c62eaaaa11f34658d547c61aa7a77ab943966b591
25886,Random Harvest,c55338346669e54a90944caee353203d1faa7d408ab52fea5b40649d69fb2f5f
25887,Tales of Manhattan,c1fa6107daffb8f90bc619cfa558afce7c11eef0da865823227691d44081237c
25898,Day of Wrath (Vredens dag),f1c2c2bf46b59d5f5b4a367064a584eb9716d0bd9b4b4a12cda4696964a325a5
25905,"Miracle of Morgan's Creek, The",eb87c9f1cf18a452d872618fc4c27b678d287f2cd16d1bb4b2870768b1672989
25906,Mr. Skeffington,d2d7251bb99359c92dc764f5e42bf6d0638ad232c126c94d2586e4b0613f9c97
25923,Great Expectations,faaa7805c540c6b8845fd95fc2076780916931feb384d27998f33bd2996e3de0
25927,"Stranger, The",858b6a7096a735a89b523ef56608eb2a189ad64e63a4c1536c72dd0872f53be7
25937,Easter Parade,e605e334bd309dc690cebe59825a4ee9eca346b3a30c390ed83aa43737adb592
25940,"Lady from Shanghai, The",8bff5aeaf405af17d410b65fe161cd17b55818e0a14247c1607ccd2370b6fe38
25946,"Three Musketeers, The",a0d29a4fd4800556ba396a70ffde3ccfc2b88db9ad445e2c80775ad1d62ce91c
25947,Unfaithfully Yours,855032ab635ef028a5b0caea5bff6dc8f01281bd5bc34fa7281a66a99b4999a7
25952,"Letter to Three Wives, A",aff8639cb0459471c23f9c6b97586ad1c39ce0869d8c1786b76fb3624d22291b
25959,Annie Get Your Gun,c440749f32bf01d645284ccb17991325191f28b174dc526b59dd711e26eef777
25962,King Solomon's Mines,e21bafeea84159213cf4a043965ce17cdc96f1da2eee876f7b2059da043bc448
25963,"Young and the Damned, The (Olvidados, Los)",ebba922d9245cda2e5d9635be5241d24985a5a9b7aa4c6321f8b854d67672996
25996,"Star Is Born, A",90b32fc2d636836b7a39237c783c8599a58c9af31f8e5be366c642739903c439
25999,The Wild One,9d5fa51a41a88a6f661687a42120fb1cdc59a1b4a67de44b633626f398fdf512
26002,Confidential Report,b1c3b1cfc8ce2c302453727966694ab81f389928a4d666242d7f4b7f4ab25db6
26003,Night and Fog (Nuit et brouillard),a760a7624360d8d9b81b11b66132df23fbd292db10d94c0ded49feeb88d0749b
26038,Teacher's Pet,a7064f9e1b8aa06026b320f931f1cc91b3ca4c767d6773264676a7e7b52e3a88
26048,"Human Condition II, The (Ningen no joken II)",9ad8b5273597dad06a0da754402b83b743f0eb8d55879df8129494cf3e28ed45
26052,Pickpocket,e6cfce3399cc398e4c92cff36259319d3d8c925998f731e0848bce5c0da818ce
26059,When a Woman Ascends the Stairs (Onna ga kaidan wo agaru toki),9122b64ca752e19bed896ca4c266dbb1dacdd695e6d59992bd30e936e04aa928
26073,"Human Condition III, The (Ningen no joken III)",9ad8b5273597dad06a0da754402b83b743f0eb8d55879df8129494cf3e28ed45
26078,Advise and Consent,c0019c289fbbe34105e79cb0ce708fbe395fc1430b70d87c1e3ece3fbb81cc4a
26082,Harakiri (Seppuku),975b72b660e685596c78d2a69bd764586aa289876c5894e298877b5cc73a4ca7
26084,"Music Man, The",eebf4abb91d2e4d0e684914191511f6c9f4cad1193333662a5c45aec9b66d927
26085,Mutiny on the Bounty,eabae11c31f794ec9600693291cad6cc4a817326b6576cd3a143352edea64afb
26095,"Carabineers, The (Carabiniers, Les)",df79a0804b7d1ea33eac217fd7c2bc10d861c7c63ca05a8f651ee161469ed1f0
26116,"Hush... Hush, Sweet Charlotte",ec8658d2e669676df2b4f4b29a73cacb99992d24fa6426131692329b256d626c
26122,Onibaba,ca7911ceb7cc7679802602cf61512bbde8b3b4181e57c4e23b3c1f1fc7a2e05c
26124,Robinson Crusoe on Mars,afb06a95c0af3aafb273c57ac5d496e4a46835689194b3c99f81d6344334b1f2
26131,"Battle of Algiers, The (La battaglia di Algeri)",f9acb67096714fbccb1c684b05e474871e8f39d8e061b36143f3a41b26f19f06
26133,"Charlie Brown Christmas, A",a5e8179b1837e86fcb4913b0947abc9b6f9552c440f0ed2d34cb16d34d29e1b4
26142,Major Dundee,87dd5433d96673cfa4312f62a2971f9c59237320b69890f149ee89232cd4c2bf
26147,"Thousand Clowns, A",9b665aabe499b565b9566b564eb296a93399d1628926259d66c91a4b93546b34
26150,Andrei Rublev (Andrey Rublyov),befff820c123499f81f89ec4990435ea965df0b2cc45680d853527f2e8f0ce1f
26151,Au Hasard Balthazar,c00717fbe6414ff13844623dac4799ac8f219c6bc1c7e21f7ad9c7861e38b0cb
26152,Batman,bd84c07b2e45d19ece41363a6996926bce0be1943b4a343769c89637d9f9ce0c
26158,Closely Watched Trains (Ostre sledované vlaky),d85f717630addaee4bc261832326b85b3c61ceea23324737148abac1d67d893a
26159,Tokyo Drifter (Tôkyô nagaremono),f04340b0e18ebfc04078f1830c7063df9cc0e33e1f19e6fcbb276c81d27fff20
26169,Branded to Kill (Koroshi no rakuin),e6ae66ef8c542ec994099134a1539d719df14ba5f112b0df9c64e1556996fc11
26171,Play Time (a.k.a. Playtime),bf61c4d8c01e33059eb88ce6e10fb03b99e027a4de0f7919e1f84ec69b19b5a6
26172,Point Blank,bebf3e07936a43fcc98984edc4674b3285f885de5887e44147f05adfe40148e1
26176,Titicut Follies,ef94c14f3acd911e0c92669be53c5a65b04bd8c19a3281b259b6a36de5cce5e4
26183,Asterix and Cleopatra (Astérix et Cléopâtre),e95ace5b91856ca4ceda349931b54b67c662b59886ce368464b9db1b92643b65
26184,"Diamond Arm, The (Brilliantovaya ruka)",c1f09e1b36316e70cfb2133c387f324f948e66838e8466471f312f116fc833e7
26195,Sympathy for the Devil,ffaa8a60867e4f57bd0191f8f0f5adc1131b9ecef26629d85a3811858589159d
26198,"Yours, Mine and Ours",abbaafa05e786a7f708b01548f887641b67cac51c1bb488eca5e1f9db441925b
26225,"Claire's Knee (Genou de Claire, Le)",babe1abf8443a56195e31ad1c3c5e52725789ef0cc3d4a61985bd2d362a7312c
26231,Performance,a3ba078bdec1d8d4e177e470d6119347338e97ad5ee9782a8c8169f029761762
26236,"White Sun of the Desert, The (Beloe solntse pustyni)",d89c19333fedd6ccd440e6cc7664a75d97362132d1933d0b960f8d946db0a98a
26237,Zabriskie Point,fefa23ebfa0943ce3d919417379dd90ed38cf8732f3878f38154e1208f00e061
26242,Duel,eaefc404d28a5affbb503d8a95172ef4c584659bb168da3d02e2b5ea0f0de428
26249,They Call Me Trinity,afb7958595da8a09ca082726b5242ef644f167db3759da2dd926f426a6424e8d
26258,"Topo, El",a7ba9c6790d961d85b738f35c326c64ace890ce79c1a59399a69583698a419fb
26265,Dr. Phibes Rises Again,8403bc333b7aaeec4e8d7e22067f645d6895cb7225bfd93233293091d04e66e9
26283,Charley Varrick,efd4f40fb1354f50128f70f1ce0ea5bbd15392870069c27c2dad7c00965e0fcf
26285,Dark Star,8027b1bb6cbb6e0c3d183f043f20e1eec3c84db07c0ee01d9b0fce69e0efb067
26303,Sisters,c32e150bbd006a1c0b718df170dff0d6e960cc96d4b59369b71abd07f94543b4
26308,Turkish Delight (Turks fruit),c1ef6eee36d8c3f9c377980abc8037f49c69ce11b3062c668f19055d85e48596
26313,California Split,ae7ca52a92e97af4cf826dd83d8dd83c697c97abf80326d4a7c46208bd064962
26317,Emmanuelle,eba517fa967a79ad96b63a56da48e9518d21c4e18d849134d2d1b41af332364e
26322,Gone in 60 Seconds,fae6e285a5e8bd522dab0d7b8b9d528ddc400f2d83311d5bf80b63ba9cc3041d
26326,"Holy Mountain, The (Montaña sagrada, La)",f3ba60edda053b08fc5071a3a58e0e1fdb502d61c5a1b2d6a43ac179b4e1cf17
26340,"Twelve Tasks of Asterix, The (Les douze travaux d'Astérix)",a92534e4f6da49fc9e2d1243f49eb9e1ca482fb70520da0ee9f31ca08bbb255a
26344,French Connection II,e6a5631919fa1d429e4760b44335ef8be55b1f1a91f434e570879ed84a58f322
26347,"Irony of Fate, or Enjoy Your Bath! (Ironiya sudby, ili S legkim parom!)",81a67d027e49f0d93d8293a7e60fcf5a30bd8ce769c04bbf83d2c464426f0db4
26350,"Passenger, The (Professione: reporter)",fa203d44c71ac3bba19f6ad19bc41f8a3526bc49ca698667669ab3b489c85ba9
26357,Trilogy of Terror,c41767491be0317b6c2ce78346eb70b03f040e4c7b168dddd76278cdb4e4c2ae
26359,1900 (Novecento),9513d81c7a8c36e30feb4be9a573a566294ce1a662887698b0d2787a5e2d9763
26365,Futureworld,912cb1244aa46aa769639931b39036d0d6e4ea9c6ccbe4db3ecd2569e55b669a
26366,Harlan County U.S.A.,830483662bbcfd84e441ccbb0cebcd79587a7839f8f4d0fd66ce8d8cc31c431c
26375,Silver Streak,bbd197ad85ae68dace5acc4fc0e99c339923394c3e1e6653c0f1ce64930c9925
26386,High Anxiety,eb39b53b6ec1cac20e563ea4612c69493891b427c65ec2d3c4f29d2e232d73f1
26391,"New York, New York",eb911caf9466439194bb3a6e3a5a6c3be1ad90b6165ee419cd23918f384c4d6b
26394,"Turning Point, The",8cd8988a33e566ff4e029b115baeb2c6658a25994c33dde4b9cd23dbb31b4033
26399,Five Deadly Venoms,80bfd13e1ecc1e5863316e6139868c9bce1e5b06b93b303b3e472d3a6d923bc2
26401,Last Hurrah for Chivalry (Hao xia),ae7b077da579666992bfb436c846f8e294260f369ea5de0c604fc19c6518f412
26409,"Clonus Horror, The",8d1d62c632ca9c3b6933c5ec86eb4fb29d2c3a0b549a8574e36156936d87da19
26413,Snake in the Eagle's Shadow (Se ying diu sau),c50c0cfc3073f10e86fc4e789f8d00f36a753f73788c439d6b13380478a93abf
26422,Hair,b7aed959c86a0f35e999e266b1dd1926da2560d98c66ce49d09133e6832f611b
26429,Love at First Bite,8183e9206439b069a4ecc62e9a9eb8dac2f34f794f0d96ce70c2cb33dd84c767
26444,"Hitch Hikers Guide to the Galaxy, The",80eb52b5b0135ea19c5283a08eb5c3fa2bd61d0f2f5b4816ab6ec87e437fc09e
26464,Blue Thunder,f4c7058c4f10ba3c0b284a7373fc2fc19cf333900c63e82b1b0f1e6763972ef6
26467,"Day After, The",b7fff000ec2408f397ead204e24d9dbb5ca3a54ca97c7835782a87f8ed117086
26471,Eddie Murphy Delirious,9ffc61006085525b4411094e69a51bbd9b36bee4e4d9bb91b3388e674ced6b2e
26472,"Norte, El",d3d6a7ac8c380d8f63c79030fd27cc6392c4a23cf0277c9346d8677468bc7a8b
26492,Twilight Zone: The Movie,8545c9455abeb43a6be1638f2f080a7d343f4fc116ce719e73983c6332d2323d
26498,Boy Meets Girl,db74ed3ccb34fe14ad3ccb64e49039326de992936d2f12c3c6d2498b92e10ca5
26504,Cloak & Dagger,9d10d0436648a7105bf273ac2ec569b3690fb6ef58e75b992c3e6c4df13c9106
26510,"Ewok Adventure, The (a.k.a. Caravan of Courage: An Ewok Adventure)",d4a412e20dd7087fd87f9b3f58334c801f04e8db7af60da8014d69573b6d7b0c
26523,"Silent Night, Deadly Night",c1493cc44be7d33b26dfd2043d20f05a263431bf3eca4d2a78f42f41721edc9b
26524,"Times of Harvey Milk, The",baaeeebc679c9210d047ed520bb8d1a7bd464a119625ef5c5a9c91ae6dca5230
26527,What Have I Done to Deserve This? (¿Qué he hecho yo para merecer esto!!),bc01bc0043be41ff4ef56ed2634a73beb9b5cc85d447bc529f119449864cae34
26528,Anne of Green Gables,bdb6c20653f98e59beb1cc860b464d79aa6171d1f1ac3bb44d77a50e5c94a242
26539,Death of a Salesman,e00089ef1f1c30ff38c237d70308f030dd77d1fb1c861fccc6ff9c00c7e03c37
26542,Ewoks: The Battle for Endor,fe55642b311694b6cdc3c14b94349066e078d0db949b969ecc766c636b31799d
26547,Police Story (Ging chaat goo si),bfa0697dc45f9722b448f8f0c623b64dc2694fe2905e201746ec122f1f67b6cc
26554,"Quiet Earth, The",d351691b6da4f610324b99e2b92d46f4e6cb934eb974ed30ce86729f8428b561
26555,Spies Like Us,f9cf9638c3766bcd9c90d1b6c66b33923f84686394dc5a34e3a98cc6d2269219
26562,White Nights,ff00b73c52f74d9f1d1b32d11d16cb853659950282a4a05f69ebe65a6ccb7320
26564,'Round Midnight,96da569292951ad4a69aa73ae5354c75d8e72d8e8d0c4b3d6af5d14b610a49bc
26567,Club Paradise,bf6ac015c1953fea9a7241155f8e12c73d31ecb0e140176f0abe6850d56b1baf
26578,"Sacrifice, The (Offret - Sacraficatio)",bbb1c21b4ce63bc4904f3de49449e431c4e3cb65d931d24f3bb0949a37862e9e
26585,"Better Tomorrow, A (Ying hung boon sik)",cbabceadaec18bce781c3c1775c3d1482cb41937170a9648b1e56e2ad53249f5
26590,G.I. Joe: The Movie,e427cba413a8cb0b6e43724828d6acd22ebd1397b59bbb4197601e9cfc1cd42f
26593,Hell Comes to Frogtown,8580a1b739334d8c61989a4bd077851d9f19fa57de0e8ced634bfe4417a51363
26599,"Law of Desire (Ley del deseo, La)",93e0c1bf508285f18607b338f4f38b9ccc3e83c61c7878efe3cc3c66ea0c6879
26603,Prince of Darkness,c5c88bf3b3a7f0c818378e0f8f18e78633c399e1e99448f06c747039636cb59e
26606,"Chinese Ghost Story, A (Sinnui yauwan)",de582ecc31ce3137be11c4c8399c873f4ce739c171b939f3313cce4ccc60c1c6
26612,"Better Tomorrow II, A (Ying hung boon sik II)",836228a6bc4783df32581cb3771bd3e8e0656bbfd60a85c13ba52c1e95504bdd
26622,Dominick and Eugene,d09d529522d5297fcaf46c3f0ee38de17d0bdf486b4b0b0f06955215241da5d5
26629,Killer Klowns from Outer Space,c412853f33e532e543ae7f1e7c14a6d121eef78813a943eade046c17a55b3827
26630,Moonwalker,8cc59ce97a31695649c6b3b13538ccaf63cfb2d058b9192d874e6b6e90f2211e
26631,Alice (Neco z Alenky),95a8f884781495e87993963727ee0e5f9a7b69da4a9d52276e30618739c6263c
26645,Life Is a Long Quiet River (La vie est un long fleuve tranquille),bab13dbfc59fc4d1e0426350f301b3c43c4f3c1b94b39935c5b664361c7c2cf0
26662,Kiki's Delivery Service (Majo no takkyûbin),b36dccb21cda25597b64b4ba491956c6b32677992c92da66344ba39848b3d84f
26676,Almost an Angel,874ce19919d7da76ea105e865e87b1894661be61e1becc96353ba0715868ed72
26680,Cry-Baby,e8f7d401970e287cc0e17a99a5a392e78d5858abeb7766a9a1dc9f2282557718
26681,Bullet in the Head,ee1ba98d18e9f668b5c75eb2736d01d23c2c896bb39478b98e474e133988b066
26686,Ghost Dad,f52be19c2aa53c47c6da9e511edbd6799a679b4c3342e1862913473af10136a9
26694,Ju Dou,ab4aa966336516390cbb6dc3ac97d49b73c62f34aa1a61e777048b9a829e3334
26695,"Krays, The",96d66697cb4cc96969699948e6961296868e6bb5190c656d3ab3954e68a1bb3e
26696,Lionheart,abff2b7fd20af4009435dac3a590c8a8ad759ed6da855af4c528e58ac696d0a1
26700,Nuns on the Run,d500d5a22afd687da54b272e3ba6e31109d54ad35a603eefb4d512b672b00a5f
26701,Patlabor: The Movie (Kidô keisatsu patorebâ: The Movie),e336c5498ccc4ee691333b93d1262c664b8db4496ec7c6c9e45d4ec6b1181b9f
26704,State of Grace,c390c3f1d2523c173c47bc473cf9c4486fb9c3d2e1761bb2c19043f9d3481e8f
26712,35 Up,85108d106a8fc0af634c33fa94fb3eeb0fb68d30388f728fb648a7384a365aeb
26713,Days of Being Wild (A Fei jingjyuhn),ebba5fb31ddd708cec74d308e5e1a4fbb609ac97d301e9e4dc80a95090d68358
26717,Begotten,fc5603a1bc96d7a92a97975bd3b1fc9e99a130c32659a153e44ac8bc60cb107d
26726,Dutch,edb4e4319644d9c6cd9b199a1b4c4329f125f9e76e6cb62e0273403be0c75ce2
26729,Hearts of Darkness: A Filmmakers Apocalypse,baf1942bc14ec1cc952bb533cc6e78d2c1fc3f011a034ed396f43b846d1e90f9
26732,Johnny Stecchino,ace5c39a94440f3c1acbf4b29f4c439b782ce75209dd9c2b4b4cf0f0878f9d62
26736,Riki-Oh: The Story of Ricky (Lik Wong),9594c2a516ef96f24b18251a3e333d41794d398b62d7616f9c4e6a8269fa6c66
26741,Mannequin 2: On the Move,8562a5b1569b7e86786f8e32259ac7231a1583596f94c1ee0b85b9cd9b54d5ac
26743,Only Yesterday (Omohide poro poro),e89cc2e29673999f63e18c186d9cd3439e31e18cd92226915f6e3b097b3326e6
26745,Other People's Money,d0861fd8625be1069ffc7853c30617bc60d3cf00f13e1e636dc9d1bc1e1265cb
26750,Quigley Down Under,d6b52170895a48aa6b987787d4c296a61a67997831977da81b78987fce217c0f
26764,Captain America,bbaf912f6c476ed28530b33899434ec3ed4d390cb4116cf1c44f67dbc5309b24
26765,City Hunter (Sing si lip yan),c52717ba38d8e04549ed914c66f73c1699126bfb94311fa36b4fec0c619c5b86
26776,Porco Rosso (Crimson Pig) (Kurenai no buta),9b3ba4e345c69a352bc045ecba1921f6dc66321b89f67463e01b9be2642d3e3c
26777,"Stolen Children (Ladro di bambini, Il)",bebad044c36e3d919815a1619151cd9d326e3bbae7124aeecc1d7271b1456b99
26778,Ladybugs,fe5c7add90beb56a97604be0e13b6192c393c4b93e2dd20f5a94305d944a2ee0
26782,"Mambo Kings, The",9ac51433f77a6bdde88ee5aacc130d7dd526f81309ddd32132a21c5ede0065a1
26791,Shining Through,c599c7683f66b0bb706b3ae680e6c31961d9c2983e1c1e874edb6e64c9c23999
26792,Sidekicks,c112633fb7609df79d9ffc8136e0cdce591fb10d69d8d1c8337cc70221309398
26796,"Heart in Winter, A (Un coeur en hiver)",939126a1d4fdf94a4b024f3e34d98ad29317b59f24ce3162eb106fa594f8da19
26797,Visions of Light: The Art of Cinematography,aab0b64f354a0bef4fad62d240bb384d54bd8720db17bc86796d82f447780fc0
26810,Bad Boy Bubby,a69bd6de51f1ad64cb6f832395b7159d195c7e0d4668646744c464b812d95873
26812,Barbarians at the Gate,9f7bcab0f0401f2f0e5adae139e2c0ca73c519bf9a183b0c65bb62b9b3309853
26819,Fortress,8569946d1fb853ab9614e536c3c530747c76729e7a986b32c949954a1ce63e4b
26828,Mr. Nanny,bb9160df5e00c3bc1a75d5c2f11c43af68517f0ac4b98c1f1fe0bd1bd0a32bd0
26838,"Snapper, The",ae60b0b9725e97a5cb26cf1b8c39cc783cd1ccd43c9b7846b2e16b65b4a36250
26840,Sonatine (Sonachine),8415f8057b05c415ccc71b2e324f6ecb6db23a661aca3f3a6ee24df825f093cc
26854,"Darkman II: Return of Durant, The",c1068e3998c66cfbd8667129931c2e71ca962f3890e6037e58d96b17f4beb326
26861,Freaked,c2dacb0ea68d36fb0bfd9d251475e3d4f080d8937d4fdf088a1b33c3e1249494
26865,Fist of Legend (Jing wu ying xiong),efee6aab415591626a97c3de1c02c9fd8d20d999a051efbec801eae1c7d8b421
26870,Major League II,9f72eb81606e17c81f81e176658ecee0d3712586ce39db3375cc70e3c050e789
26871,My Father the Hero,a64ec0675931358a95fe1df25d13aef888c4c0376233a241485ded55bfe7954c
26875,"Pure Formality, A (Pura formalità, Una)",b058a24d0baf3cb2bc40cb4576bfb49b49d949f65eb25f411eaf129aa414e1b1
26900,"Last Wedding, The (Kivenpyörittäjän kylä)",b799e09bc864cb641b26780f3493c0f8e678770e2b0f90738ef12bcdd10eba8e
26901,Last of the Dogmen,e14cefea12a4ae33a773b5361af2c45c17ac988cc552919318a9dcb1915a3aef
26903,Whisper of the Heart (Mimi wo sumaseba),d1162bca146998d46f936d67c749139b319696311ae2b46ce4c643e5eb197b1b
26913,Street Fighter II: The Animated Movie (Sutorîto Faitâ II gekijô-ban),c432cbf0e10333cc3b5f59a46f01b426d2a359da1df8cc6bd2f0b13279b83c9a
26928,"Summer's Tale, A (Conte d'été)",bf04c07fad926a74362d7bc284b2cb0f93d074db4b7c59250cdaec8fdba01238
26940,"Late Shift, The",d23c603bc1cb2792779186c48f3bdad37cb49c343b2dcd673ce23839c49c630c
26947,Pusher,a49b49255b6d6296daf6d2d128944035cb7fdf656e503453c2dded35cda02581
26958,Emma,bcfb3c121cbf001f370c32e9f04063e9f77c633a867c33be30811c36e827d972
26965,"Boxer, The",efff64639d042bcab118b0019423d0dcc0bfc189c2719a3f9ae71e3f93c587b1
26974,Gummo,d5a2e4a6cab5c4a7b46e146e246c166c3644b542b543f367b336b3379a338633
26985,Nirvana,9baa5933665db44c94cfe2556b3b1cb2da84493be53026f3ba45d904e59a8e25
26999,"Lion King II: Simba's Pride, The",b9e1660e42d63d34594b258546be982bd9f86967f50b027ae4f45a0da5e712d9
27003,Beowulf,85998789636638565a765ae53a47707b22c8db435d2625bda7988f0e8d3e3d94
27006,RKO 281,e6b1d8b01352174b4f8971965aa66ac83e49a72b2fa931b6f033796c686ef115
27008,From Dusk Till Dawn 2: Texas Blood Money (1999),c065426553ecb7582d9a3d1bd495d68437ec997cc85ff46e0cc183e047e198f9
27020,Gia,b2ec33fd337758239b211fe29fecdc04dd100e8137713f3ec82ccc1ad914d20d
27022,Thursday,d44e2cdd96f6ce87638dd13f70d58f8386683a50f1bd6a5cce709d093d129062
27032,Who Am I? (Wo shi shei),dd8f8c25b927d4c86c6852ea34d84493c1f3c5b6c7c647eaeb863a4b3d05380f
27074,Brave New World,c12b0f952ce9920bdb004864871671d1c8fe9b3fb5d6d64f9732ca45856b59b3
27075,Addams Family Reunion,e1989219923569dcfb5ebfb18d99e91c9863b9a3d69300d9033cb366185c4d67
27105,Purgatory,d09186c377a1953c0f7ef2a3f09e6e601c0c183c61762f871fed32f1327a4ad6
27124,Bleeder,c0f49528719bb6974e4a787e2387c15bb7edd3a4c9722c91729adb48a434c672
27134,Dark Portals: The Chronicles of Vidocq  (Vidocq),91e1b5b3b236b20c26cea15ff3311632866dde613bb3915e5da28dba090d67b0
27140,Candyman 3: Day of the Dead,c312eb8d3a501870ccf9c3d13b872c32b4bcb11f27f4ce566b074e617c6851fc
27155,"Batman/Superman Movie, The",f52001dd6ad79d2e22d5cb4835ee2fd27c8b5a2573da79c94e84b403b339c720
27156,"Neon Genesis Evangelion: The End of Evangelion (Shin seiki Evangelion Gekijô-ban: Air/Magokoro wo, kimi ni)",f2549fde8396d2e8b70c3636e82b18840dffec3339c581f1673b80434c8c97b3
27176,Style Wars,d284a9d43cabd209297f4eae27f17d6c2d7a8621f87d1349f6d429f4d285d280
27178,In July (Im Juli),d818397baab0a2ab5c1fe6f86ee407e7561797dc0ee431c390069b5e186c7983
27186,Kirikou and the Sorceress (Kirikou et la sorcière),c47e6ea2d7c1d1743a958a9d817c7b01d12bc1782d14aa75d877758784f8a4ec
27193,Taxi 2,85b1a40b2e5abaf44ac9ab3357b999977930664b5aa718b030c878b69f4879de
27246,If These Walls Could Talk 2,eda765c665b64f300db92931cb255bede16d489ddc8d7926c186e2057259924b
27255,"Wind Will Carry Us, The (Bad ma ra khahad bord)",b2d71b354c394db41ac63946f1496909278b2738187ca6473a67bd65adb4d4b6
27266,2046,ce04e3a69be87436821b249033fbc00136cacffcfc000323ec921e7cc1ffff67
27306,Bartleby,f49a57c6240407c35c7713e743cb6d067e74f16da2f3f440abe7580a0bf46970
27311,Batman Beyond: Return of the Joker,c6ccd71a593319b5790d624f6249d23923364ce698ce11f9b639363799c69ccc
27317,Audition (Ôdishon),f2cd4b13c5b23c5cb1b1c4dfa73e98f92d83332632d9cd86c07be1891c64321b
27320,"Nine Lives of Tomas Katz, The",d418fc91e47376647bcc01ef2bb7816e333526f2c42c9d91d49b3e33c6487207
27328,Monday,9f57ae0379189e1c5282a6c759692cb062d727c7d3d9f0389b5ce83b460764e6
27329,Paradise Lost 2: Revelations,ac0ead0951c171f030b452bf4696328e2ac8cfcc0fd11675cf734b6b5bc72697
27368,Asterix & Obelix: Mission Cleopatra (Astérix & Obélix: Mission Cléopâtre),ebd1e9fa142e960462dc86dd0f4b634134f5343cb61596b96de5c1c742cef10c
27369,Daria: Is It Fall Yet?,bd0dc437c3c0c38b1c363b236b1b38fce496cf619e6c36cd9233193364b8c999
27370,Late Night Shopping,c37e1e9db64e77802a8590257a7cd3e3d3e383c26c015d2afd1a62e8e4f068ad
27373,61*,83ccb18c3fccd32f4cb30cf05833c63fc3cc7927b87e22c46de51c32949aa1dc
27397,Joint Security Area (Gongdong gyeongbi guyeok JSA),b400ae5e8b5cab49b5a596b712d755d2d5417d03f53a54be42b5c3f503c20a8f
27408,Ripley's Game,8326cbacd0d9a453f63330993cdcbc06bc26915eab512f01b549e2f45bc35b6e
27416,Jalla! Jalla!,f804f27407e30f89347f01f76980d824d3393c593c4fe7c99f8101f761f9da70
27420,Teknolust,f9574764eb0c9b88677510ad027f354b46d9666ecc19b1071cd303fa333d61ca
27426,"Accidental Spy, The (Dak miu mai shing)",9319e25d4545b4da1cb688255872e5588d8936def0db63c3a126273c56bdb2b7
27434,Darkness,c3e0987e1c07c788387863c738e13e3ce3c238c7863fc33ab8f30f0f4f0f38f0
27441,Blood: The Last Vampire,ce380d8c30c73073cf3c871ee9c926cccc361b2693136dc9cccc38763b36734f
27450,Blueberry,f2efe540140a497a6f355e8f60b2bc1437468bef4bf51e906d9c60071949e3f8
27473,American Psycho II: All American Girl,db9c92241666b7ce3419e426e36e02fd3f0d9fa4383de009c7e8177f93039b21
27478,Ali G Indahouse,f1809e7fee00270e1c3e55f1f183ca82ac7f25715bb1199a32e0e1618d3f96f2
27480,Dead or Alive 2: Tôbôsha,b3af1f25658360ab4831f18599643af6136fe652bf382e0cb58aa52d66c4e1e3
27482,Cube 2: Hypercube,c584366a39516d0f62f274e24e018a7958beb584664fd2b83737d2e6c2a6de95
27491,Pulse (Kairo),bd6f2f4902a6d092da285a672dc184be0bad7b5df0534d98277623e1dc9878a3
27513,Dog Days (Hundstage),f1119331c44e729a9540cfe578bc944ece4e6aba3131cbb56e3ab00acbe36fb0
27523,My Sassy Girl (Yeopgijeogin geunyeo),e131671c2c2fd8432a498f611f6346471adc88e8a2a604fed95b9e4faca5beb3
27537,Nothing,bb8cc2f13b8c3f0ec473bd0ec5539c0ec0711a8c4ee53af03bac2f613178a71b
27539,Undertaking Betty (Plots with a View),d555f0908f5f0e6a90118285fa065b9a8779f8e267831a7e836ce31d3a46cddd
27549,Dead or Alive: Final,fa4962575727ea50a1d01cca6cbdb9fb6140955e7b8b8f80b25e6b0b93d52e08
27555,Fubar,8623a413a8dec1fcfb6c328344d17e6612360b9f29bd9c6485e8934dd6fe6c58
27563,"Happiness of the Katakuris, The (Katakuri-ke no kôfuku)",83af3fa3eadc6ad0b705b1142f40e45951b2bc2ecedbe94e8449511b72626f8c
27584,Dead End,93c3d0e358fdc6b6a5b3d51cf09c63b7491c3c699a695a16604f898f3521b863
27592,Sympathy for Mr. Vengeance (Boksuneun naui geot),9236e716613a3eb259b3598932c9d0796fc5cc633be6a39e561a03c4d05c7ec4
27595,Jesus Christ Vampire Hunter,c0d2b1030d2cc17c77c33edc2aeb15a06e0ec9f33f783283709ccd6c39b1cbce
27604,Suicide Club (Jisatsu saakuru),9017cecd48b495036be5c4febb8369698fce34179d5a716db4d2c4b031a434b9
27618,"Sound of Thunder, A",c12ec176e9e539c53e201e389e2925816ed1ea7c5e329bc416c9953a43be4aef
27619,"Lion King 1½, The",b78cc0f17ff2b30f3463cda4485816bec3cf39686c19bed4d96306c91298e970
27627,Oasis,ac9bb6627a746d8a8349a655e396d12cc6edc958693596c6523868c145ed973e
27644,Remember Me (Ricordati di me),cfc0a66b103e708ffec0aa50613e352fbac0cad0793e8d3caec61ab950792fd2
27660,"Animatrix, The",93942c7953ea3825468852b309f366c5393b9b3ec68e98d8c9c9e6c7b397a62c
27664,"Brown Bunny, The",cbbbb2015db69545da4406bfe1024effd4a92b58a355353193ef981645dd524a
27667,Ju-on: The Curse,94d66dda1eb8732ce845cab116bb25e641497b0d6a52e4ef950a1e841fdaa1b6
27674,11:14,d49c7b426b4394b1652d0b4b3db56c3cb2c2f035cb2c30d27cd7934f1f22cb34
27683,Tremors 4: The Legend Begins,c740b0652f9b496446733c8c2660f99e7c024b7c9ea776d8239e6b2b689a37e3
27685,Bring It On Again,e4d8ac55f92e946347959a95c3438dcbcb3692a78e4c321a1add599ab44e9b25
27689,"Crimson Rivers 2: Angels of the Apocalypse (Rivières pourpres II - Les anges de l'apocalypse, Les)",e3ad651c8c9c18e3dcf09eb7d0167890bb86e35696339f6b730ba3218e344267
27692,And Starring Pancho Villa as Himself,9516879342ed6866678b1cd13836330f44b95ef02f4fa5a136b27a5aad6dc21d
27695,Nicotina,c055adfd218db10f7ea881484f2dde1d989309a33c6ffc0f6f8085c3dc7ed620
27704,Battle Royale 2: Requiem (Batoru rowaiaru II: Chinkonka),913fbebcbeb09001414741f46e1a6f2f43ef7ab0be148553b4299e9c39cb4869
27705,In Hell,d8d0dcc49ec4c265f3e197339739cb3bcb33cec18c4584c7e7a4c3a370936318
27706,Lemony Snicket's A Series of Unfortunate Events,a24c80275bcbcbd85fb501efe008df032dec81bf306a7c9e5781b6e068dc8f1b
27716,"Green Butchers, The (Grønne slagtere, De)",866c93374ecd3d9cd438f0997307eb0f1be04ceac7943bb0c03990772fc76883
27721,"Very Long Engagement, A (Un long dimanche de fiançailles)",d11982df6ee2d84cb71c42e218e72f10e44fdee27191cb1b364234ec4b3dc91f
27722,Last Life in the Universe (Ruang rak noi nid mahasan),f29a8c31e545729f18ba63458f95d03aea4527cdc831e1e6df42169f4fec2854
27728,Ghost in the Shell 2: Innocence (a.k.a. Innocence) (Inosensu),9eb2ce8d90f572fe43428dfb32e42492e8db194b47e0a7d6843d01ee0733d8a6
27731,"Cat Returns, The (Neko no ongaeshi)",994964c8691a3bb6cab71af664c1290b965ce431397ae5cf238bb67eccb19862
27741,"Twilight Samurai, The (Tasogare Seibei)",c01f60473e431c391fe08798678668e7983bbe2ce61e6d81d9ecf23f26438d9c
27744,"Facing Windows (Finestra di fronte, La)",968dc2de6bf5e403e80b93f56e228d0cc5b4026ae93589be96caaa45786aa8f7
27746,Ginger Snaps: Unleashed,c611c02378fc0dbe8f9629c37030343e2f3f3ff170d0f049d14fcb4c43ed0ef1
27762,Comic Book: The Movie,ffd7cff2c328a055b485b40d3076cbaacf8a1859633e35ee8f712701d2451c07
27768,Intimate Strangers (Confidences trop intimes),a4312f1b5bfa19fce147d580d8fe783e54898e14ab78a0a38ee76a51116e2baa
27769,Down to the Bone,c1494549be96720c8f3eba363177be32b8398c3e8c32b177b2c2be1138358df2
27772,Ju-on: The Grudge,d0b02dee7c0f83c4ccf0781b2f13c0e52decf30b83d7fda3025cf5c8821e61f2
27773,Old Boy,d1bb6f14466c1879391cc0fb6f92d46dbe4c4b93c0e32a4c898d2756673c9da1
27776,Red Lights (Feux rouges),9c76fef4edbe959b338cd58a5801af18ea353b6285d61c31d82ad27c0e11330e
27778,Ginger Snaps Back: The Beginning,926a19422dd564bdcf0e9bc2b278652f4597d4b03a0ba386d37d924d748aadba
27784,One Missed Call (Chakushin ari),8623273b38dc78c0872dc763f9533c1cb894e381c66dcb6238b439cde3b3ce26
27788,"Jacket, The",c6e7c6674dd3c98335e991ed5b197a99c4db8d04ad1cc4984f08cb4dce30971c
27790,Millions,dcc4276e59f2e4ca0972d3d939f656dc971cdcd2624f33600a89cc22265e471f
27793,Starship Troopers 2: Hero of the Federation,c0e4c4e16762ea665b456f1b6c9c9e88325b30dfa33467243d2339369586d9db
27801,Ong-Bak: The Thai Warrior (Ong Bak),c461ceebf25e730479e891745bbb838593172c7ae4646fa0e4e4260e4e1fb658
27802,Infernal Affairs 2 (Mou gaan dou II),905992fd83fc536e734fd4402b784af8c0f5edcfcd493b2c3234d235b2c1cc42
27803,"Sea Inside, The (Mar adentro)",ca8a663bec654c969d9d9965592e93691379523bb4c696274925a8d4a36c5d6c
27808,Spanglish,ec7d96849a462971f99156c6e6682db9ad46839a51bbd884478eb56a82c66cdd
27815,"Chorus, The (Choristes, Les)",93ebdd5f743a0ae82f903e01de2959f6907ba41b958ccac2cab36d151cd41ac3
27816,Saints and Soldiers,b4c726748b66499e27189963b98625cfe667e69883698e72e592669936243b67
27820,"Story of the Weeping Camel, The (Geschichte vom weinenden Kamel, Die)",9030cdd933a63fdbc02463b17bceec4625353373c3ba848c1ce35e689e3d9307
27821,"Interpreter, The",92b08ae24a61664894d3dcd7ac1db49b599b2911eda35b7b4962f6d6dad48456
27822,Open Water,9163eba66e8c945397721ebe6c9991619326649e48597361523e749e7ad15b61
27826,Touch of Pink,fb268e93f2c9413608fdbd8cf511c6db8fa8381561fe57808a332be1056c6cba
27829,Slasher,c3c5d3672e382c942cb8c5a2cae3966b3e8cc93c972c679594774cc6d5c66319
27830,"Bobby Jones, Stroke of Genius",fe79aa4f5182d5b23c7f4a4d4789c730c0749cf33d97258e43680ab1c8b3d147
27831,Layer Cake,b49ac96fefb836f7b16b49c612d1049d63354dc0b660d81e6b1c0fb92dc8312e
27834,"Return, The (Vozvrashcheniye)",cc4b111455a4cc9bbb1005ed76b33615ee4b63322225be7b633e4b849bd79cca
27837,Flight of the Phoenix,a12f2b8450c8c2eb3e72342fb44fcb708b87719c4c18defb35e82e475225633f
27838,Mean Creek,de38a3c3381b53e29e18f0ee4943bc3c33c2c81fc3cb78539e3863c78c0a627f
27839,"Ring Two, The",c659926b31cec98eccb02c346734ccf139b6331993db3893cd9226e63696cd9c
27846,"Corporation, The",cd99dce432666799c7191a6698634b93c79cb8cc39e9c6594e8c996298774726
27850,"Yes Men, The",b3aec9eb1c79e6182190b9a7c68e9e196a27896437d0a2529374e522e4f3f6c6
27865,Azumi,c3322cac295c93114ee75e06d13bb1c46b3b9b23c4867b6c1488e577fb428f79
27866,In My Father's Den,dbbce4ce256082b15a8fcd69e45a7a342f9ddf46d07836949ba5645b9270cc90
27869,Tae Guk Gi: The Brotherhood of War (Taegukgi hwinalrimyeo),9daf8fafeffee041e955a152e9588209d63d7708b08195a2548294b1f8555bd6
27873,Metallica: Some Kind of Monster,cdd5420c342afad37a14a5ee4e2b7d9d23fb1628f96e9683a58d8953f6506424
27878,Born into Brothels,e43c9bc11bc3643eed2c3b4134b0cdf8830f7039dfc02ee6e039d71899566ae6
27879,DiG!,ca67ee6d54d959966912267a2f287f8a23dc023f9187b99538d18a60d62a3dba
27882,Riding Giants,9ee6c1395ee6c83b03fe2e4553bedcc4c41bc6dc84019bde3ca1985e4bee0c11
27899,What the #$*! Do We Know!? (a.k.a. What the Bleep Do We Know!?),cd1787e06a58f80c56a56397579ade7a056a5debb9f007b9766d226e841190ac
27904,"Scanner Darkly, A",d53ce73a02539a333d2dc59e627262628cc425ec7b7e799810b08ec3edcbe178
27905,Casshern,c61c843309e6708f661bfe78ba2399e6118216e262abe88b8bfc084bda7f7733
27912,Outfoxed: Rupert Murdoch's War on Journalism,eb18978890ec2e348d6e61ceb8d38eb2e0b4b0edc37b8f7b3d4661906390d3cc
30707,Million Dollar Baby,9112f00566d59da79bf66651b50ade147ab1316e2f3e4a9b2dd813e60bb92519
30745,Gozu (Gokudô kyôfu dai-gekijô: Gozu),a35508454bc1173ee3886677d9aaccdf4ce8e47867a8e08a3b54d6abcd16e689
30749,Hotel Rwanda,f0d334d3cf2c0c64b4d96e69b4d34999b570b64d6b6cb34872cc354e33332b30
30793,Charlie and the Chocolate Factory,b05cacb347a79a596d72f10494a9e522b914d64987a209de5ac75af3c0fd9a0f
30803,3-Iron (Bin-jip),d9d714aaec4de57d65bad215332ea94618a535e35272325963259422ccb5ccdb
30810,"Life Aquatic with Steve Zissou, The",c02853f15c0d6bf4e0e28a550715442a696abec96fdcd52705e7bebf725ec130
30812,"Aviator, The",990f5947759465b00bc83b98c6c774b3327192582bbac36ccb2d2e0ddfa76836
30816,"Phantom of the Opera, The",a569a2d1ba4b948b4a956958c5a23a961d2e9ea532d4e0f8e5610f9a0e9fbd6b
30818,Beyond the Sea,948e9945985bb646a5b62df52b49833a4b3182b96ad9e392d2ad6dada5ba0a6c
30820,"Woodsman, The",8211c7f61deea28047010c6f71969f2960f3879e8a7c27e9239d9ce6b66de598
30822,In Good Company,dacfafba0731d0463bb494a1466ecf9eb8d1c24cf53a2f8142efb96152aa2858
30825,Meet the Fockers,ebba8c4d94446b138c4d1fecc2b2660bd964a5141ffb00f373a8c8b4a65398ff
30846,"Assassination of Richard Nixon, The",d018d50c750ce41e47be1f2dcc18783e3d6ee5806299b33ed964d8e1981f65ed
30848,"Love Song for Bobby Long, A",aaa229a96bb9de9284d500c52b4a61b5c3a19f4a949527a56d69e52dd7ad3da9
30850,"Merchant of Venice, The",a353d3bb198d388446926542297d656d3e8e19927c609a9dc54ee47c83df9bb1
30883,Fat Albert,9eaa7be63fe4b8e3ee231f8085044e3394399c78301bc4039c479f1f9c1d5e1e
30890,"Keys to the House, The (Chiavi di casa, Le)",cee008609993da3ebf0c1e3d9e7cb4f13cf12791c724a53faf1c027ca571ec08
30892,In the Realms of the Unreal,91b9b9431622279d90ebdb276f9ec4cbf90bb1ac2dccd6092b04af662d792911
30894,White Noise,fe70fe092790019241bfc0709ff81ffd325230ad798cc0d40cef9cf0bfd806cd
30898,"Upside of Anger, The",d30d99d06518b566adba5c0e58632f8ea879a7177af15b4851218bd6a5ba57c1
30994,Little Miss Marker,bfee353695015aeee84cec4dc2736a099115d2fe6908b95c56c8b6075a291dd3
31000,Sweet Liberty,abda5af0cbc565cef430951f390edca066ab33c1992d181f2fd16550502e4baf
31030,I Remember Mama,fa81c17a952c95b23ce3f34dc3170f9685fa34e943864ab5c95a4cf1c0ccb1ce
31038,Smooth Talk,9554e00066fa1df75b8a8dd94ce338ee6c683fd969c43724632d333c73231333
31049,Out Cold,da5f2648c64e75265aaa272dcd2b4def63692916dd249364396c1e93f4a1853c
31083,Man Trouble,a322205fd24d5f254dd6acce263d7e29998a47d40c86b0f9c77b854cafc447a6
31086,Battles Without Honor & Humanity (Jingi naki tatakai),aac6b2b5927dcd5650adb935f5025da46b576d5b4899449a54aa6a96465da545
31101,Stander,a558941e54bae4ba53437be7390e078f6a7c6e1167f0349c29e56be066b61f01
31114,Imaginary Heroes,e06ac071d8f71b1a73bcd0c63ec7c60e1e396ce187072f0eb85c30e3e0e3f07a
31116,Sergeant York,abefe100c96c5a2394d319dad2fb268db618a45cd3329ccb8ce2613e8dd649b3
31123,Ruby & Quentin (Tais-toi!),ef31a9a4c67fbc08acc071b2531b4a68ba701de39b9cf17c2d21f324527085f7
31150,Wizards,eeda954810fbc0730d307b1c849bd4cf70c7c7623e6261319739d8d287dcf01f
31162,"Life and Death of Peter Sellers, The",f21a89f5640d659a51a56e6821d5db850f1678e891ad6a54b4ecd5a18b3af67a
31184,Appleseed (Appurushîdo),cc7687e633a27a116c7f47be388191c79e1a37483f01385d624f74dc53b212b9
31221,Elektra,f24dd6350c3e0bae20e318f2d31cc40cd363b7700cf2189706cdd6cc5be6f4bb
31223,Racing Stripes,a9f735b3d9337b25203a2ba083a5b85e732cd70dd60c3b8c86cce0667c831cde
31225,Coach Carter,ca92d37e776d14da0916a52914a9369020f674ccaccd19a5bd8b0cdb6d6cadec
31260,Boys Town,fa2a6acdc8905a2af41d25fe45ea3f58b350d5824fc5231bb5e262f46c0d2576
31297,Gold Diggers of 1935,d53f443ffaa9d86a2fd73380a6521a5c5a66788728c427192e483e613be58d76
31309,Rocco and His Brothers (Rocco e i suoi fratelli),aa685a85d40fa57b81b2b9a4c664e2597b110fc2095eb61eb6e7b43dc9b449e5
31364,Memories of Murder (Salinui chueok),c02c87ea6352247479a948df26d53383da3a75131fc5cc892f33f32ee06e0ff0
31367,"Chase, The",96186cd9bbb2653511269fe664c9a245d89c3b33ee010226d9ea3c3546fd9f9c
31410,"Downfall (Untergang, Der)",c6cf98c81908e3b773f61f48a4e3cc9e0f9c2131f2303f4b24c7f2dc3dc20f19
31420,Assault on Precinct 13,9fe70c8aab3c7345333c91929c834ee96e78ce3424a76ce333c6a319781a8773
31422,Are We There Yet?,9294c96d98c936b24b297ecd3437eb3eec068cce787e51f23d2d3cb0e9c049a0
31424,Alone in the Dark,c89be89dc9d38f9437c987032c0c9e633f9c3dc3796096936c613e6499d339a4
31427,Hide and Seek,86e5c772391e319973116cc23eca4b64c7bd86da3b6239b33e1d1c2de0c8e0dc
31431,Boogeyman,fbaabba0aa23e02f3faa3bea7bba3f227bc24d981d91d0559645944594c19708
31433,"Wedding Date, The",ea0aacd0a5b5d28fdad2af70792b08cfc6f81bb48303c7021efca35d41bd1cb8
31435,Rory O'Shea Was Here (Inside I'm Dancing),c06bc52e171ed12ba063afd75bac7b652f514f9268a0bc5932131b2c8c7cc9d3
31437,Nobody Knows (Dare mo shiranai),bfff7fdf7c80fe028a11b200b80a657f8257a88172fa827e2585a05dabf6a409
31445,Employee of the Month,c79a1ecc787208a532476b1a1cf9ef0c86be49eb397f3451fd2c50c2321f22e3
31522,"Marriage of Maria Braun, The (Ehe der Maria Braun, Die)",88d16a999bf1d3c66667a09f189d62b503a543f07db8b851fa556cc6b03b113b
31545,"Trou, Le (Hole, The) (Night Watch, The)",d407e42b4ab7693379f8061c38ece95407f331c9ba1207eb67448796570e9eb3
31553,Double Dragon,859a630d1bd01a5158677c2b7cef82c426509786e66bc75b6e99785c989c39e7
31590,Hands Off the Loot (Touchez pas au grisbi),bbeab1010965a666e531c9b12c454efede9235e29c4628a7c95c3f5ce49ca656
31610,Purple Butterfly (Zi hudie),84bf9ba470cdce7b4b60989e36e3473ba18d36638619118c4ee6c679329a9d8e
31617,El Cid,a3791b6fcea61f32dc39d8cdf1a6c6903459b1c527ceb061ee31c285b192ed04
31658,Howl's Moving Castle (Hauru no ugoku shiro),edf456756446c9084c6a6f4a8563ad2d2d59e714cad5fe95ee6aaaa6514a6092
31660,Steamboy (Suchîmubôi),ffcac05f3f6c4206034e502da85173d273d55abf1eb16eb127b12ea81cd42db0
31664,Gorgeous (Boh lee chun),bbba52f89e3021af6a3e9464a1e5c5860eef8f5369860eb805e1f6060fce991e
31685,Hitch,e6c839b386d796899e4cce5a996964e3e1a6699ef318e36949a33219921e9e61
31692,Uncle Nino,e9a481ed9703327ed2f87d89a1df72a69d34e5cb471cbc70462948f973589844
31694,Bride & Prejudice,eea5a531b1591aced8fa4dc6cc26f665f245f2618dfba595e410a45417a0d383
31696,Constantine,cd99e666335919999c664e39664e631b399c998cc6c5c6e3c733933019cc6cce
31698,Son of the Mask,d02139f10e9e2d0e6dcdf26d72319db0287e9a4ddfa0613e4e9fc4a584615a5b
31700,Because of Winn-Dixie,f6ae0f51391770ee2959082a3c8f87d1d7b0924442453b583c1bd5cfcdb21fb5
31702,Turtles Can Fly (Lakposhtha hâm parvaz mikonand),8dc6b29ce225e36b2c9a5ea5934d9d72c395c08be57a337616f15e908d638e28
31737,Bunny Lake Is Missing,d97576cff18720e766321b2868637ea23877d96d09ecad3393416308a90d533b
31804,Night Watch (Nochnoy dozor),9bbf0054e667ee2751823b9968cb6e602e669426cebce26783e5d99a19930ed1
31851,Sons of the Desert,c4c6f3312cc8c6e679194e6640f3f92cf60791f415ad1f931c64a51db1c3acf1
31867,Man of the House,bd701b53c19fe1bc1ecede47cc31cf0a39d0e0b6e0b713993309e330c2666e4c
31878,Kung Fu Hustle (Gong fu),e65192665966799906d91dec7d84f46b3266c763659ea4931db3dd8c87041a6c
31903,Zelary,cfb53c84710febf0de01343fc1f859473a7814f20584ab155ccb667893c1db2d
31909,Dr. Giggles,ceeec000bf15be1093f7c04cc4403f13bb90d63907ff30ce7c584f1b91b8673b
31921,"Seven-Per-Cent Solution, The",eb49c42e96b3abc3c5c3b256cecdcbce31021e0fc26760b96db130b59c0e6bd0
31923,"Three Musketeers, The",ea4e6e75c5f395863b0d90b39292321cc86d49e76686aa5c70ce67034cf9ec4b
31925,Royal Flash,b45297064b8d387907bf66f3e06a16cd4bf369b27e910e4b41af70a43d0c07b9
31952,Control (Kontroll),8d12d3b9524938cf6d07c5bebc41363947076f8758e83ac1ccad6fc017a3cc9a
31973,Germany Year Zero (Germania anno zero) (Deutschland im Jahre Null),93bf44e2cc103f493c626811a619df26cc35f28ae399b83ff10e23dd99ae94cc
32009,Tyler Perry's Diary of a Mad Black Woman,eaab9dbf955772608454c0c2c41d3f353fe30d8f68a9a038c7c21caf3df46312
32011,Cursed,91dce39b5e271d27a068d0cae496cdb48b39226320c6969c7d3d6db32ed21b5c
32017,"Pacifier, The",ea693a6194f2b0d2da8e8dac873d68dfc2d387452d42cfa3d209a149895b739d
32019,Be Cool,bbb8b9b88453825e7a6c1de60d31e3dd62c38333c73cc69d8c87930ec3a6e074
32022,Gunner Palace,918e19ccee7d6e77e510f31870e918c71e9e462e446a1bd081754067d79af738
32029,Hostage,a16ca1ec1fd45e035c3ba9786b83e193691e4afaca026e25ad6c15c634afb59c
32031,Robots,ff86236ca0385e97a7e1a958521ac2674f4d52c8297045bee88f7f4547b0aae3
32058,Class Action,b449b4214bf60bf602f6e09bc8c1ed79374b3c5ed82a1dba07c107861bb53ce9
32060,"Cat and the Canary, The",9c2e95e832c56204cff9880bd849c1c7e98fe61cc6f8c1e1ed4bef80c8deb01f
32116,"Oh, God! You Devil",c487e8433b7817b5cc96684a26c986f1d936d92632f2c6d94e1ddf9691a36869
32139,"Agony and the Ecstasy, The",9f36bce5e388c38ef879c8f33682d87417a94f0c42cb97d4f857128aac6540ba
32160,Twentieth Century,d713084d7099ea314ecab36c3591158b7a4c6c3142a753e29758b89ebb65e4fb
32179,Elevator to the Gallows (a.k.a. Frantic) (Ascenseur pour l'échafaud),a048b9ae5e8dc604b7be290fbb543467dc9b1bf8cc058ef12836e4056557e0fa
32213,Cube Zero,8c1e4be1779f29c4d262901e69f1d41aa370d67b2d260871f49e2be59e1bdb24
32234,Julia,b4b064b6cf0f64e438e09b491b316433cb343c6564c9cf0bb133fa3cb61939f6
32243,Stealing Rembrandt (Rembrandt),bbd3a171748ac64e0b3f76828d25134b9747869f68b468dee5791b49b0d6c4a1
32289,Ice Princess,e66d799c59b30de6339d66494ccc9939119966638c671994798c2649cb33f663
32291,Melinda and Melinda,ebeaba35d216b5c68c04692aa5f14d7ba1176ac57ba0d23573968514507fe50d
32294,Milk and Honey,839e7c353c5883b27c0f406a27e39df7ccd82405a373bd84d82ae6383bcf4c8b
32296,Miss Congeniality 2: Armed and Fabulous,bef8f38cf0718fcf47ce4e60ce0f9951831c6e39663039c3931091e73187e1c6
32298,Guess Who,ceecab813117ff7fe380b300f82f905b5c58706c52e068b5249d0db995bea792
32300,D.E.B.S.,eab76b1ebc9796a0150bc24dae64cad5c448e0d7b39d50f19b706c31c4ca64fa
32302,"League of Ordinary Gentlemen, A",ff000fe0a7c0783c7e81dd432df0101f4837768199f884dd915ea99e36257fba
32314,Incident at Loch Ness,c0271f9c7edc65433cbe60af93718f9ecee13911c11e3d62603dd49c30e347d0
32371,Call Northside 777,f39bb132a951dace92e22c117ed0c034473bf4496c362bc5c47f93d2611a43bf
32387,"Sword of Doom, The (Dai-bosatsu tôge)",8f62a9da78bfca608740d5bfd8ac221bf4398be49626b4bb8941261fbc3653c8
32392,800 Bullets (800 Balas),ed2dbd2b13875416eef1c50d35ad3c7bad1027ea83c58a7009f811847697de70
32440,If Looks Could Kill,d8aa69cce6710739a79df062e74516e1cc129f9e99c5e439c11f79a69464629a
32442,Greedy,af25ea7b81e21594c0ff5ba8be118252dca825bc410ff9150ef0676d5a7fd403
32456,"Pom Poko (a.k.a. Raccoon War, The) (Heisei tanuki gassen pompoko)",baebcd86430f22f83d14d30923145c16b2eb4faf2c6eb2ebc571b20ea091ddb1
32460,Knockin' on Heaven's Door,a9b875ccc3c3dad2a40fbc6d6f70844324e6ff75c3c88086b95f1baa81113d33
32469,We're No Angels,e792ce58b27699a6673b3b651b69ca706833924ae4c2853ea4ade4c8a499da4f
32511,"Touch of Zen, A (Xia nu)",907699deefe9e4a4b4f01761de0a485209c596613dae6b39eeb08542931fd2e3
32515,Walker,e7370deda229f1dd58cbe21647d49223c7dccbc8490be3784c79923b327c1c05
32554,Memories (Memorîzu),c1cd92a87b846d43b46b93b45204ce4f9d7b39b16853261f32ad391a671f4e39
32582,"Wild Parrots of Telegraph Hill, The",f37b9620f198139bcf205b7a6c83a9c9364ecda610fbe480367bd4fe1b00a56c
32584,"Ballad of Jack and Rose, The",fd55ac95eaaad22b257d68549225cb2aba52c6a49bab7e3209d4e6c1bd2191c9
32587,Sin City,8659b0594a29cb2b39d64be45d8438aee4abbe0a32d5af550705d4356e3ee4b6
32589,Beauty Shop,8ce4e033914a3e2107f1117ab1579ec59cfd2ddcac5f78d678a61f0a17297033
32596,Sahara,9010d0214fc72fce44bce27396439f847d14d89b389f252f723de8dc48fe30f3
32598,Fever Pitch,f981fb53004a89e550b9c4debf2479096cd3a2e4d28dd63b8dccce8c13de85a6
32620,Not on the Lips (Pas sur la bouche),8492c3c27ee4d06dbd4de79b0fb626b6c9e57248404d7b02f684b0cba1f2acf1
32632,Electra Glide in Blue,acbfac90d680db290b7f3370fc8016b788571b68f5c84ac5bb0d852a74fcecd0
32649,"Special Day, A (Giornata particolare, Una)",856a853a1a9596523cc37a8d6a976af278e131389f3c2d25c3c1c9c67cee8e4b
32657,"Man Who Planted Trees, The (Homme qui plantait des arbres, L')",bfcfbafd983886034f8e6dc823e0b138dc11ccc3638c931c747369c78788b678
32659,Tanguy,f61d9cf359e0e39c3c535e21ebfc0cd0678db8631c3af3d24b48c40118a77378
32666,National Lampoon's Lady Killers (National Lampoon's Gold Diggers),afcab024e70894fabb4547f3383c74db9086e34ccf79982984fad28585e0d3da
32728,"Little Girl Who Lives Down the Lane, The",c46162f4b91ecb0f66e1b41b1bcced423c7a9fe0b0e01e7aad61d2f67a31c00b
32743,Ringu 0: Bâsudei,8c0510ff53faee81a805e67eb18c9fe09e565a15e1eaa552d6a1c631c31f98dc
32770,Brothers (Brødre),ff06820b23020fe763f43c909d91b9c5de6dca266b06f351e789a7c525953987
32799,Maidens in Uniform (Mädchen in Uniform),9546ac927c1033833f4de64c62bbe01f235e266646ed50feb8365b6cdd0635a3
32862,With Six You Get Eggroll,bdcf05beeb11fa51c6ccde4ad2232bb1859d39d9944663f83e0bc0af60719112
32875,Holiday (Jour de fête),bebeb875c02346f399cd370cb3a2f99340bfa6e436785a0852119c9fb04c96ec
32892,Ivan's Childhood (a.k.a. My Name is Ivan) (Ivanovo detstvo),d951b557e5e09fa19eba70de2867623267a04cc76438a63646d09af88c47f971
32898,"Trip to the Moon, A (Voyage dans la lune, Le)",91441bef42abe49264b2e6519b44b34c33efdd0b4cb0cc724f7f911e308ff0c3
32906,"Ascent, The (Voskhozhdeniye)",edad3c97892f81d265a96d31de32db4692c66249969a9cae944ea64c6e44de34
32914,Carrie,a62398b61b49bc86c4dfc9ec5f321cc9ccc4a456b6661f234e334e1933db3343
32917,Boccaccio '70,aeeb26fcb742db06c13449b248ff8c711dc73e8c3e44b71664b3f189e1186265
33004,"Hitchhiker's Guide to the Galaxy, The",95554ba656ed197d72b22e15788e6678af53898b752870c341b8d6bb84868ced
33085,"Amityville Horror, The",c386e19938789e6e3d8333e7c39267986e3c9c333cc336674d86919c7330c672
33090,Mutant Aliens,c3b914bfe27269c03dc63e0c0f83bd0f4659e173d0f2c2ec97a8978b3d8c3c11
33124,Before the Fall (NaPolA - Elite für den Führer),908d9dde6e72e6674f5c3318d33b66d4b2d0d12d39968d92d0ed294446d3c4a9
33126,"Frisco Kid, The",bce42ce3ce3fcb1cc1c31fc3931cf05c3a659461330f3c1eec3acc308fc069c7
33132,State Property 2,e06a07675d156daa54edb2644bbbae55d97a72cd863c148b66474cb361608dd4
33138,Palindromes,8515115ef17d255e67122d9553726a406fa07c902bd82367e6c76f9f7e131a45
33145,"Lot Like Love, A",d8ff560068432b87b5f2b4aab6d48fd11f00e11e0cfdc78dca2563ccd8e069f1
33148,King's Ransom,f27dcdea874a12dcc1a6b9e2c3979521d0e36eb4085c694d3cade7628b11c2b3
33154,Enron: The Smartest Guys in the Room,847ee16f3b919e94c62d6d505a4d18c9349c6db121b46b253249b6df666e9c78
33158,xXx: State of the Union,863bc66679c41b98a23d78374ee7a3c6331c6c39cce1b0663599478c8b589e3b
33162,Kingdom of Heaven,b032b3704de94d8f589706f0a678a238f516f1b5d9a94deb06d7a64c2e0c1b7a
33164,House of Wax,8942815a761f76bd39f1a9412b4f7aaf5aa39d62a55064542aa69bedd9c56544
33166,Crash,d3a55eda40c189294f96abb164ca7a079261d55e332d9ef42d93cc38395bc5a5
33171,Mysterious Skin,bfba6b6b7ad416f4c10195aac98537afc054b255c529956bc41a9995d247e856
33188,Mischief,ef874e27b468118bdbabb62de31fea898785e761d471983e193f88c30722e320
33201,Between Your Legs (Entre las piernas),a58cc7185a9dba71b5e361cb73733234470e8f1e9c7038f148e98c9c8dc6338f
33237,San Francisco,eebb1b24bb44c44c84199fb291443ea16ab0036f1cee5b90b7d7f029d1302fdf
33294,Vampire Hunter D,8fff3b00b40c80d3d2014d7ee4f68bc2c94c3df5f7934e28ce86b9193470e4e3
33310,"Common Thread, A (a.k.a. Sequins) (Brodeuses)",915899566cc464f95711c9994acec3c6fd473e63e2b536b89c08e884e5dc8773
33312,"Cocoanuts, The",c11599731f324ea618d70b2b486a36946ba7635c92e98ca7e6569359a8bbc4ed
33421,Dear Wendy,e040ff3a7bf5ef0283b950dce03b90bed009e0169e39f0862f507fa73b842fc2
33435,Los Angeles Plays Itself,cc4ef036bbe583faf44f85130cd848edd01e5a821fd0b5652735c65a814f723d
33437,Unleashed (Danny the Dog),bd75c2c2c8192710927019ded4dd98779723d809c5ccd23fc93eb46fdb04ad98
33493,Star Wars: Episode III - Revenge of the Sith,c7916c6d0a52acbc97b77b4ca31893e1792d9a172cecc783685ac3352d2cc693
33495,Kicking & Screaming,eb661ccdb16b83b6c49276c4c6b1e233398dc155f226cb2b91b9bb5c81518975
33499,Monster-in-Law,b39ca31c8e671ce6e19973199a32ac73ced30ce3bc35d298e85ad3249cc58cc6
33558,"Snow Walker, The",86e406c567987d1af91a391b396598e579b1b234964c6fda56cfc2c1c99b0e32
33564,Divorce - Italian Style (Divorzio all'italiana),faeac4080f6f3b37a9160bb3bc76b49ed4a037cf9409696ac21768890bf10b4f
33615,Madagascar,fa91056e6cfd3b27b890866203cd3152c9a87ec0d1a3f665e39b2c4d9b278c5b
33629,Airborne,b5506edac4631b07d1acc7789639942fcee3c0c7d12e9792353b94480fc037e7
33639,Mad Hot Ballroom,ece99b365213ecc91336e6c1193d66a0254e19ad9ad36d6e78a1e4dad924833e
33644,Dominion: Prequel to the Exorcist,aa4d2ab350a456b45d6295493752dc564db2d32d926d34e38d1e2f32a36d33cd
33646,"Longest Yard, The",92bcea974569c261381bcd3c1d4f75ef72a93d3870e092930a57cc563c9d906d
33649,Saving Face,cc50bfeb63af60541d390e32964c70ab49366ed21b6935b6e21fc9d7b5209c38
33660,Cinderella Man,95a25b4be4b26432822e16dd30d638f666adc4acf365daa5dab9c90a19523db9
33669,"Sisterhood of the Traveling Pants, The",aa8c9c62e7547ca2e763bb4db9682b8628f60b970678a7cbe72ac8a1d82d9331
33672,Lords of Dogtown,c0d215d1f72c6a7ed52d678d86db7aeb65e20ba293854a7452bd720d4852345b
33677,Rock School,faa9bf7dc58e7807c41cb1aa8741d39bc6f0c3910ee61f9de2c588199741cca8
33679,Mr. & Mrs. Smith,8afaa015f5f8bd6dec2dc3c23de03cfa830a934ebad74015981fdfaa820b9e10
33681,"Adventures of Sharkboy and Lavagirl 3-D, The",811b1a6467fc6599384682537a39379e4fc1996266348699b5927867725f64fb
33683,High Tension (Haute tension) (Switchblade Romance),8ed9390db0a24cc3670c667269118cf4b9c799879e78c739ddce1706133999cf
33725,It's All Gone Pete Tong,e24d9ff67198b7311dd3e24c7ecc819bf2330ccae3325f84a26cd9c95cd92084
33779,Eddie Izzard: Dress to Kill,d542951109316c337bce3aee4eee1aae7b2e4cd3b999c334e464c4cc93323372
33781,Quo Vadis,8abbf40ed3fc2531ec4113fe94b95e23e348059ad183fa45c8c4a4aba57d9636
33794,Batman Begins,a9d3b19915ac9ca0dae143ce6e566e766e63b54ba3f2312497159a59d0f85984
33801,Godzilla: Final Wars (Gojira: Fainaru uôzu),d15b3766098100eda68e03d95f64ca397294691eb15a17e16f613d2ec16e7f33
33815,"Perfect Man, The",b3e7987ecc886988c6006667900c919b38ff3dd47cc8ccf4e723d261ecfca307
33826,Saint Ralph,ec94a6b3a31a0d4458e792f694c969c898ee9acd95d1493abb1a99a57331db13
33830,Herbie: Fully Loaded,c854e5a5778bd23a95412d9b8abe36560d31022d76cbd1d7b025aea06f77344e
33834,Land of the Dead,945e92873918b4616325685a36b8a53ef5899b949e87c72bf87b1c678db26961
33836,Bewitched,919e08716e47262cf0bf93bd4fc04e1b0cf73505307ce9e05b07b87c18985f3f
33838,Rize,f9619661ed63285c169e0a9c28de179d631a1da1494135265b6d666ef667cace
33880,Me and You and Everyone We Know,9131c62a30798554fee8fce085c4fea84fc55f00c3ef217de1786f3c3b442e38
33893,"Perfect Crime, The (Crimen Ferpecto) (Ferpect Crime)",81e2663fdc1e8350324c5d87c7b84c9e7323a0c7cacb9e5c3c7885f09c9f3387
33896,3 Extremes (Three... Extremes) (Saam gaang yi),cc446c833bbf93bce4f038473c0bc7bcc1514f2c4faeb0d34b6067bc9c303e0b
33903,"Edukators, The (Die Fetten Jahre sind vorbei)",c0478f323fba70e9ca258b54b0db35aa1626cad14b9ce36cb6433cb369a44f6c
33966,Cop and ½,bcbf8a4c43c16cb7b06e53f81f072523f278c86c9d8d3a97374171e148364e1b
34018,At the Circus,f8ec176a8612f98cccd5876b930da430a4d1daa7c53bb35ab1690db4d6b47e08
34048,War of the Worlds,87e9cf8d6a1e283635f0d0e059d39b4e1b2cc4accdb164f266ca9f0f770c6283
34072,"March of the Penguins (Marche de l'empereur, La)",9c0f41f0c3b00f0f58c73e5860dd31e29b3fc7c93e634c9e07e0b83341d3674f
34129,Rebound,bbb3c14e4cee6ef89111b3aece5c8c32239cb107ec66b5d08d19bcc9b0164b35
34143,Dark Water,c9c7c1c703773f193e18163c367cde101c739e667709818099ebfcc69c88999f
34148,"Beat That My Heart Skipped, The (battre mon coeur s'est arrêté, De)",9225acda4952d37496edc42b773a65b06f491f4ee645e71e8f583c654c6bc840
34150,Fantastic Four,c15c9b7f2a6b829c3295335239929dac26b5861733c191ed3ca73e9296531b6b
34153,Murderball,91ccd53242f3e84c153ad18bae6402f76b1aaed12be75b2c6ed13a926718196f
34162,Wedding Crashers,fd20cafe18f7750ab7aa88b58f0fc15128349fced0e1943562d4e8468d2f7b05
34164,Happy Endings,d33f61bf33ffde457c068801607f17fbdc846a482527b27f0db8e65c19010643
34271,Hustle & Flow,9116a6452f08d9b264ed5f189f6285e4609f782793e327dcd86dd1638d7a1e98
34292,Hardware,d75b6eaf899e91403eebc11286ce2737d5102acdb9e331f8e4d47bb2a4462464
34312,"Calcium Kid, The",cebf1abb59b9ed32ad030da7e264ea64ca32c3269864f51136893605b245f1dd
34319,"Island, The",fa10bdb0058b06cc726c735f6581adaa88d6d4eff6eaaf15e11fc12a62ad20d4
34321,Bad News Bears,ec003e5b90cf6da4837a928e92abf153e4df873f993ad048f0c93fa00ea46af1
34323,"Devil's Rejects, The",ad4a3d4b72eda8dc2d43762ac68c1580a837a35434cdcc7a71aaa6ab2c7dabc5
34326,Last Days,c0be6e808741953f2ec1d2fa78ba62c0972f3c9cc2e99a1278f287433eb6b953
34330,November,f703b2378b3c770bd0f7cdb0148b5a64cf88b08f75d4ef01826c1d3a9aa3e2c4
34332,Sky High,87e89033db8e05c88a31fdcc293162e33d6fa7114acab1f517836c66d2de3c4d
34334,Stealth,93a93b2854f094f84b3329a72dc508d66077a67b86cf5a6695825db7990e71ce
34336,Must Love Dogs,e63141569d6afe2941d6b662394f89f5ee21e95616aac6a9497e8de0689473a8
34338,"Aristocrats, The",e6ebe615999019f2910659e84ee9b61663fbe619d4133be29827996409ec760f
34359,Georgy Girl,a3bee6e79f199b2870c6cd0cc87b96778c35cf1876c279c162433053cc3cc91c
34397,"Order, The",cc9a330666dc32d989a71cf472a326e59b1f9dc9c696634a7148cc328bd89b6d
34405,Serenity,e6664f0740ce499be31132ee8f4530e6e7337261398e9cf530cbbcf01a6e6c70
34437,Broken Flowers,bb4cc64ccc98e677c93b4dbf8666cdb3c803d8a62c0391f7198370f31ba520d9
34450,Miracles - Mr. Canton and Lady Rose,8d828daa2c4e466d4265cb1d7ba3bde4a40118ed1b337b8e37dc78c8308733f7
34482,"Browning Version, The",bfff27faf4003b0dca15cc0d9951b9438763e688d9981836ca74735105da771a
34520,"Dukes of Hazzard, The",c13174f403cf13ae413bc4013cf1b9c66f0f6a4b3c5349be4eb95ee6be146815
34523,The Chumscrubber,a69ce26b5a610f3c5993b1111fbe91e6022cdf3c59b04c9bfcd12bdba7985224
34528,Junebug,e7b8bac378cbc72c6a63b5b89746c060b518c847c4261778ce44958fb19fea65
34530,Deuce Bigalow: European Gigolo,e01cd7271cf3acd91344f1ae4ad22fc92d6956c69ad5a11edd833a95825e4da1
34532,"Skeleton Key, The",eb8f15623df8c00bd0071dff7ff0e5808c07363f60f8c3c00f039c3f707e71c2
34534,Four Brothers,c091f34636030d9bc8f3e37b1d230cf91a3c9e513be680756099cfb4ebb26b1c
34536,The Great Raid,c4735a851980c6f3259d399ec26fee18799ea007247b5be0e05e7f8d85ba681b
34540,Pretty Persuasion,ed89ec951294ecc96d439332db721b76c3267d4392b61b7792446dacf2410b2e
34542,Grizzly Man,9253b9566d844613d27398c62db4e639524b99a6bdd846d946ade9261b9c36d9
34800,Private Resort,fa49e94bc5ee4be4c58016ad9690853b85edd68032b73c16b636389fd6902fd2
34811,Pusher II: With Blood on My Hands,a5b48be21f491cc6b13c78922d4d10ffeb6d55c027a513cbee9fe72d4e00249c
35015,Duma,f189554b0463a9891b8d4eeb6ef53ab46a966fb616749656891689b2b7e215e0
35347,Animal Farm,fa004ed44146947c442bb1330c5d5a89b7756b56e1c32c5cda3af43ece9391fb
35807,"Teahouse of the August Moon, The",bf9f05ee42e33c15641b78f689c607191e151e66f17843eb15e018b465ec23f3
35836,"40-Year-Old Virgin, The",98a5393c27ef4a7af91a93843635c6a169de391ac6c1735d96a56c6a1983c5d8
35957,Red Eye,c996630c36719c73370d273ccc76f8c303b8677cf863d9ba099b33640cf88c99
36276,Hidden (a.k.a. Cache) (Caché),c6ddfa5ebcab9ebf1de4d1d760f04130d90c636cd2e3ac318e15b4156203b621
36289,Asterix & Obelix vs. Caesar (Astérix et Obélix contre César),fff0dd6dd582a3ee1017ae60df18ed848519872f3d915b4189c424c2b7237d1c
36363,Kin-Dza-Dza!,9649c52e4e7b3ab62b44ee5031acb53919e6d8f168929d12965b11aff4e952a6
36397,Valiant,aa9702dfd0282f30852b7af5d3e8f182265c967cb513b5d29859dccba5d4b584
36401,"Brothers Grimm, The",85dbe61a2615066068e169d2d99a959e6b577269b3e9dbd5368298dc9669c638
36477,"Baxter, The",fff0a68fc820d1d6732e45f3a4cab618b20e135f5e275ca5e0b4e09de0784b70
36509,"Cave, The",8533e67679cd39ed73113118278ccae60cf36b316a68d6c3968e49bc69b88939
36517,"Constant Gardener, The",f140dfae4d35621a32cb1c71cf288d8d3cc161f8931e7a0786f9385d1bcfe1a2
36519,Transporter 2,cb9f5e71f38c3aad9402059ddcf1b11e273712a465216cd3c9adcf46181c9f2c
36525,Just Like Heaven,caa55210377764dba35761e85aacc12ec5a0d288c25fcb53eb2c95378590adfe
36527,Proof,c3849c7330f7638cdc2147b5279c88c1da4b7c0e68bc07d73543ecb0dad7126f
36529,Lord of War,ec3cd1d312e5e51c4a5eac14d0e1270bf486035b9c0ec8f939ec54f12fdb7c0e
36533,Cry_Wolf (a.k.a. Cry Wolf),9f3cb3336303863f78e39980ce1cac71d9cc31ccb0714e63f0660c8caf0f1bbb
36535,Everything Is Illuminated,c685795607fee17a16addb8196d19e844a4a0a5e697c28e9f78273623b857589
36537,Thumbsucker,e80796d1624b89bca652d3f83d674e93b10cfc6b671a80cc756fee1283476869
36708,Family Guy Presents Stewie Griffin: The Untold Story,d54a40d12a19febf756b3a3e2f81d915d02e2f6a32f87eadc9508164b54a3a85
36850,Police Story 2 (Ging chaat goo si juk jaap),c78617cb99d1318ad666a373c3f924e6d8402c6f311d43f9632dfcc610706c3f
36931,New Police Story (Xin jing cha gu shi),fe8cfa4da278a24c3d4b14e2d0683534f1b615b67c1d1639c2cf5b35d12619e5
37211,Go West,e4dfe6648e36cadb3b211b3cb4d331c6933c4662f84b2194e592b4de58c1a999
37240,Why We Fight,ccc1b4c17366b2ab4c994b3e6b3e699e139a433e9c7dace0cc42b441ec45c3d3
37380,Doom,985b12a307b4693cd287365a61de983d979176876c582de69b253278d652da6d
37382,Domino,af5b2ffe91e4c033e8187a84368336e128cccf84c73879337936c68ce75833d1
37384,Waiting...,e3d19666942b39a36ed6c25892096da719bcd24e4a1539b9b63a36876a659b72
37386,Aeon Flux,c0c5ccea1df27002731d873ca5a6b0c772c93e58c632c767d7ab38b5da920cd9
37444,Frankenstein 90,ceeb3ffe399ec0015ee999ecaf056ebaf0414ae396549404cc18c229db651e72
37475,"Unfinished Life, An",bae2c91f8c09a4a2c19fb264e65c3a25f1b907831cea6b9943af667d1f21e05e
37477,"Man, The",bfb9eaeb847eb4afc899e310b704980e648c95626b9fc750b660b78f684648b4
37495,Survive Style 5+,9f9f1fedb4c0f4084aa54b53daa0d30656ccbec26b631439a9712de44a963cb6
37545,Woyzeck,944b94fb6f94493c90ec06c56e11d938e1a426c7b64b987a91b9cfe56c25f12e
37720,"Exorcism of Emily Rose, The",9f10440fe1f1e3f01e063e1ce14fc1e73ff09407ca9e6a3f944e6bf0870f2c07
37727,Flightplan,933a8ae86a4131432cdce57cf363d88b109c833472fcf3456f051e829ddc6efc
37729,Corpse Bride,d632d54c15cbce955a3db62d6b9393c14c946a663351c0b2cad4c6ddc6633b32
37731,Green Street Hooligans (a.k.a. Hooligans),90594dd652afe071adce1f9663e1b8a62f540769d897d2708d59830fd8f05359
37733,"History of Violence, A",91107aaa64dea7c17ae6986778b1e4387a0ebb076ca5ce423b0be1b558da9a0f
37736,Oliver Twist,b18807c1ce3cf8f0a342067699b3913a64c73cccd9b31a7d43cec79b9cd358e2
37739,"Greatest Game Ever Played, The",d536d453d099919d62cd72369c333e23ae00c9ec41ae48fa2e233f86ce4dd2dd
37741,Capote,e1a59a5a1a46ece40338c68e1278a98dc4cfb3319c69b895e5b9c67391bbe98d
37830,Final Fantasy VII: Advent Children,ae0537fa97799620ce444cc211a2f1b7cd1b6b6781c93a6c1e944ab772abc993
37844,Roll Bounce,e7a692696666e4f19b6b3b3178ee91398dc825807927d1b6d83c0f449b68f164
37853,Into the Blue,e26a5c93a5b963ced4d7ca3b184111f62592ad8d026d9cb24abec73d770958c3
37857,MirrorMask,96cda56a38b75ee89d0db53d4934d7212c7b82a266d258ff84835bcac59f3044
38038,Wallace & Gromit in The Curse of the Were-Rabbit,e505e477135c1b9c6c61f448873613ab5bce2c54a14b93a71652ae7fe5a85b85
38061,Kiss Kiss Bang Bang,8294550ae1f7a5879455cff00f29354fdfb43e8aaa426aa11434daa163f51d7d
38095,"Bittersweet Life, A (Dalkomhan insaeng)",b7feda0090fbb42c2580cd7d39478b510ed4fe85893573af84743acd3e898313
38159,"Short Film About Love, A (Krótki film o milosci)",9936664833b8d512cc6673f9a5989366c89927fe30664b9927662dd74aef2611
38164,"All This, and Heaven Too",8eecfb9beb8304689913a1c7d0480e947975f88887ffd93e0c8332ffdc020be1
38294,Beowulf & Grendel,8514935a38558d8d679bbe5652f2850c1f385e92c4eb732af99497d16a54939e
38304,No Direction Home: Bob Dylan,9cc7e63ee3aa09fb41dd96719c319915e30de260e3c6fd0495009565ae94ee1d
38388,Goal! The Dream Begins (Goal!),da320f864633f6cc398271f1254ee1b3364cca683195cb1bc5b59b1b4da436d7
38583,"Wraith, The",e59519cf10e2a6105f4ff8e32618465e88c5bd0c70e8637b7d8e94c37b3d5a4c
38798,In Her Shoes,fa8ea5fcc661eec725179a386af0f0c40cf7b3136753845d607ce23992d12487
38886,"Squid and the Whale, The",ccb7e3b819600cc7a69fdb20b5430d9742f9f1429d15a0dfcbaaf2383d072372
38992,Two for the Money,ad9188bb18de7704572f8c771dc4167c36e5ed03e6987281d0e369ba0c7bd0c6
39183,Brokeback Mountain,f057a2e05e2c1b505586f55c71d38eb06ab4edd2952e502a9e4a72858755ff5c
39231,Elizabethtown,96dca1b9e9e6e8d7329727290629179ccb16d996d9e7906b194899243e9544b7
39234,North Country,d23c1c7b2d83e18b16e9c6742bde39b970650fc60e997049f27497a4294f78c3
39292,"Good Night, and Good Luck.",d98999cf24f666362677e7830ec9846c1d3699b6d90910cde3336333726f6c90
39307,Dreamer: Inspired by a True Story,99cde9cc61e01573b733e67172e330cf8e4cce2f931f305c985e9874568ad025
39381,"Proposition, The",8fbfd1a970c1fe2f601c003f3cfc67e38ff3cf108700e442a042fa70d871c7ce
39400,"Fog, The",e59e5b070ba7e732eae0608dfcd82c7870e0b38c1e7698c2653669e6a7323965
39414,Shopgirl,d25417ebbda9f014e1ead9e2ff433a0f12572a558805ba67bf012d14a17e807d
39427,Stay,84f24cd95a1d1d3fb1989173696d342727c98e4e151bc2cc43cde28b545e9b3b
39435,"Legend of Zorro, The",f04ab6f93dec98249c3e49f7e114e24c96e396b153e881e62e27979195bac8a4
39444,"Weather Man, The",93888d1d5276a6c11c77e2e3e71d53bc70ffe193738061cf60c3646c117e18f1
39446,Saw II,ea699ddc9d98b73194b66665c0466acb995259b2a523748466399d6c6a1e8d1f
39449,Prime,dab2a5593525fda4685b83540c3a9e8ff294da30e107b5fa87693f078c30795a
39516,Don't Move (Non ti muovere),f3fee4094d7992a06486ab4b72c1c93c8f529cc3ae5f2396bd4881db8fa49c52
39715,American Pie Presents: Band Camp (American Pie 4: Band Camp),edbab2cca4d22d6d925eed96db09d4f10a681ab2e585e14d60089ed69ed63469
39801,"Great Yokai War, The (Yôkai daisensô)",c043adcc3c3694e4f08c0fce9cacc5e86dc263db87a94ccf0dcfd0ad328c7a47
39869,Manderlay,93626be3cc83337faebdf5564ba2786ca51b1499432c29a167469c64519e6e1c
40148,Revolver,ccce8cc937035b336339720c3c84ac54c3387133366bdc6fe3bb86733cc13e86
40278,Jarhead,9422b3884ccdc81fd16236243d9f866a6af43a552de819d677b5477269397c74
40339,Chicken Little,c410c2cc1bb63db3114dfe62e509839a58b1c04b2bc60bcc3c7b96f65fcf3a2b
40412,Dead Man's Shoes,bd88c247c17ef7a082d5db5ac42257f55f4a785e2d6078af6070ad9843a5698d
40414,Joyeux Noël (Merry Christmas),fe5315e981aca2387d0d11c702727d31d5842b9eaf9d06437a7afd940d47d26c
40478,Night of the Lepus,c7d0383e313fc7899e072f3c61b93864c64e48c3f8e1373a1b3ec7c458c13979
40491,"Match Factory Girl, The (Tulitikkutehtaan tyttö)",faed9105351ae452e4013f8b91127ae51dfdc5bec22b1deb858b72d496544f0a
40578,Sword of the Beast (Kedamono no ken),d2d5ecb61d2f33852d04f86942d24f7b1a7f471a7f985e24c1c0936728171c73
40581,Just Friends,90479cc69fed9e69ea1beb98bfb0e73e6004e104a146e1ccf45ed56b19611a52
40583,Syriana,fe9ceb3ea35b20c2a525750b9010c4797a6bda814a2d896dd9693ad2dbc6498f
40597,One-Way Ticket to Mombasa (Menolippu Mombasaan),9ef0b733230f29d89fc0cc8f7cdfd802c7a605fcc219b3133dab2319cf1126a8
40614,Derailed,e2d0ccbe41051d4b122f42b4aed7ed42487ab789cd87547eb6dc539c0543ac7b
40617,Creep,858b0be63a79367170e6cd0b4bbecac934d060eea70972f67703ac7948be8f80
40629,Pride & Prejudice,80fb7b8be38eaf432071e0fd15ad1f2cf78c80de3f00e3267607067ee7108770
40723,Wolf Creek,c94a94b73495cb6e6aad55d2f724c0db085a34a5685bc77e962d6b4063a2e399
40732,"Descent, The",cc73ce4c4e30c1bfc3182c8cb38ece733d8cc67391cc0d1ccee6e3d9a72c4986
40815,Harry Potter and the Goblet of Fire,8512c0b1719b3bef8c42e71472a43f683a8d37974a27ec69b0e8a6ce874fc707
40819,Walk the Line,e8b5f3449caa4e6a4cc561393f19999877cb928719fa72208f758569588559db
40826,Rent,d5142e906282dbbd995d918762eb83e0bdeba14f5fa09c681ec046717ae393ec
40851,Zathura,92166d594cc612b66b38bd8d225bcd7c5e393ec370a4833b87996b549d27e027
40870,C.R.A.Z.Y.,daf2eb3d87503cdc982508cde20def28f2d11d3d72d6fc0ea730d0174d3bc282
40946,Sarah Silverman: Jesus Is Magic,848d91c81a2ee6634c7a9c8e999b076c27fb23b97a82dc638dab189d1ddd18ea
40955,Breakfast on Pluto,bc8285f4423e8f41d43cd8d779e07dad665e36cb23d58d0a8c749265d9c33896
40959,"Ice Harvest, The",dabad92e9512b6dac24db3b772b6180d37b113a47c29ee8109e8132d7b65349a
40962,"Yours, Mine and Ours",ceb1c324b3463cdaed0b3322ad39ce8f30f23b64939b85d24ee53069133ccd36
40966,"Libertine, The",8cc5d9a35b9b373926c822dd623e6664a467b6732a73e299358e16f648669e44
41014,"Bird with the Crystal Plumage, The (Uccello dalle piume di cristallo, L')",d4bd0afc0384f4d14a351a1f68e7778e2712ce5a094ab94e63ec389e2ab13ee3
41285,Match Point,d7cf6ae04ed6956ed6046cbaace1646716edda471b313096d1881e59d192d90d
41527,Paradise Now,9beee4db640d1a2cc6db2f249815f4dbc3261f97b450e12052d39e97e524d1c9
41566,"Chronicles of Narnia: The Lion, the Witch and the Wardrobe, The",81a7a9f6b0728e8d4e585c1a3b199324cb3cc65b96535b0ecd3c9e71834ebb86
41569,King Kong,a451a761d2eed6969f11de2c38cc19e709e099a61dbec8ae90f28558ce193fd1
41571,Memoirs of a Geisha,c1fa957a3f404fc0729f928787a9b1eb724a0e52cb147a0d1e4dcc9ab13ab2cd
41573,"Family Stone, The",c99d299d843a26f093c11f47bc7290736e4bbc9d13a4f394449cb44bfa5b4966
41617,Havoc,94a037176bdbc9ec8514f97b2b5bed806d27af1b18f892b6071ac96b300d9255
41627,Samurai Rebellion (Jôi-uchi: Hairyô tsuma shimatsu),ebffcdbfbd10b302b641b134e2c436c9d817cbb2c6484a9b913219ec91c83d2e
41712,"Room for Romeo Brass, A",abbbd4596f873a644d9610a8a7d0062f6f45b216c419dbf970c8729c7c3cf292
41716,"Matador, The",ba1893d1552f6e8b2ed5f84252f2d2b46c268fed3be9a96ba0536652e650416c
41724,Wal-Mart: The High Cost of Low Price,a880bff6d21706c3e546eda478d908dbd90297afe6b1b791d12b892fd64c4a48
41769,Mozart and the Whale,f6a28b6b8d4570b0c2fb1f2da8bc5257676b84b678898d5b2e5625a873545a83
41828,Don't Look Now: We're Being Shot At (La grande vadrouille),fecceb3380c7a66f0db1d0988679b135f038c6ac9e749d085eac7aa73051a1f1
41863,"Three Burials of Melquiades Estrada, The",9f8cdf4460150019267423be20f89e61dd835e9b5e3ffc92e38e632e34b3b358
41997,Munich,d8efdb43c634cca037fc1249d996d880a49b4fbce4095f68f98316da209fec64
42002,"Producers, The",86d75325f908385a63965f073ef170cc81070ef17afc030f26c3ff7e9960e099
42004,Transamerica,e778fe64c8a5d099d199e299323349229c676c669593269b94ceddb3acc264d8
42007,Rumor Has It...,eab83dd46e45942ad309e99cb3910ce29e6d84bd319c35b627666ee64e415d13
42009,Cheaper by the Dozen 2,94d0c6e4199166cb3c6c6c5e3731f99b2766360c69ee33116d4f52c62b79d486
42011,Fun with Dick and Jane,ace3632b9f43f95cb5148f24da6c926b6e4ab4dab59761acb3e41215e043ac4a
42013,"Ringer, The",b8f4ff400796af4a785f93aba43f9279b0cdd2c38737e435988d92c81f482852
42015,Casanova,930c33bc664eca483cdb31271bc7e2636d6985b86e319a58586ef29f6297c724
42018,Mrs. Henderson Presents,dda2dbed9212b12cedbc48482a9a12439543e6dade59f5bee13b9852e2c49686
42176,"Ear, The (Ucho)",ef4829c6941bc03dc08387ee9388add51a623c91cf8c5ad3f3b5ce53c2f491ec
42191,Luxo Jr.,96f86924ed651619d9c36619e47dc17692da65e17b1291c1651ca4dea72d6d83
42285,"Dentist, The",9687c74b6b489aad261c345a9cf15a635a63196d93b692d38d29cd3c925c72d9
42418,"New World, The",ec9ef6bc345d934b57820b869b4558e56947b12bc732c47236f4f384eb08929a
42422,Voices of a Distant Star (Hoshi no koe),ea4791b995b8c4ce91e96f17ac44390da31393e86b4684f23c794b736b067a1b
42556,7 Faces of Dr. Lao,815f993e5aa8e4833e811efc6ae07ac71c1fb61161a4e15eb66e8716a70b3ce1
42559,Samurai Assassin (Samurai),bbbe426be44433649970b903f24dcc46995299bae75eb473c5932d90f43164ce
42602,"Boys of Baraka, The",c94d3235b4b14b46b9059e295ed6b9933f294d88b2f444abbfb64860b3c2f989
42632,Lady Vengeance (Sympathy for Lady Vengeance) (Chinjeolhan geumjassi),bd233925c3fcc29e270b3e1b9278c6f9cde139a1196d92c617869916493cc38f
42638,Grand Theft Parsons,8d890d8d66d27ab3382770527379c383b14c3969cfc2b406cebd1fb9c44d14fa
42718,District 13 (Banlieue 13),d56c7d936e9c0ae9d8d3854c6131f85a5e031dbc07e3e17f38d04a16f70d8863
42723,Hostel,98a914b592d51b6b893049991eb90aaa892ad38a9b573cecca75e4dc66a7be55
42725,Grandma's Boy,ae3bbd2ae5444ae1d0f8b70792dccabdd0f6c4b4387725395a938d6a87035a41
42728,Tristan & Isolde,c14f65d853e7b3873aa91a240e181a363db00d8e9cb4cc1c0e06f37b3deb3f33
42730,Glory Road,b00144ffe0e01810cdec4a7e6b2f65a64b1f57ad9f26934655844b4fd4abb4da
42732,Last Holiday,c394b4bf9c1f2580337e4926ecda491bc8434b6d3b454cdc16b4769164bf3963
42734,Hoodwinked!,9ad0e850917695a765831f97632ba3580e4ee9ee10fdd6a4a3d0d1b89b3d9529
42738,Underworld: Evolution,9a5b9b6b54ca7486ab458d6d66afecd16dad64a460502fa9d89608f6d4786d14
42740,Looking for Comedy in the Muslim World,849d31625efdc1023ff12d3ecbc6d219b0be8d944f49e87c44d29e03f02cd973
42761,Casper Meets Wendy,c2dc9e66380fe78d04f2cb421f0e64b125ef67c2cfa15c6d9066e0b46761f34c
42943,Revolution,efa1c3f8d8c63b0eb70b3887c54f1f07907e9a70c538861f943735b0c56c87c1
42946,Project A ('A' gai waak),f84ba4cd87394730998e99573f14b6b860736ce6cd80e58d90fc90f19a36db86
43289,"Bird People in China, The (Chûgoku no chôjin)",f31d9cc9cc643353b19c7ba6cc31c3341ccbb6262cc8c3b44d1b9d1d3b62e4cc
43333,Water,da436d3d659c92729a636dbd63b496539cc669add33084532dcd93ac193364c2
43376,Sophie Scholl: The Final Days (Sophie Scholl - Die letzten Tage),9d449dcf98f3d3321333bb311931093dad046d71a275c3247acc9cc75aaed266
43396,"World's Fastest Indian, The",8a9407092d6af8d5da97312eb15e0af57ca1c9432870b1bc1f5aef95c48fe50b
43419,Bandidas,feeaad59871543b3c4e65ee6984cb3098799b6b3961493542e8a85e2a952317d
43460,Tristram Shandy: A Cock and Bull Story,ef1880af1b54645f47a262791fcfd1e04e3661c53a381eb6694e7a29ac5791d2
43549,Helter Skelter,c5491a912c5ce56bd293da98e7ec1aeee852a7331799fc4c36662d4361197334
43556,Annapolis,8c2714ef154adbd03a91803f7ab46ac4c1ec68936e11cd4bedaeedc4cd2f8b03
43558,Big Momma's House 2,9f2be6dcb73749cc60c278394326d0b14c444fd751cc393957dc6863b81c5bc6
43560,Nanny McPhee,d6478587481e62758a8452965f1bfc0257e58bfc0e83677fd02259ea55bff005
43677,"Tuskegee Airmen, The",d48649bd244af5b29bb51b13d37a92d72e6c22656742e4c5a4db349944d70f3a
43679,Final Destination 3,b011e257496645e91ca99e2a6bb710d7d39747e95a4d708ff7228dd001fbe047
43684,Something New,a8206ff94b0c5f6b5248dcf2c2760f609779bfcf2e222d668c9c5a324f68d05c
43708,Block Party (a.k.a. Dave Chappelle's Block Party),fa14856a409993263e754bdc16266951990e64ffc1fa320fcdf3633817cb4ae6
43744,Imagine Me & You,a4b2bf4dd81a2b7d34a252f69ec9c4468130788fdd661f812f4ce1a370cddc1b
43836,"Pink Panther, The",bfbe1d9cc060e64b3643da87590018bc85b72d710bd3d693760dc77a32f6380e
43869,Curious George,f6cbc809b67c81154c9b1965e6648d8b9b1776d5e3b4c87446cbc1936a237ec8
43871,Firewall,9fefcd92e4d9324cb38694e6c819373ce10236cf8964c65bed265ccac8103b3e
43904,When a Stranger Calls,8c638e63b39ca5cc319cb3194c99b9c633ce8e6c9999279886663ae7b39c31cc
43908,London,c404856c3b6a7ab266b00ef82ad8e1c53d858d8f66bbd0731e8e873e873b3c1e
43912,Freedomland,a6ab45ff5a6db218259a85e270bf0eafca167a5c8da07c1f39e7c890e2562982
43914,Winter Passing,82199fa1d16ff157abc688deee862e93ae1474363c3ca538642e853981b946ed
43917,Eight Below,f74c2b329e2e585c2963a6a5d0da9b6d94a12d924c7fd235b20a5933d364e4da
43919,Date Movie,e8ba6e9e95469361d1a9780c2e5a2d52d78632b592c7bc4a433b9b7dad0c4792
43921,Running Scared,c805c5a5e06a287a6c5f26cf968b97a930e974a43e2e9ab72f75cf022d0a0edb
43928,Ultraviolet,92c56d4e6b5286a77e64d1dacb1b527125eb26384cb129d671783333163d54b9
43930,Just My Luck,f5c4ec027b3f95c5cee28438e28d50a53ee294180dd8ce56c185d9251e6e7fda
43932,Pulse,8c74149a233cf773f54289ac78d3db6725c18caa171d3391ce716499da663257
43936,16 Blocks,c0158fe0388707bb4e8e18e67c67b471738aa71ee3219ab7da51338784fe44ba
44004,Failure to Launch,ceea9b93a89564eb933a28ce9ed7973169126ac6a84d9133643aae8ccb44eb70
44020,Ultimate Avengers,9867ea11058e5348ace35a9cd923da6c26bc45db7a353e3469ed3f632812d716
44022,Ice Age 2: The Meltdown,fe048f0750f8c1794b0f681f4ab81ec0b740e07ac0bdaea15a17703e296ff3d7
44189,Ask the Dust,92c516946b0be953cdb79f256dca792d9296a696be304cda898db3091b62a666
44191,V for Vendetta,f107b3c24fdae68118fc9c387f01087e6e90e38701e9f96ac3c60cb5fc2e2b87
44193,She's the Man,8cef01fef41dfe199b7c43e0e0f8903c09c24103f721b80f4f0bfd21b7c360cf
44195,Thank You for Smoking,98d9ebaee66638ea119bc51373b380464eeeb1196bbe1d34231d2c34b10dccb3
44197,Find Me Guilty,95fd93f582fc863d2a4fc5463d96b18dc0793e65c02d4b92949ec60a4e61b873
44199,Inside Man,f202e5b592b7a00ac4447c603b68f1e8e4f8a23f7147ec8650a583ef5b3f4db5
44204,Tsotsi,991315f6668f462fd97891032cec273fdbe8612260a506d68f73d0c3671e36ab
44225,Aquamarine,ebfd94c0f4324a2f86c463d0b42cf41f0a5395ac732db4d330f24a2d27094bff
44238,Leprechaun 2,9364d2afe4916c991b6e93556ebae4982e2c3326dc932d9ad22d3b6cd0c8c9b1
44241,Leprechaun 3,996e1b6512c59c0b64fa63b40e26b96e636d86c9d9db49bd3fc8da401986b692
44243,Leprechaun 4: In Space,908ed8a268c42e80af62cb6673f493f949bc3cbc3ccb6e1ed2d6344b2d691c9c
44301,Lights in the Dusk (Laitakaupungin valot),830ea5c7a4d879607b0f679c3ca6d04f525b47a448d16ecd6a989be4f306745e
44397,"Hills Have Eyes, The",855a866f62e5305398ad969c2b3a599394c7a7205dacb5acb35b4bb362936a5a
44399,"Shaggy Dog, The",ac3cf1c7465985f5d790d843639e1e30b943c6bc1b246c5b609f930a0ed5d2b7
44511,Unknown White Male,c0ce074e3f35cc84c494b9192fb92e11688378ab9b757664345e38ee687ed566
44555,"Lives of Others, The (Das leben der Anderen)",c75373e368b7c91f3778975e888646a9e9506954978bf26ae0f540996a22dd42
44597,Youth of the Beast (Yaju no seishun),e5ade6f599daf0b6de689da4231c4331cdb3052e1899d292fc0cb38833982f4d
44613,Take the Lead,a2d4f5ae121c7871c5aa5e9530cb1f63692f675832cc33a53f230edb6f030a74
44633,"Devil and Daniel Johnston, The",dcc4ceece633b39299b9993d25436cc64dc6f2d9710d71a38853c6668e8c8995
44657,Mouchette,a8eed404d7296bb1f8f4c95ee94fd28394a1f140d33a3eccec607831e15d04be
44665,Lucky Number Slevin,b164b3b84e998ceb8cde3ce43126d0cbcf5d4e1936319c32f98262cb2ae79d0c
44694,Volver,cfe53688701acb772ec7dca0371cf1430c57c5bad921338f6ac07e7d8f143105
44709,Akeelah and the Bee,d12410d3af27524a6fc8076ce1f2c11cac77924f6c2fdcec10cf9b324ad30fc7
44719,Brainstorm,c705e60a3001e01b837c83ff271e9dfd3cbfb1066eedb65cc1e10f7e000fc9e0
44731,Stay Alive,a1572fccd52b56a36acd98236accc1572cd0e53d85a8e5be878296531aad5aa3
44759,Basic Instinct 2,d5ad2128b1223ad2ac93dcb52654925ddb7435b211cbf56e99961b91d63545ad
44761,Brick,d092d903b9cfb049e800349a36de0c8ccd8839ed3bbdfb38f93934f43276d94a
44773,"Dead Hate the Living!, The",8768349e5a13e39930989ee3256a8f15623378ca619791a74c6e73cc4fb96772
44777,Evil Aliens,c1ac6e723c8791ad6e70918a39456e71c39c3ed29b63c4cc6e17b1a760e86e78
44788,This Film Is Not Yet Rated,8aaec2ae71eebc8bcbaae1be730495c5adc44be560c7f9c499d00f13830395e2
44828,Slither,9236936669796b598cd432d6926634adb49b4d99646ece646a5be4da77249129
44840,"Benchwarmers, The",a1a5a18c0e5ad693d161796ca9b3c4ca14cdb30cbe365263433fed19e5b11ef2
44849,Renaissance,c3f0e709bc3e1c2f50e61cee1a2e86e14be1ee5b1e077b932785682c3c18794e
44851,Go for Zucker! (Alles auf Zucker!),88e3ebbb13b8e4432d0cce7672c5198dc62fe26118dfe6521c7179626f1a9a61
44864,Friends with Money,d391da63c5ae47997a5140ee85efbf0776d282f0313c5e0fae41f19072d845c4
44889,Reefer Madness: The Movie Musical,f210d3a2703705fd90a62aba12c5ff3e3af23ef51c503fc28e4e8b311639ed14
44929,Candy,fbaac31189552ae4b4c035b88d153e549c46cbf51c39b74163e7b13c6f71cc61
44931,Secrets of a Soul (Geheimnisse einer Seele),c70e142ef87b7fd30a397e5091e7c82c8f0c6ba33c738e93d2ba814cd4ac9c2c
44937,"Child, The (L'enfant)",b429895e42aa9561ce9292996df5748f19062fefde5423209855c6bf9fd26925
44943,9/11,e974b4ec646a6b3612cb5413cb1a12cbf9557dac61ec693433eacc7316736824
44972,Scary Movie 4,9158cb5566b7b4bada1cf5024dc9d890a4344a791e8d978f334a9bfa5abde410
44974,Hard Candy,e663b333998659a68c9b65891bedb34d64930eb3b3504365be32a4d8c441be6d
45028,"Prairie Home Companion, A",8b5b94b4f53a7a4b42b5c9b00ae50acfd53ab5f82047e825eb34cb43344bb55a
45062,"Sentinel, The",937e0281658b4836bde1934c121aedebb22c3cd30981d57e6b753bea529ab4e5
45074,"Wild, The",83b6aeb92982186d2ebae596be0913131c6dc6faa5845a19777c1679169ee9c4
45081,Silent Hill,fde4b9b3613be64f99c29cc2d60bc419c41c1cb93fe423b463b523e412e4e6c4
45106,American Dreamz,ebfd2fd4d00d5ef39562c0ae854ed3a2d019c51cc718c308b64d94b2d1223ff7
45175,Kinky Boots,aed40fc783cb91fb99116a003648a6684aa65ab3b3d5766e6c56d99cd46a69d4
45183,"Protector, The (a.k.a. Warrior King) (Tom yum goong)",c7c93b22384cc1990663ccce33993e67499cce3938e6f18ccc78d4c0e63bf336
45186,Mission: Impossible III,b9df71cced217aa257606d793290ff64ddf8d41e9b1d42346c02c007c076d1da
45208,RV,eff2b00b702dcdf696c980704def97a4fe400d65685af2090727e8b403733eda
45210,United 93,922cee3861dfb22b57ab913c1e1a09c403d112e447eef3bbec7f02b623a4c4e9
45221,Stick It,b3bac6a7e951fd24c78a30ab6e5e0fcd35d2301e9a01c6e1d5ae28512b3035f6
45361,"American Haunting, An",d1e76870bc1b87c71b3ce473c1c790383a23cf4e3e38d0e3c9c63718cfc30ccc
45382,Down in the Valley,f3de9e32d8c3e19c292c934e5cb74e594e13b1b6e11644a60cdd2cd9990b7916
45431,Over the Hedge,e69c993f49c1aed010a7ed699a184396b95f36296cf092d3c72c994e6ad896b1
45440,Art School Confidential,d62601f8958aef97ec6c9a16e6312942c5add6b0ec2f9b54f283e7cec4a4134a
45442,Poseidon,cdd2fdda30159125c9adef69bc2ab55aa1c692a59825d829c3ca7b423956ac55
45447,"Da Vinci Code, The",d319e3106ce51ed3c86af4a498db8d2d3316691a063d5b4c60f3762767c9cccb
45499,X-Men: The Last Stand,d56ac23742953b58354aeeadd221d3634f568dce3f69b3a562d5c1c889ce1c14
45501,"Break-Up, The",d322588927c5b1f37c6e0e29f391a3c4bc7216791fac7987c2587874a1ae1f2a
45503,Peaceful Warrior,f209725c1dcc0e2729267de3d6c9ea5f03798da11097235a812c5da7bb56f2e8
45517,Cars,ba298d8010f6de88c6f1213fac5b1f9d63a37107c86c6de882fad952867d70dc
45635,"Notorious Bettie Page, The",abd0912dd0272fc28c1e6ef119ccd19f73b1331c66b1cce796376678270e1a91
45648,Game 6,d555a495c95518e122ade75e25503e93cba59d69329ec91425d2f0c3da378f5c
45658,On a Clear Day,dfaea2d95df65eada2d34976b6092bf2a004e703e2c41d38a1c398b2c43c5bc3
45662,"Omen, The",d0840b1ab79f165ff24862e0335b2969e76069641f2f9d258664de649ce71c77
45666,Nacho Libre,ba85c9681167148d6b9a626589665ce332db7a9e2636792598d9f573244ad66d
45668,"Lake House, The",f38351fb0c80ee44607ec70fe1f9d3e49b075f1b9c1918748d62448e9589cc7f
45672,Click,e656374b911310b74e36091209d37ea72de789c16ac4332e36de63d4b52bf331
45720,"Devil Wears Prada, The",9bb9dabcf0e5b151a5506d96458b2d0b3d6e9a5c66c0c4294fa3ae86c10f7897
45722,Pirates of the Caribbean: Dead Man's Chest,95a071b15c95ce1e2ae6e662077727ecd0a81a1b1fd3784bdacc918c392799b9
45726,"You, Me and Dupree",fed5c10a812a3ed55789c88a2a7e3651b5832bbeca56d4496da989c790766eac
45728,Clerks II,9142d34646a98cb93b36d5b43d8ba5c276cc6a4d49363ea4b3b9c31b6ccdc19a
45730,Lady in the Water,98a55b9c760424a469569a7596fd665a5a9389862b6ad4af49b2313e38e36ceb
45732,My Super Ex-Girlfriend,ac93552e11bd6b4391dcf3e5ac9b4cb13e22b14f934b294116b5e19c1c3939ce
45880,Marie Antoinette,965459ba750be3745ab1d2d03916ad411eb566e3692e687340cdf58b413c9ddc
45928,Who Killed the Electric Car?,cd9bc76516342243ed0b6cb912e4965d4cd23d6cb59c1c961b6afd5832e44ea6
45950,"Inconvenient Truth, An",9446d8305f3226eea56b599338c6d6e67fe2b6d641933d89bece40683e88b149
45969,Career Opportunities,faeb7ec99d144336c36c9c49cc93905983e5a58cb6494e362c3c62f9d9a66583
46062,High School Musical,93d247e06eb4301fed6d16b6e1072cf996b86b0f34fc42f4d382203787e8d646
46105,I Am a Sex Addict,fec1c1cce46b6443c6d893899b832f866534c4742cdeb99839d31c6d3a8be1a7
46231,Stoned,87c764e7fcf8c1f9d81c19068071b309b0c76e38e4febf3cfc4368f9ca083206
46322,Jet Li's Fearless (Huo Yuan Jia),8406c7b2dbb23bc834d9e3cf4904966738779d8c1bd96219e71e6935d86c7b08
46335,"Fast and the Furious: Tokyo Drift, The (Fast and the Furious 3, The)",8abc6f04c750761313a07b7990794a94293eb78a7b9eb1c8607df834fc9c3e07
46337,Garfield: A Tail of Two Kitties,aeee575148a8b0176c3b4ccf7391ac4446615b9834ce7eb32e55c58ec01f1b73
46347,Metal: A Headbanger's Journey,c89b92d935ac6daf2b561bd66ec47229913187dbd669d0d12f966c2e39c02b14
46367,"Public Eye, The",a1f0f052de408e87171e957c2d1363b6d4902c3f2b56bd1754b136e9ae4e4cd6
46530,Superman Returns,e637acb419ccdf074c3ed4f852a113833396de16bc3e387090f123c3ab86eb16
46559,"Road to Guantanamo, The",c06d1cd2649b4f6d1804e1363fd16683cc0f1c3cc47db8f1cf2170e36fce8787
46572,Edmond,966d68d2e51acccdd34a18b205a43edb4a7a6af319b279b714a42d25929bc6cb
46574,"OH in Ohio, The",fb985f3d97e852fd77ed7fab0a156ad094413e80b023b560f08bba117803da06
46578,Little Miss Sunshine,e99e9621944d691eb2f160cecd12b1f16e8e8e7371d88e0ea87373b89c0bc956
46664,"Fallen Idol, The",aefbc28b726b3c1c813631f6cde0b3b1d4c0cf80876c9c4799166e4eb5516c3a
46723,Babel,cdc2cebf723da14c2e335e3a05c42dc5ee18212389c6fe13dc926ee8cb58cdc4
46772,Strangers with Candy,dbe2c9a2e21a4b0acb44127edec3b4e12db5c9652b5dc20ddba42fd0b8673855
46850,Wordplay,ab2c678594d280786e18f086d0876bbdbe81824c4efe89c86e6eeb3d7a3ba3b0
46855,Army of Shadows (L'armée des ombres),d113019028f47c2f928d16d8ef728b301bb62b4dd668709e3ade85f8fd217ed2
46862,Orchestra Rehearsal (Prova d'orchestra),a95086abd02d3f14e3e38dcbd23f3d74e6b4c1cb1f275a552ca864d13bc61905
46865,Little Man,ea47cab2b7ab6d1a666248c3d83cc3c1fb1eb4da84dab1f19595c60c9e41e851
46948,Monster House,d11813bc1fee19076c6b64eb34167b9487ecd17b985a1ecc2d26e5aa2619361b
46965,Snakes on a Plane,cc2c9b64399b44bb36ece09963d83ab3e563376cb61627c5360ce16e7dc49094
46967,Scoop,c1e7f65b5b20709e8f451b9ce0e9f9e3201c866199f8759b60090f209ffee299
46970,Talladega Nights: The Ballad of Ricky Bobby,eeb8f8db91409374f40721ed951d612ec1cede43c692cd9e303d47ac2f2cc827
46972,Night at the Museum,d66c698f482752782cd92784279d9c76bb4de7d90c936e3a687e6dcdc201380d
46974,World Trade Center,f265d4182fa3bbb34799b263019eabe1d0721ee9104663ef4f264d3b270166b9
46976,Stranger than Fiction,bfba3d74d85492814fb9cafae95c23bfd0a5f0442d5e3a2f96019781a1457928
47044,Miami Vice,aef0a801abcd6bfd7ea2150b800346fa953a3016d56f2568eb9e7807a679ccf8
47099,"Pursuit of Happyness, The",b939d2d747c78d8974de327e9b2040c7b13d1719e148f93432922ecb4ce549b6
47122,John Tucker Must Die,a78a2ca5ecf5df4a882fa3d1f702869203b3891eb89e7c7eace4324cd8471ba1
47124,"Ant Bully, The",f31bf1994e2cc87ce3926ca238e68ece3909162c58c4f8d6de533349e44e38e7
47200,Crank,f7027f96c37fa19e3d871e030958f82164b11ad034786dad9d8d76c6187aac69
47202,"Secret Life of Words, The",837aa1fc71deea5a0e310720af4235b17389995e3c2e2e5785e3c3c46bce5487
47254,Chaos,8918f055bc433ca36bf4c57f20ad488e01debe54ce530f9a466b4e9a1f0e22bf
47261,"Night Listener, The",c5b2c33b31391ce40e2c672334cc664d3f66c1c232d9cc7fc91d61a5cdb399d8
47382,Step Up,f820871947c38a3b1cc3c79e8670d196232e3d9d47328c4c391f39ec791b5ef6
47384,Zoom,eeef5151988507b83146bc2bd4c04b5d6b892aa777e87d1b1bd5511c55cf42e0
47404,Mind Game,894514eb4c75eb0136feb04143a86796cb86596eb4511efe611eef05c1eba5c5
47423,Half Nelson,dafb8aae3051c75431c0b1514eaeb1404f95e77790896f349147ceb4734b94dd
47446,"Moustache, La",9afeb6452d8149fac91ec522ec601299b1d98ed58517376d815de19ef8609e69
47465,Tideland,e313148584eefb7a57b84a6d206eb9b5c309646234e7d2bac7920ed33076c91f
47491,Adam's Apples (Adams æbler),cc974403544b526f376d35edb4c937c58100b9804196ed9a77db7799d7383714
47516,Material Girls,be1f6225e1f899c89f0796b6c06e2ececac162d3393bd80c37fcc1672fd88810
47518,Accepted,ebb8254adae73b9653ad24d36c4ac2c58dead6b192548c8c2b51631aa48d2b7f
47538,Crime Busters,fb019b1ec0d7c5b95af80ed431663e83c59e2b27961864b89b6dd2f82d06f06a
47566,Born to Kill,bbfd209578676fe023776c3a0dda8f1b254a8de03424b5a9b6a099cba9309727
47610,"Illusionist, The",d270c2fcc9de29db3679953449269cc93a59253ba59d4e6b9c42718bc93b8714
47629,The Queen,9cffe30c413031fe11e6bc71fc040eff2ff1be2031ef438ced0209fa68d8e032
47640,Beerfest,f55ed15168d9913a5b87ecf8f602e586edb8d686978b2c6b383691c8b161cb10
47644,Invincible,91c7c2c221e599724a51cd256ef046e83770e41fbf1f1f3a993c5b18f80d6a99
47646,Idlewild,9f10608244ff9b5559a7ccb0f3529c8e18ed373a46a94a6d6b2e33c93c9f0f24
47721,"Red Balloon, The (Ballon rouge, Le)",d6d21292a4c6929a27d27da5da4b228c4d2d9f6d36a3ed9cc27116ce92d2b58d
47725,Angel-A,bebe9615ad5369cfc244cb3b993190a6944636c8ed11e91bcb741b6696cc92c9
47736,"Chump at Oxford, A",feae6c07d7f885f1a1557af3d446870f878165088c753c78b4003f97f05568e4
47774,"Icicle Thief, The (Ladri di saponette)",da4bc4c835363a5f6c9427353cb435cf2570b4170de670b60f2d78ca336b6e90
47793,"Puffy Chair, The",bed2e915c16017fa94bfae01c90f3e91b68a6941e1c7d10ad788c39643d257fa
47810,"Wicker Man, The",c31c1ef33c65611c699bda40326c3cb31d93e29ec6611e6c705fe19339bc8679
47894,"Wind That Shakes the Barley, The",bebe9e97070b81493179716cf1f0eea2e6b16a9bd01bf0162c4c2e44864f952f
47937,Severance,e9ca9d7a9f94e0a5963ed28733c137ca0f6e0d2e6c2d582af0407870b1b81bbd
47950,Hollywoodland,916531790ebe4eb244bcc5e7a6dd644be832b148012dda531f884acfde4d2f87
47952,"Covenant, The",8b5929b178a3548a5e2b5f4e6174b947079c94a5264ee2c91acdc73ddd9319e8
47970,"Last Kiss, The",a138469ac6973b65aa65985015c9c5ef957e3902dd815a9ddbfc05be2b13ca0b
47978,SherryBaby,caa595b6b55b69294da46a499a516b5225b494adb5ab69529ad652b5d56a4da4
47997,Idiocracy,b3b81ba40ec90d78ccc5e6999d68f251a33cf5cc3b5928693fb80ce928e95f88
47999,Jesus Camp,afe0d00e1bfae620989fc7692c84381ac27d398054dfcf69d0b23d8cc67f2df0
48001,"Bow, The (Hwal)",8e07f77a78f994470a1d81737fac873048c3860ff87827341f962c66c3c1ec4f
48032,"Tiger and the Snow, The (La tigre e la neve)",e30cf09970dfb46c1cc3f6464e61cecaef209871b0963b7598da2db998691cb2
48043,"Fountain, The",9ac9bf49a4c967ccce43690c32d1734c1e72d36c1a5b3b4d1e3618916fa6ccac
48045,Fear City: A Family-Style Comedy (La cité de la peur),faee0feeccfb72f1b7054cda99c563252f13bb51d06594acb0d0b44113b2c025
48082,"Science of Sleep, The (La science des rêves)",eb29144ed2db49a525cc3e38d227639c84e89ce15a1eb7635ba189dcac7276a5
48142,"Black Dahlia, The",de547e4825e990f71986478ea439bc7183c40dee3d06f21c50d919c1bf064eff
48150,"Woods, The",9b5be55b75d29e64e92c5a866aa5e00dd4168bd181d9c38a6398bc79c41f7386
48161,Gridiron Gang,94aa96c06b156937d9aad64a264d14b59cb269724b560bc0376cb53f94db5ec9
48214,Land of Plenty (Angst and Alienation in America),8fe10fc1fd5e78be1fa57d5e783e7ebddbf781ef804ba0005280856b21608680
48262,"Bridge, The",d2d2baba2b2d654557ba93db9b602abe8950592a292ab5536a984977596b742a
48304,Apocalypto,b3184c8d4d96f31836c9b4e7b47099f159e348ea2c7bb451b3c6438ccdb4ec31
48319,Flyboys,919431d4c8276b2b263bd6094f56e4b6a5f4f245f9c1498cb1fac35c3e0b6639
48322,Jackass Number Two,a6e38b044b4cf4fd31368049d1fab59e348b6f32a61e1a8d3b4578d468d662b7
48326,All the King's Men,b34038d54d3bcd2ca3a466f3b29c090d7d2147ee822263878e5b7a3c956f75e8
48342,Conversations with Other Women,c2bbe6be3e719c5b914e3bc0e003698be1ff619595f41cb06e101f2dc4324b2d
48385,Borat: Cultural Learnings of America for Make Benefit Glorious Nation of Kazakhstan,faf4870b961c48e49f0b3c76c8e7349fcd12d8b1cd2630d9b5ba63493095e728
48394,"Pan's Labyrinth (Laberinto del fauno, El)",8cf6b99b57c94f23318e27cc3637cdd2394c0b772e631a26c19a94d9c6439136
48412,"Guardian, The",9436b4b728eec1466301b7e8b5f8605f6e0784819cd518ff7906f3504378ce7e
48414,Open Season,fffb83b9c2826ee092bdadbed109e0448d2bb8738f1c709e2d05ea0054e6913f
48416,School for Scoundrels,eec9c5b69332ba89b5b6424d3555664ce2643adb9999d27617a1562445a96ab3
48516,"Departed, The",df91ec44c680733970ba12e5387f82e72b7fc5a0e4626448546261582dff63fe
48518,"Texas Chainsaw Massacre: The Beginning, The",ad4556a252caa97554aa2d6d2894b4c956b5995262d2b76f8d2b629d9b674cd2
48520,Employee of the Month,b9d1c0d7862f3789da942c2ec59be1d83664d21f419e49e2ec19148fdec723b1
48560,Running With Scissors,8fff8b6fe90bb2c13e30dbb0d9a47499d058dc9c96042637c434e93ce6134b43
48593,Man of the Year,9685adc86358d3d7497b6538bc05bc80be38925e986b973c6d70c3c7c39acd82
48596,"Marine, The",c2683efd4181b81e47bf13b13946f57e94e8e7854e1e180379f691e1a71c8b0e
48598,Infamous,c5f9feeb1005030e17d2c7b2ecb9782d7a489f40979220b564b7c9cbea4cba0d
48638,Fellini's Casanova (Il Casanova di Federico Fellini),dfaa946dbad179b2a48446cbf045c644ad341b66e6453db9931265ad959a9b19
48649,Chapayev,feae677187d5ea8fa469c020e80b685ee25143cad66a5e531e0e9e14187dbce1
48678,Feast,f81d476923f8dc005303a8f7a5762b0158d31693f74fe9ff2d1096c88bada833
48696,Little Children,b2524dadb25645293dc7d25a25347acf8528fed609a9f2562da9d01626bb594d
48698,Deliver Us from Evil,e698d8e18537a51ac8675ae59865b719853a698ec8e790dd1e311f206be6e34e
48738,"Last King of Scotland, The",c16869ff45d2c6b82629ff6b1aa095e68316c5a0b83f8c0bfe91659d11bc9a55
48741,"U.S. vs. John Lennon, The",f9edc92886cb3c34585b0796a1e55f1b38964861b768e99f5a59b47049a6a699
48744,Shortbus,a521ed3b4c4b024b33ff72f463b4b2d53d54fd2083410db2ca3362ade48fd526
48774,Children of Men,d392f35acc652e75669559a1716ccd6e694ecc8b6ce166316a7464cc49b4934c
48780,"Prestige, The",84cde8457b261bb213bb854b6e45bb94f0e4606b9f0b4ac597f839393f138447
48783,Flags of Our Fathers,d2fb1e46b39ac0713c46e3994ce6b70cc1b37ace970d4cf3b34c0c3371c0933c
48872,13 Tzameti,9161d0e95e132a1833be918f6b8c6f757e70d7818d8c6cc2257467266a93d8bb
48877,Saw III,ea17c1ba14693a45c5ba7a7c7a87c138784d4e87433c58cdcf23721ccce35f21
48879,Catch a Fire,f4ba3294b04b0a19e52d3ead1d36d27c71b20de8dad02f7ad3c93f450f211db0
48883,Death of a President,9c646ee600b78c1e6fe3b17c8a053f01917f4f0ca6f499dc4e1eb69683c5611d
48982,Flushed Away,e5790d491e3222666e8e7cb3f1c8ae5c8377169474133becc9ecee86964c1439
48997,Perfume: The Story of a Murderer,e301ebee9cfc148375fd47f84a03087e99c8a588b419743307f7da06ea0e29fc
49013,"Santa Clause 3: The Escape Clause, The",e60816f609b3a798fe4f8c6f6196393b3681fe9e50c8e030416b33dc9d7839e4
49110,Mom and Dad Save the World,c41f117ab0eec32e770b2cf96b306ec13645d6643a018bd587ba4f2bd018c6fe
49130,"Good Year, A",f776c630c8e3186949ca5b07d2b9c49b266ee8d3a357346c1b2b5a86d0bc31b3
49132,Shut Up & Sing,eb51612b86af2e96389eb870b4e192c7db56e379ed71399489960d96069c12da
49220,For Your Consideration,ebef847494106bab41e69e519f08c14a507b2eb11fc6414bbdbe3674fac5c146
49263,Fuck,eba44fa40fb47c1e943bb429d6a9d0a127e5b45b945ab45bb453c1e361e1a1d1
49265,Shooting Dogs (a.k.a. Beyond the Gates),95d6e9308773588e41dcd632d8be0d8c7a3641a0ec3fe86067aa7e5168cb8eae
49272,Casino Royale,bf98e7e2d83cd83410b7a49b8fc953e8b61edd26a51c212f7dd338e12923c0c1
49274,Happy Feet,f6dc5924002176dad9c6a4af524d7d4c2de49ca9e2731b522c92e73b334e7a4c
49276,Let's Go to Prison,910134f06edf1b613cc2c797b0786e0c6f1b90e1f6e4cc98192eb3cd36f14c3e
49278,Déjà Vu (Deja Vu),87b2adcdcb7cbd58d36061a136efeaa6e8c1c8c64dd3cd4cc500cda80e3b8c33
49280,Bobby,e8b36b83c745874c964c3cbc7a9a6aa3636383472575ad9cceac5e3892c230f3
49284,10 Items or Less,e8cebc16d13db7d0bcc4c8cee771c1f3aa87336b773ccb84c01c4079391ae482
49286,"Holiday, The",9707bb67374e1463faadacea1eb14984c8da463dc954c039b8270d13c947ce8f
49314,Harsh Times,9a2a9bca77eec71ddc4109d260b4343a2f5026f726bd7d91b5e2216feb2091a4
49347,Fast Food Nation,85f47a816878a5724b89854f783ac3f0368f934e96a1c69ebd636859e3069db5
49389,The Great Train Robbery,d29269026913c5256e4b34b7352d9adb3b1898dbf30cd1b065a46df20ef21fd9
49396,Tenacious D in The Pick of Destiny,9068258f679bd0f93de4c63769933bce3c43c1713b1c1e8e43e168f1bc1e270c
49524,"Nativity Story, The",c511c4752e6cbf4a59483089b2b1d2e56ce7e996584cdac8f63a35798d326e96
49530,Blood Diamond,97d0db2d8c6daec27a2375cbc356e1948175442e1cc28df6a5a1f82f9a741ad8
49647,Charlotte's Web,d4091b8a5b65fad480d0792f25aea780fc501056761ecb9c2aa1e7736d5ff41e
49649,Eragon,c8cf87e137bae199e346f8567160974d8c6ca63fad90099016be359d93533b42
49651,Rocky Balboa,c6269e273dddd1509032dc5dc7fd03fbb36867c07611359429e4284c18db6dc7
49666,Fur: An Imaginary Portrait of Diane Arbus,d5449726189e395b2b9f67acac61c4c261cc493dc433f0cf731a7e981f1478cd
49688,"Dam Busters, The",b4fa24c78aec5aa44984bdda161e56780b4de92db4a527aa4379d60d22f7d4d1
49735,Another Gay Movie,aff286edf0656e52dd39493fc1597a845eea39c1264687f02a46670e8c95520f
49772,"Painted Veil, The",c645b19a6cc350274cd8a3fd52280edeb13f6de58a5ef4a90344edd034afea46
49793,We Are Marshall,d004f805277b057b6fead19833a92339a64f4e2f78ae38ee3a6862476ab465b2
49822,"Good Shepherd, The",b133119c8ccce6334ec74ecee33311bc19fc931232c14a4ff13b792dcc7ca6b0
49824,Dreamgirls,a975503254cbae8c6234b9e34b6d6633dadc338fb583c7f42a7278c1618cc792
49910,Freedom Writers,c0c6e00f3e3107f1073f60f838c65f877ff03b3e1e0f27116338d00d3ce7784b
49932,Inland Empire,cadca99d880bcf65a5e44e383a2b70ff1f9b38198f650df59998afe234c20e01
49957,"History Boys, The",968fc969c7d678eb258338d0eb3070036f2d9ed2803cc3b5a1b4b80cfce34f3c
49961,Notes on a Scandal,94468671631d519f7fb0e42a38e63ae7901e2f59db38d4ab2ce7c24637145571
50003,DOA: Dead or Alive,9633829949c3e9e70bcebe26247c86c35f2d2878f3e25b8d841e77f0210f85ae
50005,Curse of the Golden Flower (Man cheng jin dai huang jin jia),c444f9133fff1eec689bc6603c8ebd1b03e0789e740a93f43c9b4962c31116af
50064,"Good German, The",ac3e696f92c1163ccd319bc133c566c98b363cf3316165c13267cdb3314b351e
50068,Letters from Iwo Jima,c44d19b369d886c419b39d992c1b844a9bb445b9be05d9329c1be8ec1b2f7eb3
50147,Black Christmas,c493bdd86e48673d3bb7c043397bcd81f0941ef6c662333e5919d839e5e42c40
50158,Stomp the Yard,d3196ce60db2e61929661b806e7181fd78906ff3199c97c2a5ca181da732fe0f
50160,Miss Potter,f19df188734f6d666c314738660141fe5a8f4866cd677b60e408cffc1aa2522f
50189,American Pie Presents The Naked Mile (American Pie 5: The Naked Mile),afc2cb19e0173fe0c1fe488f9601e1dc87ee5836c78dd32594d99c62709e3961
50274,Venus,b98aec34134be4ecd9a40679cd9e92736e4db96672220ed3318964d98f39dc64
50354,The Return of Don Camillo,ebde4b8117aab4e3d846343ec721656ad29756b8879542fa971c638dc9c0ae54
50356,The Little World of Don Camillo,abff83ff914a7ee8d129bd84bc37c852b801b0272ec5e6a4f10ae157e3906858
50440,Primeval,8a0fae999458cf0e596bc90f4fb5d1874ab674f285de23a0b0484e38e1dc3b6d
50442,Alpha Dog,fa2aeefb7ca69002ce5f12c6854a69a7c1832736b5b78556859630928afe61d3
50445,"Hitcher, The",8e399e6b639c871c73c763835aaac7c19c4799e36718983a34e19c8e87b1587c
50514,After the Wedding (Efter brylluppet),c03f6ba7fbe07472e7f2aac08003a78a520fd80f0fee63cfc3ef80ede0c69480
50601,Bridge to Terabithia,f50f32340a63ec8df11c12306871e46816b8ccd5334cc3ee52fbcc5f4a7fd067
50610,Beer League,cb95b4e31d2a6731c8dcb92fd6d3406c2d1fbcb14318d063af2c3937d09c724a
50613,Dead Meat,8c2158d38f3071dfb309539c8cd8d0df9de27230856f734d3631608587ef6f45
50658,49 Up,c837cb0e9b81a447646e359b39fc4428460fd32f0f481b81afc783ffe631bf04
50685,Waitress,bc1e70dbc2f08f40cf1f6078bdc7960fd06ac1f0c33d8b872c1e7a497190972d
50740,Seven Up!,825fed9a1f98aa7f5d92c1c868e7f365e5043a2561e8d2346f2884967a56d187
50792,Catch and Release,c0598eaf79c6b74507ecf912fb21241a40abb0394bce85b6889c1adb2533dfec
50794,Smokin' Aces,c36ab5966b05041b217c8dff91e5ebe01d80f92a9a89e7b6dee9148730ee5486
50796,Blood and Chocolate,c423cad733083e4550b7758b0afde6380d079683258f72d42e71be189c9ec9fe
50798,Epic Movie,bee9bd04904fd03a85540ff8c380854d6fa02fcdcb0747cb251f7a46a5bef0c3
50800,"Messengers, The",d9b0c73026333c4f39cf624f62ced98cf5883cedb5fc913726f1a65209c04b49
50802,Because I Said So,da9a4cdfe49de4a8b3e33212b246ef216924f507be8a919433bbaa48d6354c8e
50804,Hannibal Rising,ccc0fde4fbff33ff03ff073f2e17f3017180f080c1c080e80c7cc40e7c07dc63
50806,Norbit,f9bf86cba2897535cf448140d43d5ec629c06aab349d4bc20972e55d16fb1db4
50842,"Boss of It All, The (Direktøren for det hele)",e679279893966da8e8635a36e434d2e598716d781fb784247bcac1276c46929e
50851,Cocaine Cowboys,9905e643385a19be66ef69fe3a7c94b9c2e66bc93b3294b8c130c7c09718946e
50872,Ratatouille,c33485598ceb59bfd29b606693ae3f911786a7a44a90616b646d9e893a1bc3ba
50912,"Paris, I Love You (Paris, je t'aime)",a4d4a5a45aaada4b376b5355c9152dac49aaca52357c951752dab25babcad291
50923,"Astronaut Farmer, The",889f566f37c089914e68b106688b74743bdc4fc92472e9b55f2c9c31dacbb272
50942,"Wake Up, Ron Burgundy",b06cb864cf1bcf1bd1f0c9c336cdd0e29b32327263e1e78d34992c8c8d063da7
50954,It's a Boy Girl Thing,eae9ed3597a4178a689a88d5916c772be695ec5b3c29b127c3da2e9458243b42
50999,"Ugly Duckling and Me!, The",eae36a628673865dc91c59899b8497a42cb4fc2a3403b6d24efb9b6b7349624d
51037,Unknown,94744f2d7a66643223f1bc6ec51bb1c974a8d3930f873039699823c32f5fc92d
51077,Ghost Rider,e5167c1f19f5836142a078f8b67acf9e438ee79718ed91706c69b8423b94f405
51080,Breach,855a52a57a9d2d7acaad967169d0778e3bc0e2173fc1c82f32d8c83e9592c307
51082,Tyler Perry's Daddy's Little Girls,bc724be1611cba070cf164984f07dfa000dff064be13ff0803d601f3dc7dfe0e
51084,Music and Lyrics,91a5d059564bafa64c7b185dfab5d5cb8544ba356a3ab950381740be0fab7a09
51086,"Number 23, The",91bb9ce166446bc77993691e3e67c60c99e870396b63d84a93c8c63b1e70e586
51088,Reno 911!: Miami,ee79f19c0eb5db87634a1ca1b2792385b996c4580f692f2518e69b31d31864bd
51091,Black Snake Moan,d104c1ae2cfe73371f313cc04fc1ce3871eb178ed1a885e5e60c2ff11b267863
51167,My Father and My Son (Babam ve oglum),b7747189ce4513d31f2de6c2291db59643673f26a8ba647a64cc9b5233a9b094
51174,Factory Girl,9cb8fd33486630c7c766cb8093180671c4f745b39b637c1af4d17344774cbb0d
51255,Hot Fuzz,f998c4b982647b2e588baa65e5f2cc9268af3b031372e4ac64ec2fdcfb11d10a
51314,Golden Door (Nuovomondo),eb9896a794a33b7c9366ccc34abe6d28c449b736b33492496eca4abc48a12f53
51357,Citizen X,8aba19e3f0c64e5c8f5d72aaa713c453f14c2733d13349f5d421b047b14ede2c
51412,Next,aae3804350aae5ae1d0dda4457d31992cd03c86ff84d245d96b6cff509e98fe2
51471,Amazing Grace,8557d2b86948dce49ef0294b6ab32797dab97ad04c2637699f03a06ce0e496d6
51498,2001 Maniacs,b055d546cb832aa1386e8e1a67c9b1e43b32cf92e5643a61d59e11d67e63845f
51540,Zodiac,a7fc03f13df11cfc3cca0ce6cee3e623d203f300d111f917cb1d6a0cc284daae
51545,Pusher III: I'm the Angel of Death,aded8b9616922d24f14d7c383d262796d935f34d2c981126a0bcff394f492e92
51562,Babylon 5: The Gathering,cdf0f2eeb2e18d13c5b8c0dc2c57372973b0285cb42f5b27c2dd29721ca88e17
51573,Meshes of the Afternoon,892bf86370f0918600d413e3e68cc1c55e0f3c70838f6f7dfb0ae37c97b03697
51575,Wild Hogs,bfb3afc0d06c0a37007e955ef9819294608ddabf2d7ca963b600d28c0e9fee0e
51662,300,e59be332bd1ab64d166416c35ae61b562b24cd738d894db707b843b1ccd2b350
51666,"Abandoned, The",e7feff063c1be23180f07806379f3e08f0380fe388e1f0037f3f0700630ef9c7
51694,Starter for 10,b90ec0d7cfa16752b2a58d1e94ebd24bb3304dc9c8a5b70e1b164879d6e53d30
51698,"Last Mimzy, The",c6ccdc333933d3cc92c40c336f3f72e41e9cdb1fb2522c383c30b1c35b0a2f1d
51705,Priceless (Hors de prix),9058dd244fd0a01b30248f93af5fc724c3a413178b695f43c66b17bb0fbf1fc4
51709,"Host, The (Gwoemul)",9e16812b21fb9234396d28d99c96253b333b9686866d12f959b2736eda58c99d
51834,Becoming Jane,927c527c78e3fe432f98c399ec9d042fb104fb00c6701e4c9b6719ee3ee1d08b
51884,"Namesake, The",cdbd7d2e84244d14316f52e2e81b81b584510e9b2adf2a56c984fd17ded70dd8
51903,I Think I Love My Wife,dbeeb042a2ff7d75fd3cd71485098d4b4cc24822c2fc465d0cc50ca797a773a0
51925,Premonition,d41ddfc77beab0388386e343a9d0add2650dc4b0d074c37c82ab782bf8a16ad5
51927,Dead Silence,ac679c9c4b19d266e7121d9034cacb5ac73d72734b8927c95acd8d399a32f4c8
51931,Reign Over Me,f89bc7ad84723b877f8d6d7291649278c58c2f89d096296a2e78785c1f896986
51933,Pride,a98cd99cfbe0d30b01762e64bc64de07c405a249a539a71cf63fe859c56b85ba
51935,Shooter,f0f35b244f34a79a064d78683af4158f78c18d92cc8fccd974f85bb2374b90b0
51937,"Hills Have Eyes II, The",845996c9d961f13c62a28d579a188cc3ad971e33b8e369bc3d34f0e7a720f326
51939,TMNT (Teenage Mutant Ninja Turtles),87c4a4841b951f2a3c2b98e47be6d3b9c6a98ed43996697b287979c9658794b0
52042,Black Book (Zwartboek),cc08cefc9fff71a16041c2076ffcc16c01fce3fc661b06d5f4c23f9013306e61
52241,"Lookout, The",c1c1dc3f341e27923e6a8fed4ba7638778b87878e307c20530b3858f8fbc1c70
52245,Blades of Glory,914d7c6f3d9d3538ac900097d2d649395b6f0b733f30d64b17294fac78894596
52279,Are We Done Yet?,baea95054494eaea57356a3d6d0bb4c12efaa55ae32519e40c60963fd79cf0d0
52283,"Reaping, The",b1978b5d4c58a4a31a771b707798119f39cc58664fe3b1b23a3be60c478c893e
52287,Meet the Robinsons,d0ade18e4157101f60eecbe267256f479638973978916ba35ecf8ce8a5603955
52299,American Hardcore,c13bd185b449778b5bb95eaa32e4b77201978c793cc667277b865870681e6354
52319,Inglorious Bastards (Quel maledetto treno blindato),d04498551fff047b6ea443e33343671844ba6a2750ad5cee3e1e834f81e697b6
52328,Sunshine,ffff3e0800e707efc41ce3c33e1ce1c3c1f81f8e3e03c78087f023e03e07c0f8
52375,"Hoax, The",e8b96877a02cb388b5421fa5f77e8681d2bffe8a8e3f8a7404c06118d486b677
52435,How the Grinch Stole Christmas!,a8bd3302cf6ff180993b07d56eec381a1769ce36108ee07f23335e805e1e52d7
52458,Disturbia,9a15ee656562119e699e25392e613f21fd8ce59ea5161667912342a9c6f09ef3
52462,Aqua Teen Hunger Force Colon Movie Film for Theaters,c02ef01f4592ad298fd09768342ec9967891a3fe1e55636b25b36e1d497636c3
52579,"Vie en Rose, La (Môme, La)",d015d8e6d9922d9872b827f72767266da6592ce69da69b8e5a68f91970987288
52604,Fracture,e142e3c78e3fd839d53895748ad56a8737ca13eb1867cd14c0beb41eeb408971
52644,Vacancy,aa30542a20574fac7bee204fce13cff0307a3287cf8e097038f1ee9f850f5af4
52668,In the Land of Women,95cb9cf05e34e30e33423430a58a4eeb6e2d9b658a5599d3e49b053db5c873ca
52694,Mr. Bean's Holiday,daaa24a115d1abba3b6dc9246532324b3953db2a195e4adae495325af16ab9b6
52712,"Invisible, The",a5c1b11f5e3f66e3c384783830fa5ba6cf00c4d278ef985ff803d00f29741ed1
52715,Kickin It Old Skool,b6e8c2ede21dfccd8db7893329481f3253f2130cf517ec1297174aee02e73821
52722,Spider-Man 3,933b93bbc1554d574d856e89268de4aa92e290ded91c699d2c0bf60736e7c740
52724,Lucky You,81cd14333e32e1cc747b3af30bdc952ce1a5dac85e7b2e15bd88c1f14a1c3c9c
52730,It's a Very Merry Muppet Christmas Movie,c42bd85078a4f62b60dc79b80c6e1e93167289a965d627a71b09d455a6bb7a77
52767,21 Up,c8fb68b8a724866584cb60ce6976cb319c99189a337ab663b461d85a5cdbe4a7
52784,Sharkwater,92556d426b3596ad2d4a5abd25ea1ccad2b1ea46a5459b136a65b54a5a95b768
52831,Maniac Cop,a55157a3d70aab976954d40abc2cbe55464c876a40f2e0ed38ecb8d41ab29f6b
52867,"Ex, The",b4cfbc063ea0ca70c07340db67b19b198937d19e73cc632c920d7f269c67a8e6
52885,Paprika (Papurika),94434c1730f212afd116e80e5f2d1bbc78fc11b90fb86f490fe9ad67a59087d2
52950,Day Watch (Dnevnoy dozor),8d890dd174d91c8f3517b1f253d1c311a35e136d7961bc383f99e1d11ae15a39
52952,This Is England,a871b34eb34e6c714696d78eec516c8b9d38234d5ae69690b368f32678991c72
52967,Away from Her,e45293894b6635b9c3c69c296674398b5c75673298cece67b198e66635331999
52973,Knocked Up,9041ca3d4eee614bb45f6dd21e3814f1c927b7ac9d09c157999e9bdab1d8b408
52975,Hairspray,f7bd170d9f0a897309f382d0a25a58f3fa07da8458dff70e8f840f900f30af05
53000,28 Weeks Later,8464d9b459034e4faf5e319364c9a1ec7b39be0591e4d1b3b83d5e4eb3126c43
53022,Wheels on Meals (Kuai can che),ddc05dbebfab7e00fa13cf5183ec30ed1f8e0f125c916b98c34a21ecb64a6211
53024,Jonestown: The Life and Death of Peoples Temple,96a64350655aa929eb959e55628e79236dd582ad7982ef50967c66132f9065bd
53121,Shrek the Third,e8fa134726257888af555020df9a09f5be6b7892c3f53648dc09c9ef30dab781
53123,Once,d990d2e2d646818fa1a9e6495e1c6e39e1b9591c5e94ac16a96f58c937cb324f
53125,Pirates of the Caribbean: At World's End,db85f5b715458a4826721e52187237b71a8c854d26ad7efed1fe99b07980512e
53127,Bug,f1b6b1a4ce4bce4b39b48ce46e6e39938b91664ce5aa99312e496d069931f32c
53129,Mr. Brooks,b27ab0149f17cbae51ea9478c0c90e31e8b16bc39f1579f19470bc0f2fd8854b
53138,"Librarian: Return to King Solomon's Mines, The",dc10857c33eb7a21ccbef64b3a6948be6d833661967c87c68f85c99080f887cd
53140,"Librarian: Quest for the Spear, The",90cd938756a936e93a597b1d6976cd426062c99a699667241dcdcdc53d9b1436
53143,Fay Grim,a58d860b06038e5af3cc6de448e491ced29865717033f3ddcf196db171b3706e
53161,"I'm a Cyborg, But That's OK (Saibogujiman kwenchana)",c2e094e73cce68c825db7e82d01863798f609703d23f997d997691e098e53dc7
53280,"Breed, The",92d596d2365ac92ead6d5d203e52c0abe5a969283a5787b7b4802affca52e496
53318,Cashback,e55b9661e590095914b3fb23d358d6543d2563ee36e79904c97c3ab21a0e476d
53322,Ocean's Thirteen,bffca0077b8ee664b430d4cc52234d9c9e76d97393c0038606524f4eccab5ee9
53326,Them (Ils),de9e7c0129e9875e5e02e1781e19982679329ec684edc993692bb0f19b9e92bc
53355,Sun Alley (Sonnenallee),d044c10237d316db69b05aac7aad3fbb16fde86021360a7edd60033a7ee837d2
53435,Hostel: Part II,eebc8e8e46084000cd04f57f47d4e7bf82931e63d87cc426e4ac28f19b559ef5
53447,Paranoid Park,c53b7ac4144b63b534cb2d7bbb1324ec9b2491da6769925760d9a62738e46953
53450,"Legend of Sleepy Hollow, The",d427e0120a1394343fd80bec46c86be92fee0ced306b621ef91de76b85d984f5
53453,Starcrash (a.k.a. Star Crash),dfba3bb0a5f787f7d612ec20e94c631bda05086c97422d87f41d245bd8b079c0
53460,Surf's Up,828aaf2d1567b08274b9765dd07accaa4cfd6274db209f8d2d5dd2c453e141ab
53464,Fantastic Four: Rise of the Silver Surfer,d11693197cc96fc60c60cce16c67977673398f0d78a091dafb49782594e262db
53466,Nancy Drew,afacdb8ea05b2cf3dea4079d7847e054a5b89e69c291b3f4f24682c60f684d29
53468,Fido,bb0f0070c5f46c8ebc706f03a5e0199d706a937d88fe45e2ce35e46356059f97
53519,Death Proof,ad40d48e0afe9f6ac2f70b462c2be9f9e582c69f72069a3b29699a390b71a961
53550,Rescue Dawn,a61ebb65219d489afdebc38b0d66d104537056e3c1893f4c3693e0aab6ac54f5
53574,"TV Set, The",fe4f86f2e1b07b0df13030718e4f25da6f99c780322628657145f91ace5b24ee
53578,"Valet, The (La doublure)",d6ffa920faa0047fe9223ad5dc8d4952d0786e4e95a4dea01d89ca552f56c2ba
53808,Bring It On: All or Nothing,b1b9cee4ee1f13a0cf1024f4d389942f6557954038e87b1147b712cb9b47cf34
53894,Sicko,e34ff3a1dd309c2a08e68ec52bd929c9a14ad521da31d67076f65e8670c7c359
53921,"Mighty Heart, A",d0003205334126dd06ff19614a2eca271b17a56e69cf9c7f45b76d2f05bb43bb
53953,1408,88590f9b7136196426ccc65ace6771a73990993a739864c98e6777ece71866d2
53956,Death at a Funeral,f828a58587d75a7a6b292585a89ee57e13d11203e428cf793dd64db656a1b863
53972,Live Free or Die Hard,9fb99bfd63f7c1385010be478fc471cc6b80c17efce26862c7218fc061d13079
53974,License to Wed,e6b1689999ec986686528712871e26294f39d18b69e6f9ed99852e66b65a1ed8
53993,Evan Almighty,edfdd2c61013edab3ae4a09d29dbb162b12084ff66e566026652650399ad9dec
53996,Transformers,991a0dda1633d6316ccc3aece23568d923789d4e3d8ad3375aa79895c2a998ce
54001,Harry Potter and the Order of the Phoenix,d421cad585de18107e3247efc8f5a06c82ff86dee721e77004f8820c1adabdaf
54004,I Now Pronounce You Chuck and Larry,edb7b6599ac92da695ac915af049725a6b69626d64934ca50cb6c4b5eb4c3492
54116,First Snow,915087ab0ebe294763eab4383b89f80d6d4f9c6e2475712f2713b599c46a8de2
54121,Broken Arrow,afaf4cb790b058f8ce01a74bb518b93d934497428744f424e637c664d8ee4cdb
54185,Manufactured Landscapes,caecaab9e7b81d4e6512d5119c466011723179a626fa3fba1bca4eb1c279a99c
54190,Across the Universe,c7b16e3f301e781b98eb65ec4d8b93c139c38dbc277e2671c79463c190e43449
54256,Hot Rod,af880ec8c03f58e61d649533b19df313e0dae7121e359667676659e8cd982c8e
54259,Stardust,d145997179b2632e462cc64e2e4f199c3193b6d376c1c7a09923393f1a1f36c7
54272,"Simpsons Movie, The",bc3c975d4be9b4f49d3eb0e39178d2a6c9076e1ac8616328f396c903d298ec61
54274,I Know Who Killed Me,8731c7ec6fef4c19f8505b933b0e3c639c982adc2933d063c8792b996586e523
54276,No Reservations,96e07a916d1b0727d2fd2cc27dd9a1b96272bb44602ac2bf1cd5f16283178db4
54281,Charlie Bartlett,895b972e67346c97c6e41669bcd6b691473cc930cba1160f9315b1e6e1ef4b04
54286,"Bourne Ultimatum, The",f119d3b14783f46130f69d1f29cbc3c0768c66ae7d2829caead4b685968b564a
54354,China Blue,d517cfae02cd09b343c0b4592d6857c1b1a99ec5131cb71eee86f468493be1e9
54372,Tell No One (Ne le dis à personne),c27487c359bb6cb98cc666722f9ed061079a4f36e1311cef19c464b6cc82b36d
54503,Superbad,fb44d3bf8d4f3b70e0dbda418714a94795b13ee5a0f20856961a4d0ae1e92dc6
54617,"Brice Man, The (Brice de Nice)",bb0d2f4d6667b19fc39ac272cad685ac97a895e693447a46786763296529258a
54648,Rush Hour 3,840ca79d18b99c621b7367338faeca0d13dd78ceb268a5727ca0c1d9271b4f8b
54686,"Last Legion, The",a8c68cf617a1570d76ac30c86ad14bed2f6db40eb13a8d30ce354f1335ac51b7
54732,Balls of Fury,c1c4af0c02e681f31c4be4f1c69b93793626d31edb3dc70631c1398c64de387f
54734,Sydney White,8ea3ff7d9088c4018777da88bdc8227093e3875cce4a52a349b30f4e4efa9a9d
54736,"Kingdom, The",de2ff77f33f89e066447a4f0d951c42fa9e09bd1ce00c016c1857c423f2e4b2e
54745,Rocket Science,f4bf9a79cd12f18223cdabb565e5d4095c22b5b3274ba8645ac59812d65add30
54768,Daddy Day Camp,ae6deab15991d74efd1e94368669458b76278f21d89bd24ea561309d5b8849a8
54771,"Invasion, The",e7c2b83bca2986f23f57618158bae2d681b5bd27f3d862a10ce9671c3463d80b
54780,"Nanny Diaries, The",e9bbb18596464e6aed19b1b11e4e86e62db179cb738e16318c714e03468eb1dc
54785,Halloween,86449f9c598e267f706739e965f8e65306a7c126799a9819166dc86619716b9d
54787,Death Sentence,926632648499ec896d994dbbc842925a3bf2c4163e9433fd964ddb433b792d4b
54796,2 Days in Paris,efadc07695143d9894ebb63e42d96acdc06b6f099b78dad769818524562e34a8
54881,"King of Kong, The",92e8d6696d372d9619c19269c26c6d94ed931aa7b06894f84e16cf0693c7396f
54908,Taxi 4,82c2f4f94bcb0929252d76e6306c1b7619f9c19a60907c979e7a4e6d8f26a799
54910,Behind the Mask: The Rise of Leslie Vernon,eefb4eebcc44f1b21b2eb105b19138dbb0e4f112c70dbc6484c1e70f8f66c524
54934,"Brothers Solomon, The",8f87bcf220f6e0c3a5677c2e742282f083a388370bf41d62775bd8afee30a0f2
54962,"Nines, The",a492d7593775636c19ce1da66a88447937ef5a03a365abf6582a709eb6c22d22
54995,Planet Terror,845475a519a9ea5a6e4ad9e323dc9696d42d61ed8bce961216b363cd49ce1e43
54997,3:10 to Yuma,e9c7c69b565ab1650695ba4a2d4a749d7264c0e76099a40770a61f952fe9f1e3
54999,Shoot 'Em Up,dfe0df498e0f8538e1aee0f678fed8c3cac199f0287d680d7f00278086c8d2fa
55020,"Ten, The",cbfffa941ecf07fb6b91c962520dfcd4a538810d994ad651d2d285821fadb240
55036,Gotti,c6c9c64ec649c3637b2d99b059a699b09f32c721323399395987d99ac98ee4c7
55052,Atonement,988c59ce19de30dc8d01cbeb7d7d4b719b89363a25adc92419257be5919d9219
55061,Electroma,cb50b41b4b20b25f15a0caed8594d1a992d795a86a536b52fd2b2ad2352f97e9
55067,Requiem,acc88cc955a9edadb52462b66995da99da911bb317b5c5342566256f846b8a59
55069,"4 Months, 3 Weeks and 2 Days (4 luni, 3 saptamâni si 2 zile)",80d8225e6f2f9d8114b350b6ae4fab4a975624f449a9378f5b9a6a88b5715d35
55071,No End in Sight,98fac39b7c469e6171c09dc5823a42aeb8f3840cfd411ef07b107f9b708bf1b2
55080,"Brave One, The",b361ffb1dc13dc39cab8343c87e460f86382f37c720e3018913f689902fca57d
55094,In the Valley of Elah,d990d0bc562bce664b9cab5969a7dd86cd8276c2f65909968eac676d0d328f02
55110,December Boys,f9a93060875e9a1558a0a5693c5261b7968d6f2aa8160ff37a6d78da87b36b85
55112,Shanghai Kiss,edd81b3060c717767c1062df2fa3704e6837cfd812a7b56d9494c91b62e64d29
55116,"Hunting Party, The",e79ec706b87e94f3bc0c47696b253a0cc071bc5a3aeed6c0919546b27e4c328d
55118,Eastern Promises,9340a524a6809b4b6da732d85beb5c927ad965bd24963e79766d6832c65b826d
55156,"Unreasonable Man, An",98efff9818c37e3d81c03c3963ce9c31478e7871878c6c70538995776e0e51e1
55167,Tekkonkinkreet (Tekkon kinkurîto),a4e69add5a1b458e03c44637be8bf562983c9d8187faf02596c3c9f8cc34cb86
55190,Love and Other Disasters,a5db748ec60e2659d669ca698b773de1cc9c0b5995e04c37486795e66d82ca2c
55205,Interview,9d4a6a7125a69b9a4619994cc6a5e772b98e4c991f8f59696266271e39ec4c93
55232,Resident Evil: Extinction,a749b59c523493717b2bd66c10e4e9864d9f799e74e3c174362e46432f23c670
55241,Mr. Woodcock,eaecff692a928287757c5da88a5d9683f908c5148037797bcf888e143c1575d6
55245,Good Luck Chuck,dbadba56e00063e9075fd5a93c963d0eb4c0f4a8c2d6dc23b4d125e7c70d472c
55247,Into the Wild,e6c6e83a091c77c5a4720f64499a209363659c7a37c57dd98e7b626671da849b
55250,"Game Plan, The",b8e6e79f271938f0d61cb145a916d8e34c8f5e3e733bd47180c7c48e940cb531
55253,"Lust, Caution (Se, jie)",837f8154815c119f119097446f6fd9d8dd921fee8ceca44e09e65a2346e7f4c6
55259,"Seeker: The Dark Is Rising, The",ade2878e7240d332c21c08098da72c1fd934dd66c5ad3896f4833799b3d367cf
55261,"Heartbreak Kid, The",e6d4f30f8c214977b32d2e9cbb5a9c38d10f21c0d2952cf13a62503cf36e0cef
55267,Dan in Real Life,ee901267c44badb49b34c4cf36846e36ad5fb94ae6484b2abda5d6718b3b4281
55269,"Darjeeling Limited, The",c99f166629c91c3427c221091e1447abf0749fabe742217f1fb2e465c874e7db
55272,We Own the Night,ffe4ffe9c893c0917b48c9442d2fecbca41f762ff64c3d626040a0c372c3f280
55274,Elizabeth: The Golden Age,ed0eeda55694e21a03da156d1e798b2119a3bcc7180f23fff3fc57a08d01a817
55276,Michael Clayton,99859c86ae612f2a3b0cc294699fc90b6dd9b4d196f312b7d32f6b6c0b18ae91
55278,Sleuth,e087a1c0a5c0ac2d7c3d5f7c5f6852535a5ad6d877aa566343c3427642e762e6
55280,Lars and the Real Girl,ad24f0f1566c861e79c1edbc9270ccc12ce6f600837f73b0bd2ca4e15982b9f6
55282,30 Days of Night,dce424e442300b5b3b5b3b4b2b496d39ed61c0c2c1c61a9e9edaf892f48abde9
55290,Gone Baby Gone,90d14ed47ce4b1ba4f2e390bfb1f9601dc6076aea1af49a78dc092385cf8a8dc
55292,"Comebacks, The",d0d6f2d6336af32c67164706d2c6cbc6692c107498d62d9e243d969366ceec65
55294,Weirdsville,9414c9b3d7486c4836e33f3d79d6724e701972c6ca1b99b4f6a895a2b4d2e329
55363,"Assassination of Jesse James by the Coward Robert Ford, The",e697396862b425d8d320f2c53d92f6cd1937de4b0493db6264c8e8137c8a3b75
55391,10th & Wolf,c410ce103fb611ef6aeb336ab156e444b644e39132399c106cb297f486ef4f6f
55442,Persepolis,8769756885a7df8658561acf3a78607c6d346d3062c7b2d561c161ebe73b8611
55444,Control,aa671ae273ab64992d4a84d49ad0a92db5a52d666b66b53a959c3dc8b4ca96a9
55451,The Jane Austen Book Club,9c0ec1c46316962f3ce9e9449b075efbe65c90059dbe6f784ed176af093a0a50
55492,"Last Winter, The",a1b4a5a613c81259325bd098ee36ad2464ac762f9b59de739d1b35b261f6a564
55553,Black Sheep,df9dc59a49147ee67846864bb4f1f6e02e29311d1b3c1fa0c583e81f719a33c2
55555,"Edge of Heaven, The (Auf der anderen Seite)",a66ed99b2601d044cd1132cf67a63ad9653df6663999c6c3f3440591da6c66b6
55577,Saw IV,85b93fde3a46c799c5f934463847c7a9007838c64e07c739307c38c2cf653f2d
55620,For the Bible Tells Me So,d161d0442e9e2f9a7127f0a386bb9ed4cb44e16b39329934b62d8781a5d2787f
55687,My Kid Could Paint That,f9cdba553632eb8cb9cc3392ff83951d7811d2a33562d0ecda992d51e6880a98
55721,Elite Squad (Tropa de Elite),8471b318768046e2718ce055b9c4b145cc77b61f3ecbcc634bbe0d393dcf4e8c
55729,King of California,a603d8fe59f0a7014897825b1fd8f82537382db621199fd8e073dc873fd403d9
55765,American Gangster,9503a75762be48adcc006c5a7af3932f3d1c2cd162dd73385c3a9ce32ac6293e
55768,Bee Movie,b3590f86434f4f3d96f8a800796476fa849278f437638392683ce4cf0f23b3f8
55805,Before the Devil Knows You're Dead,859d846ebce5938f6346bc614ae78d960e999a923e5267a99d164c8b35a86bd2
55814,"Diving Bell and the Butterfly, The (Scaphandre et le papillon, Le)",bbb884ce3fd1f84d4c98bc3241f3df036266b1d8e604b1fc63c9863c4cf0ee03
55820,No Country for Old Men,90572d0d6f30929653dde72b0ea0c577a94d7e0ce6b4819cf57b1ea2c512a173
55830,Be Kind Rewind,ebbeb18598594edaf4867b369f03f498b944c8c5a67bb90dc8b4a696870a206d
55844,Itty Bitty Titty Committee,973e927315008b9c3aed74ce4a17fe19cd4403f925f91466da728e3db50760d6
55854,"Fugitive, The",eaa9668bb455db72955691ddd5273671c803f38a62d96e78e18463889c832cd7
55872,August Rush,ebfa18fa61d786658d8d272195a939dcd4657842de328753a399c18fe1690cb4
55908,"Man from Earth, The",8cc11cce63cce1fce333173338d5d9cc6cdc4c1d972932c65cce6e31933a1585
55946,Lions For Lambs,c00ebc8d4e714b5233f2c17f2cc4f0849d1b6d3bb07d9e456e67de42c7c660c4
55995,Beowulf,9b65e79c3cba0ee533869cb36364cf139d6e31864b494c1e373037414cb74936
56003,Southland Tales,85d050867a3d8b3b2bca74cd9e662959db12f62584dd6a62614953afbca334d9
56012,"Evening with Kevin Smith 2: Evening Harder, An",ecacb22ec23a3ad944cee1093b35c456c88b97b63e521c0bc5adabdc1e2229f7
56022,Harrison Bergeron,ef52ed18cfbd8ad72835daf35ab8ed15cf528c88dec448cc82e877ecc4006207
56060,I Served the King of England (Obsluhoval jsem anglického krále),c170e0f97c3c4e1e27069b869ccb0f26379a98466f476b3bda2cc639851eb04f
56145,"Mist, The",98903d9a653dc62fe68a9769196ab19ef60765b9a794cc637901d64ba3591865
56152,Enchanted,9b92686f1ec6631126ed33e2d23f6860378e3c76e5a71a7649a29f194ac9358c
56156,Hitman,d222d92249933b981e02de3e7e32e600e6ed79fa79b2e0bbce050ec6198e339d
56169,Awake,99474daa649932786539f2c3736ee3163663accd09b28d913b99c6663b1e3b60
56171,"Golden Compass, The",b606de6b0a7ca994758b8f61857174bb3e9982f0e15e54965a093349dd9a4a79
56174,I Am Legend,c33843709cc7dcdb271d332cb267ee935cd299442f1da4981a2a7267f073999a
56176,Alvin and the Chipmunks,919f47f97261a49d1bf07a440c1e712678c2021e6cded3193e7ecdd9f0a18e39
56251,Futurama: Bender's Big Score,c54cd1ab0b46ec35684165b07b0326a83ed9637633f15ede11fa39e28d9a8e87
56274,Margot at the Wedding,90bfee48e3e951b7be05e33b39c08fd5533f28441c2bd1d4c162162fb9c440fa
56286,I'm Not There,fb6b7c281db7b7dfc34a0ba7da847052bc81d368c21884d5a0d164cfb0578a75
56333,"Savages, The",83e8bc3ae3b3d31584c33f3363387c8c6a6e42391dff8143ca73c589bc3ca286
56336,Wrong Turn 2: Dead End,d50bd2c06a2438cb1fdeeb566ad7b5bbd26468349549d2964d69fa50e1870a56
56339,"Orphanage, The (Orfanato, El)",c649866639a679b927d9e4d82e66d3677b26b99aa4991ecdccc229ecc3226c30
56367,Juno,b8c6473ee663f3781c0c4e0b9803e77191c543fc99c3f1ce663cc6076f185cf0
56379,"Maxed Out: Hard Times, Easy Credit and the Era of Predatory Lenders",b800f55447ff2aab954413ffb811dd1546ee40fe3f003f81c01fd05d2fe22fe0
56389,My Blueberry Nights,cf05abba21f8f000520e1bec2896801fdeb0fea043ba9cba30834ed9bfdf3b2b
56563,Helvetica,aefb3e5fd64c94f83eb4d92ce52309b1cb044acd965b2530d90458c195ebc5ac
56587,"Bucket List, The",deabeb56a401908c4b7e9fabc040a61d61e714ff5a846a08e9b5619799fb6c68
56607,"Kite Runner, The",face7a338510a5c48f3378ce6ccd9f3228ce6678d910b447833b0b3b32d8f38c
56620,"Deaths of Ian Stone, The",8661e67261d6710c339d978cea0d248a791c888b3cd68e655a470fb795d37a7d
56715,Wristcutters: A Love Story,bdcefe0e461443e071e1f10007f80f9f6e1f999db99e07c46f025a2f19fca1c0
56757,Sweeney Todd: The Demon Barber of Fleet Street,f05df05d875cc2f860e102a206b206030e39ac71fe573e7e0f7f697d58f490d9
56775,National Treasure: Book of Secrets,d40bf043d8a47bbc1a7badef27168f0a6ec1c2722acc936591ae8b1496316f99
56782,There Will Be Blood,c4722d473998d39c76a59439cf86d45e3bc7811834b939a6c9f86e839af54b05
56788,Charlie Wilson's War,ebbd9d738442620c913763fc7c9894f26f2ecc0763b9335b94476b648f32c091
56801,AVPR: Aliens vs. Predator - Requiem,c66dfa5139b04b9c277436b799cc846f6e12d1853864d0d091e9925ccfbd91b3
56805,Walk Hard: The Dewey Cox Story,a4a776d45b31293fd4e2ef0209bd923ceb497cbc2c0241e3cb0d5718de69aae4
56837,As You Like It,9c52194c3ddbe53365a46696929a16c93e59c12c8b6e9872fb80349b209fe7ed
56869,Drained (O cheiro do Ralo),b96ed2a5fea6a0b625527183e08b13c9645fa174b06e27e8d28517465722fe76
56908,Dedication,cbfdf68234824f7ccb4fb001857c7b6f7ac900b02fc756c0d01b915f9763d608
56915,"Water Horse: Legend of the Deep, The",c48ae6b359333b26364c52cd98c9599641321f73ab6562a416b19ee26aeec9ee
56921,Battlestar Galactica: Razor,8421d141388c7a9d3171d4615b652fbe639b4313bef431ea478f0e0fa6d2d9f2
56941,P.S. I Love You,b88be56a87541e9dde2a69421bc5d5a721b06692b78a9338dc7194cdc3399bb2
56949,27 Dresses,bb4796f4e129e81a12a507964bdabd409e0ee07fe16b66618e3c5b3cb50b30e3
57147,Cassandra's Dream,98db9b3b3324e7706cd658a6b4e62d596319c4c89913665eccbe2921b8c3d23b
57183,Like Stars on Earth (Taare Zameen Par),fee3a329150ddcc08b0cc13d90d12e56e15ea1c23ea7bc3d636a93c19c354afe
57243,"Band's Visit, The (Bikur Ha-Tizmoret)",be2bc35410951feb81547c278f7ae0141cabc75a7c85bd534b4e32b5917846ae
57274,[REC],d3eded9ecdba98f87a16fdb9edf6f396c00d6a060fa88ca02029c00d6fa0b580
57326,In the Name of the King: A Dungeon Siege Tale,844ed33153318e3917add2275a533f126d2d4d7b032a68b53d6596187a9d927b
57368,Cloverfield,990d811b6771666b3c873cc622e4e0fdf98c033c2ca99c474a772af2b38f531d
57421,Hatchet,c017c03f3f983fc02fe861f8e01b7b8bb41668bfc0ffc0668f699e409c423cd9
57499,Heaven and Earth (Ten to Chi to),f332a7555aaa0871ddae641418cedc4bccf36cc425ccdedc09114573fb263336
57502,Cat Soup (Nekojiru-so),bd0f6e0393fc6c1286cc98f9c87393b6e20293fcce2104f3f0c69b36c31ae6d1
57504,"Girl Who Leapt Through Time, The (Toki o kakeru shôjo)",9b269dcbc95b102664b64b531c6cc31b9db4694aa233b4e4c669ef1afcc64f09
57522,First Sunday,89ddf7a9327e69d0d45b1b2041f368789f977e065194206e24eb381d6d353c69
57526,Untraceable,c646c64e799939b139b196308625e76e79cc38ccc87cd2de2ad3cc93ce138639
57528,Rambo (Rambo 4),b4cab6cb669a9aaa7b45926e6a49918d4b313b67931c67b88cc7a5b53306a465
57532,Meet the Spartans,c6e044f8855bfb0fe2ae58741c509d433b2a7bacd49c869567814bf81d729c4f
57536,Strange Wilderness,9c0f0c2fc3f0f3d07a56ce0407cd6da93d291b6ef0d6f0d20732f1318fac8e49
57637,"Signal, The",c66391ce398c6e33c295d0ca2f7927bc7ab4db5923ce8666946199aeb1234e31
57640,Hellboy II: The Golden Army,abd6d18f1e239a70097ccd5b6aa92264c41e159f3b83ba61f87d702af983e303
57669,In Bruges,ebd0e0cfd0775eb14b85e74e260a92325e650e74f930798120c93add7b1ac3c7
57843,Rise of the Footsoldier,d070e6f41f0f334cedf5d801649648fa07dd0f0773087e9272b605f90ad67c39
57910,Teeth,e2536cc7c6e193b0391e6e664b6896e9966d2c9b6958e7f294e4346c2c196339
57951,Fool's Gold,b0c2849004bdbb3e4b03930d980f79a69df00c706c3e8e0f61e7f6da5e4f8ef5
58025,Jumper,c273b38b3c8438cc2fce8730132389fb7e4c8444438eef327d41c53b93fa7e46
58047,"Definitely, Maybe",b3fed93384c425e7dc81127d6940f462875fa191587927cc1e62686a6dbe0eb3
58078,"Air I Breathe, The",b798c00e1f61d933e6438d9a7cce3334b30c6c328db3b5c0588cb3d9b2674cde
58103,Vantage Point,e7a1c93be25917a1f30fac709aacd2866b706929359c9cb59c91b45163c5e6d2
58105,"Spiderwick Chronicles, The",c61fd0a778a0f24906bbc8f6726c271bc872da2627dcc8535f62814e5ed9d718
58107,Step Up 2 the Streets,9435a4b14771cf4e3f8e364e81785b615e638d15199d31993b116786748eb97a
58154,"Other Boleyn Girl, The",dce4c4e4319213134b13ef15f30e30eeb2f257b3c5a1c14d786f3adc1afa0712
58156,Semi-Pro,8698a4def023db21e975114c1c2a19ab1bd9e6d56387e64b7d6ae16f62219e85
58162,Run Fatboy Run,b23a0e0dc9b370d824dc93277f336c93ce6521e234d8d99da30d47b2864739ee
58191,Taxi to the Dark Side,cda5825a15aeea658d5a9225c2dd6d326ecd3312966631d982629dcc599b6ee6
58287,Descent,cc78e117b1e65f1cd67c24e70fb793187a679172339d8ec60a7023989ce71a84
58291,College Road Trip,bab995cc855f493bcd8ed27130606256ad706c8bb0979f89b95eb934350ba5a2
58293,"10,000 BC",df68b0413f919f2e706447d69a1bb1c82fe63a10048ded49c316d4a7f5c9ab4d
58295,"Bank Job, The",97cbc90071be349d5c006d1270f898ef6f8356c12bd9d0e6d904acbe87b9376a
58297,Doomsday,f0c1b28c0b1c4f703f7190376db6c453f6436688b1cc09ef890d2ead76b63f54
58299,Horton Hears a Who!,951139970bbf6c6a5b8627e46e52b68de4498c1e91f1c28e3c6033f7e31ec8b8
58301,Funny Games U.S.,ea0e6f622dfcd6bd91b18915ca12ef22ab91b6ad94a894d64ace49c269d6292d
58303,"Counterfeiters, The (Die Fälscher)",c6514bdbe1886649b723bdb4868cd1275a273e6c9bfd09b62d42d311695a966c
58306,Mongol,901590048fbf87ef244f6c05cb4557b284b38f482acd78b7bb36d3c0f0b9dc2b
58309,War Dance,a64699315999e4ee32311f49cda610f8787ee697072179c2d85cc63fe32799a1
58315,"Love Guru, The",fe21d91e2557e4aa73f88fd1e60d924f8dc348349b2a91cc9ab26989b47986a3
58332,Diary of the Dead,e5bb4cbacc8861a132b63249860cc92419ff46df6b659b3638d698dd873c27cc
58347,Penelope,cee39266999ca6362626998631218d6be76ea659bb9a88c63a42ca73e6d39396
58351,City of Men (Cidade dos Homens),8766cd9949b9a666599f12692bbaf9a28c756310f66609adf348e6725926136c
58376,Zeitgeist: The Movie,83723c1c43e381e43e1630f06f856f189cdc93b1f18ec523c87391e6a53bdee9
58404,Justice League: The New Frontier (2008),a8cbdbb18e4c253d6076a1493dd2194ebe1a8b69d297d195d014fa8df9399cd0
58425,Heima,8ccef351ae2e19b108ce7639e30cd4e00bd61c39b1cef2e7a7469e348cea5195
58492,Snow Angels,f535be8eba8b6127849e7ae94526e4941ae90552f4d44ae98792f8d4cd2b92d2
58554,"Class, The (Klass)",b03a3719bf021fa0d8d7f0afe0f3c94207bc073c84ba30c986c1d1e66b6c6dbe
58559,"Dark Knight, The",d742fd63cc3be64cde68dca1ca83822712279825345c2c59ef12ff16cfd660c4
58627,Never Back Down,95323d005addc27e2013802bdd06fddc23a05f2bec6e0b7e06f56ba5f623bd48
58655,Drillbit Taylor,bb69d9baf0e7061e03f2dced93c1fb10b41080e1bf67a59802603b4358b71edd
58783,Youth Without Youth,9238963c6dce699369a1365832dbdd095e7742e6e7cc86d833db21cd5a10d21b
58803,21,e3809f6f061d4d60139a739b26676511396ed8daee69e959ec71869590ce9989
58806,Smart People,fa1984776d885f43803fe858c7c6ab1b30784d337b49348ccb3336a0d9cde363
58826,"Shepherd: Border Patrol, The",c944a9c5c9a6c7a7363c1c3a367afc7be051e37227489866978c38d5d89163cd
58839,Leatherheads,e1cccd485c7bce23b6f307354a319ac516ce9ca699b2d8ef62e48856b166b322
58842,Assembly (Ji jie hao) (2007),8854c40d7f8fba52a4745f3a9efb1ce719b6b53965f1c3e20780c790e250b319
58870,Zebraman,f5006feacb55b4a00d4ae2551caea5495a7295b5ed481a5ef23589fb324bcb34
58876,Stop-Loss,87d487d6d2627263f2f4a8c48dc38d278535231b409954bc7cfc7f6272e392a3
58879,Shine a Light,c4419519719d6ce01b3e1ff86fc07b3c62a89f082cdf49d20b473b7f90a3cf90
58964,Inside (À l'intérieur),93689f053583e0e268c168936cf04a5d3a0dd0f89f1e17ae35f42da6ad2ee1dd
58972,Nim's Island,8ffd4e0dc609f101d9030fc6c7bac46218d66994e471bce9648da7b926fca9c6
58975,"Ruins, The",90661e3b7e39e18727964e689b623b9c64d826d45b24dc465ec2d88771fda6c1
58998,Forgetting Sarah Marshall,dc5305d5a9554a9af32eb0ab334ea5b6ce992855c8554d34b5b1565a6b60732d
59014,Superhero Movie,9516dd874acd1e593f18d04c79a869130bf336d8a53f2ea76607d05d6958c17a
59016,Street Kings,d96c9b6c126e162918935be64c9aa644b2d3da4a81ebb41bd5fa65a9f8a59e14
59018,"Visitor, The",ba6cd3fc737d12745b7c737c89e6e220da820aa6bb8284337c82378685eb0cc7
59022,Harold & Kumar Escape from Guantanamo Bay,dc8d1332da3295c50bfed67af0452d9f1bda5bd532a12079486548e78f18962d
59026,99 francs,934c0e69ccf71186bb1867e4e6414ec19e06c93b9b84f911ccfb6ef1a44e14ee
59037,Speed Racer,9073c43f670e3b888d6045e790a3e4a2c2cb99df286c99e12da1ad5e5e1eed96
59103,"Forbidden Kingdom, The",bc92007c4f81799372640e6f64ba639d1c1c2fc6d3239df1d0ce36623c3be1bc
59118,Happy-Go-Lucky,fdfe64ce8215823c1b7cdde0dde18cc708de29cc30c63386311bcb3ad4ab56a1
59126,Religulous,d4991853e1626b81b31d87be1867fd367f8c96ce25acb868f51232069e3329b9
59129,Outpost,a25d5eeb80a669d4577976999a17e562a5e5c29c517a3b033a835ca2663cac74
59131,Are You Scared?,cc00b5458177857b4ee93ef63f98c3b8e27b94e787ccbb0439a4ce67c2046874
59141,Son of Rambow,e69e8965592fe092b759dd66d8d0e60931688ea74a9b245e8707da7eb981a554
59143,Super High Me,9e1eb5492169c6b6e03c81a987d1da5782079f0edf0f8a0b0d74bd11da294efe
59220,Outsourced,e699c81399ac9264986664dec63a6599935973349aeb7364cce66e42649b7b98
59258,Baby Mama,a3bbfbc44c49867b1bfe95849912c84dc47e433ae3b0f4443903bcbdb46e4370
59295,Expelled: No Intelligence Allowed,ea493ab691b6e58b58b4da49ad512512366b91a5ecd4d8dad322c765e15ba531
59306,Prom Night,ccc64ee6b33166636e6684cd6ce6946349999999274c66663339a66c4be2999b
59315,Iron Man,a07eace94ca468bed0ae1f897e1be24e0bc3cf0668178b563b93b21c3a9963ca
59333,Made of Honor,fbe2e2399e96931e85571ca87c7962ee834d92958b448d1dec3853e36a83728c
59336,Redbelt,c1419414eb6a62b5e4cebb993bbf852ce4b66a4ad3316964b2484bd35dc93732
59369,Taken,d5c06be0f3d03dd25fe18da18b6236457ecbbf165b9245189a3c740c4e439fa2
59387,"Fall, The",97e07fe038d0c260d3e01d9b6a4b71faa6379d0348dc22fdf581cd1388fe60ad
59421,What Happens in Vegas...,eb30b6e9dcc74e4b7ba49d17a65266bab45d8a648589d30c59a325b34e58a46c
59429,American Pie Presents Beta House (American Pie 6: Beta House),bb83ae56e4591ab991bec9c2f14c0e7fc8d2cdb89627a091975f74ac18e4e141
59440,Bella,def161088ee21c73f80ffc03cf8eda7e99711cf10ff0c38c9c129831e3841f87
59501,"Chronicles of Narnia: Prince Caspian, The",a806a81087194069d86cc5b627a4958f1cdca17772b75ae596c517c9d56cffe3
59549,Shelter,d149cb6d6f77c1427a16de92b4b521e5160756ada2db9e56c486f01b1e3124ad
59604,"Girl Next Door, The",e40116ff1efec927e9425f0ce72a34f634e7c2136d96e94a4b0339d7a139c218
59615,Indiana Jones and the Kingdom of the Crystal Skull,eeafa4c83171dbf05e418f4e4f0ed087b934f02fe1f3d2360fd4c010c3bab581
59667,Nina's Heavenly Delights,cb6fe1762cd0a253224f0c7337367bcafa72b000b4c38f109d1c27ed4db8676a
59725,Sex and the City,bb9c4ec3ce74c3b3e5c3bc1bb25ec84cc0c033d19ca31e386b7c608c63e2b1cd
59727,"Strangers, The",f8006e0003ef99ee37b74f3fd81cb01b64a558e08bfa3f8bd4a76417a919d1e0
59731,"Bigger, Stronger, Faster*",b1889b9f0ef484ca7469667368b2fd856709c17445246ec9e1dc498ebe0752df
59738,All the Boys Love Mandy Lane,cf93e983931f387c0f4c87e046608e0ccc46cfea26ab88571cf3cebb30717497
59784,Kung Fu Panda,865bed1119b2b34640e07c992f374726df0fa4b14af878f831a1cf0f2e2ec7e0
59810,Recount,dabed2fea9553b55957a2f0190ee27223f44d0dd6e05926a23358d8391ba6b05
59814,Ex Drummer,bffa1bbada012ce494546ecde4406ebdc8556a9dc016eb19e339a5156fd6c104
59900,You Don't Mess with the Zohan,fa5745ada496331acb693653c13c3d8d1b43c332648ec8ec1b51b38cca7e2c57
59915,Stuck,d096f01477092b4a4f2bcde90ac0ddec32969a1c6add84edccae178b7b4c19f8
59947,"Protector, The",956b948e72b46bb30f413e5c7b7949c36e9684919469336db31663b285339cc6
59985,Chaos Theory,9414446b58a13d546c9bcb6be556e4911b64d6ac35bad2556fb56da46bb4624a
59995,Boy A,95968bf306e0d46f23b8025819b7b5cbaa6c184efcbeea122e6719c8565aea1d
60030,Spiral,91b7e44c6e4c1fb32dc86b44b266942bd09f6a926d932dc9336c3364e4c7d493
60037,"Happening, The",99969b26766166c14d5a0dfd20bdd32e213e6cd0da4feb21e7002c44fb6153af
60040,"Incredible Hulk, The",81c23e7ddc0c74f1c2834e1f6475cdf41a6bc1883a64dd0e3b65d98e3adfd084
60046,"Children of Huang Shi, The",c103d0995c9597b23aa9456b1deb5dab368296579055434096253e376bd7b2dd
60069,WALL·E,94aa847d6b55784ae4e9c3df9b069c7525c99682393b71a03ec3461e5b2b9965
60072,Wanted,9411b8d53bc5c7980fe3d96e6ad868c0c03e6fb734e286bd2ec7b7622d392620
60074,Hancock,b578f52d7b549155693d346ae6a8e3d55911880986aa97ee1fae5aa17a159a24
60126,Get Smart,9ce3ac1ba69dc20d5b44dbc4343a3a33926d2f0d0f8d93cbb7cbc280c9f8cd31
60128,Young People Fucking (a.k.a. YPF),ab1d910c94a623f383f97c0028fd97a63b048ff0a4faf0376c278f64dc9079da
60141,St. Trinian's,ecbe4bb5d301b5d026da426fd0e5cdb44fa6986f3835279cd4ced0c28d9880b5
60161,Futurama: The Beast with a Billion Backs,c3005591ba91bd15ed2f8f6ff87892d04e9107937d0a4bfe73446a2224ff20fa
60289,Kit Kittredge: An American Girl,d7d9a261789947f64b2d3494a5361cdfe1111d58d8074b30d21bc9ac3b52d8bf
60291,Gonzo: The Life and Work of Dr. Hunter S. Thompson,ce3fab67d1809a44249f486bb5cc8e8657c9cb52b49865f70b97ce2ada50a171
60293,"Wackness, The",890ebadb7e71c52790dbc6e66ee399344ec491b8492b76583e372c5b60149b86
60303,Strange Circus (Kimyô na sâkasu),99e7e78b99ef1925671beb05e9b8699649394992e59a6991f9b6619866188924
60333,Encounters at the End of the World,bb0c45231cf3624cc7a33833c3cc1ba7cc7387cc3a14c8f39f89707ecfc1941b
60363,Zombie Strippers!,bbeb7ae3cc1425ac93c9c23326b381cbd964c913d0d9f2e495365ec8ad45fd00
60365,Frosty the Snowman,be1d2bff81eddec00850f938c71cd25299736903cd1dbc0cb3c1f2e3d6339821
60389,Battle for Haditha,d115b4687e0ce0d3c4754b9f4aef12160df16bb319cf7f05509a78c422da4aaf
60397,Mamma Mia!,c4143d5299356ef9229a944fd40f93ff6cb97f426994f580122b880d2eddb2b3
60408,Welcome to the Sticks (Bienvenue chez les Ch'tis),bc66e96843d116963c363b4b43cbc5a5cd2d1b5c929294b6998d9249667b6c76
60471,Rogue,cbb6cefef0a8b9948f47cf23890598e1269a759e3dfe38b8262cda2a086360b2
60487,"It's the Great Pumpkin, Charlie Brown",f1697a962faca504da83f3030c546ca862811d1752eb2f5ea5a5c2b33f5badb1
60514,Journey to the Center of the Earth,d68cfc0e89fa11986b0493643c1bc1b93e3dc763d772a699e6194a5733a06dd2
60516,Meet Dave,ab411e48e736f09c0e3f80afd0e7e609b5892b711bdc51b2f48ce2768a4d3bc3
60522,"Machine Girl, The (Kataude mashin gâru)",d0a94db2ee66d24d3c97db35664b4c9965a4e006593b676cc007f6d9b3d8446a
60538,Shrooms,8393c38e6d4c3e623e3335c1a5ccc23ec6336da16d8592de925aca6fcce13cd0
60647,Transsiberian,c3fc23fc23fc4bfcff8abf579e039403bc035cc3748334418067c9206f662b62
60674,Stargate: Continuum,c16b29983e1fce66e1fa31659687e4ca4a789a3635e14d4a721d31b5cc7266d2
60684,Watchmen,c7b8ea535057963c2e2c0de737257d32d89290df6d21c4292ac596eeda782758
60735,Shotgun Stories,cb22c92c388fd720c1fac85bcd6413333c312bc67f5f3659cbc5a4fd490ab162
60737,Watching the Detectives,869d3f289e676ad3f96ad2c7c3d31d8df464a212544474ea099b9163933da915
60753,Felon,a99c13f31b41a129defc2cd899a34e465bbd4b6ccb63ce131b3e008d5cf2521b
60756,Step Brothers,c00317f92e2c2e94d0e7398b6d0b523ca43b9ac2decb9b3b693d2d4866076cf9
60760,"X-Files: I Want to Believe, The",f199f5995a64da678e602edc609325e71bc75399c59cdc244626b4721ce3cb61
60766,Man on Wire,da94affb684056b4a00995eec00e97bd804f7fd44b317f302bf37e1057f9800e
60803,"Little Drummer Boy, The",a8493861e796d998786b18f8278f37a6db7b8659cce430f48fc14b1463989e66
60818,Hogfather (Terry Pratchett's Hogfather),fe0681e6d362bb6f704594c03ef4945b3a3d9b393a08036da3367f55c45e6514
60832,Pathology,b58ebdca412ac4a3b6a93a25ab69c50576954ad9c16a76a9ba958952656a6eb5
60857,"Tracey Fragments, The",b1c8c61fcc3299b6639932c927e5c634c7979ce298cd93c1663076499ce6cc3e
60885,"Zone, The (La Zona)",958f2cf141467f066ff0918f6a91a07c904f6870b10a0dfee7e43789d1ab3f89
60894,"Edge of Love, The",95b31b669133f4586b64e6c9db4642ef2d788cb172d934d186cc5f2c250a3d78
60904,Heart of a Dog (Sobachye serdtse),b8e03543c603647190f84ade25eb9bd1cd83b6957b2accb5067a1baca95e76a8
60937,"Mummy: Tomb of the Dragon Emperor, The",987546827583997daeea64b459613d1e6eda4b2035a4bc43c35a8738b8fcd2e5
60941,"Midnight Meat Train, The",d046a44e0ff91bb96c91790e1bb066915a6f791769cc92640787e65d317bcd92
60943,Frozen River,bb1cc4c443e3bb1b9c0cb073cfe12f84321948e471c717bbbc0e6518b8e3a39f
60950,Vicky Cristina Barcelona,bfc43b879447c4f3d993ca39c478e06eb06c3099c31fc70e8c0b8f469fd433d0
60979,Batman: Gotham Knight,b4b449864e49f092ab812c253a44f349f93696da84f991fdc63e19fe1b9b2665
61011,"Walker, The",8d6c895e605a6a563e8c1eec5eae3287188120c96879a15ba3dee1e97fd9d43a
61024,Pineapple Express,bcd619c94f20c27e30c7ef98f4d8ad0373055a71c1ce54b183c054afedf8bf02
61026,Red Cliff (Chi bi),e335d32358c660dca731bb729344d4ebecb3920d33ec613c95071af37ad2c10d
61071,"Sisterhood of the Traveling Pants 2, The",b86870f28f8107a5634763761e9889ad5e272af0689623d9f94d273b969ec936
61073,Hell Ride,eb3f7161c6044b3f90cb8eda8c9610b0eb2c8f2fe5a3e15356ed72c82971650b
61123,High School Musical 2,815f403f1e566f8036a1b4b17a684ba47792ba57c8b5c3b9b573d06bc16a05ea
61132,Tropic Thunder,c78f84381ef07f813905297663be6e633d43991e849b66916f7050e49fe68f90
61160,Star Wars: The Clone Wars,911991d91a3f1a36396399ed27a56624f26196497ea95df04cdb279eb21e3470
61167,Henry Poole is Here,d2cd599b591316c87464d334d2759c6519cf753e9b23bccb6c89c14083da92db
61210,Mutant Chronicles,c4583c4d1f8fc957633393b065e46eb3b3ba874d366538c54bf0352a918f6911
61236,Waltz with Bashir (Vals im Bashir),b8c19d6107383e7a43f2f10ebf9489fde001dcc34efb9c014fe0b18c67d4e079
61240,Let the Right One In (Låt den rätte komma in),92db26d99d2479246d27c9644b993cf6d39b0e32e5c9c2722dc8f73082c72d1d
61246,Hamlet 2,f28a99650d92271b70654c828d9c17ed72426219dbae9db7cb514c0a3ef9cbd5
61248,Death Race,c7f4da806df5adfd7a0a75624a4bd2ae70fb245a81b6c05f727041a1d81da0f8
61250,"House Bunny, The",fcf6a29c135935231634d08e7dd387196ecaa45f18b9dc2f9077729461cc5319
61255,"Rocker, The",af4872b5d0870f601ede94abc197c3789523d21ec7a7c86b81f89793d889839e
61257,I.O.U.S.A. (a.k.a. IOUSA),e643ee4344279527bbd8bad815764525eaa9bad29256a52c6bad7ac36ac2a628
61262,Mirrors,d34ff136d339f099cdb1e6d94cb3b5f1d48f9b3252cc24cd4ec40ec9440c1cc4
61289,Sukiyaki Western Django,bb82c0c2b38787ec59d13f142c6fbc1bb0668865e539f243c92f6b8ec88e590f
61319,Somers Town,c067ffd8b0850f7af883975dc8a22a2840de9d21b45deaa21bbfbc42c39d6057
61323,Burn After Reading,9047d4b862352247dcf83b072b9cca5827772d6bd97337a6254aceb41ab4785a
61348,Disaster Movie,805b8d587d34ce861fca136376cb6cac6ab5505f425876f367d9cb043863a3b8
61350,Babylon A.D.,d4d196cb126e23457b6bdb324db6c994ca1216fa31842739ec67d8d011bd3d65
61352,Traitor,dd01ca1d64f635c0e74147af34ff89504b2986ab5a8d81403fefc2f50bb426f3
61394,"Onion Movie, The",b250ecd04b668b31d8fa24b6e1b658f98734698d9f25c172e998d373a193da8c
61401,"Spirit, The",91705b987e829420e9dc6c0376a8e3fcfc0637b0321bf607156ecbb19ed19cce
61465,Bangkok Dangerous,ff4bbc03c2a0d3fce9f8e0ee84273ee767008f11911923182cbc2cc67c4e69db
61628,Sunflower (Xiang ri kui),d3333d6caccec9cccb97879332b32ce5accc37232a524736c89cc8ccc5993a61
61692,Altered,822a18da74c5c6238bd51bad2fa167f6dda2975cd05eb922b01ae0571c2d7f58
61697,Righteous Kill,89e331f393385a269d4f2189d5486ab8a4c795d05ab29b53373e5c6f69c925f0
61705,Lakeview Terrace,d028ff436fdea27c3a4380ac0f8b9fab947c7e51fb9e982360006034c4b3d7ae
61729,Ghost Town,9d9fc278e0471dd9d6286187c27c9ca662986a1c8d673d20b396c35e3e29da3d
61818,"Crow, The: Wicked Prayer",b945e07564931aaa9b6a576a6596da977685179895e86cfa6672914d890de991
61986,Appaloosa,81cc8d33753258ccd6e121bcbbcf36c16d384c474631739c1a9f9c53b4dce2e8
62008,Dead Fury,81122b9360e7ac743f0891ee3bcdd42099a16099c57e6e577e546cdaab5dd368
62081,Eagle Eye,977ac9d869c8b776c81c760cb7275209320dc733cf33b4e1d1ebc133ccd0c866
62113,How to Lose Friends & Alienate People,ee78b16999a7c686170c1ebbe95268da3089271d4e7d932569b66c669456329b
62155,Nick and Norah's Infinite Playlist,d9ee86663199689b0ee659991a35ecf384cbd51d985f16e3799b02849fa4c8e0
62208,"Sound of the Mountain (Thunder of the Mountain, The) (Yama no oto)",f9ec80c30a44354397395e370739ee807b214f4c979f3e8c8d16716c9af2d3a3
62250,Gomorrah (Gomorra),e873bd8e0798e739f8e788f01f0ee0e3911e9388c182e31ebc7151c64bc7a671
62293,"Duchess, The",c4dae5cff3457a9868b2c9a62337365933ccc9a55b23dd396518681f588d988c
62299,Alone in the Dark II,c88f89d84c8f98f8fdd876078770832778d304f887272bd9fc0ec978b38c62e2
62344,Rachel Getting Married,86445960799bc6c61b74b5b89e497d234f334a6cb25e1ecb7583c3131a69f1c6
62374,Body of Lies,f1bbf83502e4e7ec1c2903973f129e5a4bde194a621c07c36ee1f81e3fa24e50
62376,City of Ember,c031f87231fc0da92f07c7853ed634fc679e670f94319252f2786a4119e5cdc5
62383,"20,000 Leagues Under the Sea",bfe9b4129054c2b157a36bc8c41e3c2d7273d1332f8ae5993a48d66c68fd3992
62394,Max Payne,8484d938924b1a523b7aa52f7b38a69278b318db99ed7299a1c4e16f263c666f
62434,Zack and Miri Make a Porno,b399ffdce94895676403fe82c60c81bd23b9c21f83f33b8819c8fc183e631d83
62437,W.,d7a797a782805d527c79829989bdc6794658394e56e291a70fb7c751390932e3
62439,My Best Friend's Girl,aff127f5c29dd883f12239dc1ed3867fc27e74c852cce6460c0748b4c5e1096b
62511,"Synecdoche, New York",974b95ab39b46a494e4b91bac4f87a6c3a4133a395a2ccbccc9c33d333533b24
62553,"Secret Life of Bees, The",95001543c038cedc2fc47bc7b83777704fc1c0cfe3fc1e763c76f1fc0f810e01
62586,"American Carol, An",aa516ad5c9b6f608f4099932059c87fd9dec798dcf60b360b6412e674a3742f2
62644,"Wave, The (Welle, Die)",d52deb474e901c4b987a6ae4678b95bc2b9599b16b53dc12e449a6eb2a87a622
62662,Tokyo-Ga,ff01d13691f6847e87ea86cb46e926c946ad09edc2bf6a35803f3a54d03a3e12
62718,"Angus, Thongs and Perfect Snogging",e5fb94791a0663e40999be9ad4c77a6184b85a1787f0202fc6de82dcb86d1f92
62792,Pride and Glory,9101f983f9887d7c54f662d862ab9b058d2563f6653992f6188d862959fcfc1c
62799,"Express, The",88d1751676099af05d2f27dbaebf4a6d53d2352da254bd8597448052cd0586fb
62834,Babylon 5: The Legend of the Rangers: To Live and Die in Starlight,dd820cb70a7bb349398c42dc367ab584f724d27a733d66dc25c8cc8318d74b66
62836,Babylon 5: The Lost Tales - Voices in the Dark,e046f997618146093b3cc6226cec34b95a6065beb663cb8cbcbdb8cc2e79e147
62849,RocknRolla,f721827f40ca7de02f9c271c27c94b6fd1a768f3865b324d7a04bc927cb388d0
62956,Futurama: Bender's Game,d494fc70024d33c92f93f3bff0681e20cc37ca393cc8a1ce783dce0c27b311f9
62999,Madagascar: Escape 2 Africa,ec4b92b219ac290d53e06c7f875198e4790e6373fcd4f229ce0ca58f91381ef9
63033,Blindness,e4be5fa732819a8824f9e57729380318db1713c558e2fea33e273c3e254d8d25
63062,Changeling,8728958e98d15c7139cd698c6c306de761cfc403ff9da6dc264366c9667c4e49
63072,"Road, The",a0f6a4c68fc152d29cbc992979495b99b0bba3db17124234f2366d760f6550e7
63082,Slumdog Millionaire,be7871cef10443314e79b219246fce6f112378e2989132c34e63434fab0fcf5d
63113,Quantum of Solace,ae0c129985dcbd5354924caf23f3c3654a25e7330c5a7996cd9a8f9e830f27b2
63131,Role Models,9bea8f95e43553ca4ab7b5ffa5e03c3b4b1aaac0811fc314d8c09abcb304ccc5
63179,Tokyo!,feae91fc60d9de3233e44daadde0b646a337c94e1433b2a9a953a5126f073081
63222,JCVD,cffe444ce11223f7f5e12ae3e044f7cd408e234757b3bfd30a847c08c814b43f
63239,Cinderella,954d76b60fa2f941b391242e486e9d95b83907c34196e9399e38a3e45fc78cf1
63276,Crows Zero (Kurôzu zero),c44ec3d2c7e04ee17a95e40f3f4d3368b470387390131b9f199f185c39dc2bf8
63312,Krabat,979c98f27861633d631e6764486c58cfa48de638631b3186cb365b6b12ce86f3
63393,Camp Rock,a595a60cc9285901864fd2fc72d766c6fd473f6b3b2841b14d7ac8b47c34985e
63436,Saw V,ca636fa8359eda6bd86564d6339b8d394e70938369898670316c3987ccb21b4f
63479,Sex Drive,fa953f50974ec8a7a5a394dfc80dc5e096d2729f901fc0f280669349c9a9996f
63515,The Island,eb4714ba94be6a4563c99da82a24b69ed17b4b47a51bcc3e36c43fc1483c36a4
63540,Beverly Hills Chihuahua,93528c552945caee6eb193b98ece9733518e10516d546edd7319656e39e33a90
63768,Tattooed Life (Irezumi ichidai),e0d1895d703a119fec68efe262e538745f336384c79b2ed56646826d70e33c16
63808,"Class, The (Entre les murs)",fadfe0821250af0e95f9e3f683bedc1d662e44e8e034f91c077c6ee088988375
63826,Splinter,b9f2868f432cb0790f837bf4b039cb23447c34d95b23c62cf87805b33e4fd149
63853,Australia,c15ae053125790e87a8862a66562177c1f273b3593718ebd3af61b9353da5993
63859,Bolt,d04297d23f8fe90b6a703c7c1e98e12d6d3db03261f83e0d6b17744381ede970
63876,Milk,86f3ced6608e81b1bed72e4421213b23394fc62fc1d3d2d37cb5e21ae59809d9
63992,Twilight,973dda92916599e64cdaef396b93652d2992338cb7143cc23cb6c06364bb6258
64010,"Children, The",e0f0970a7a1c71686fa5e617911b9ba32cd4ac3a65dacce899f8db370f2306c1
64030,Transporter 3,ee2ed98bb7922ae692abbc76cac414b9c5702353a730016a7ddb39e4c9cbd028
64032,Four Christmases,b81dc388c6e6c07787833bf14ee03b9ce0669c77f1710f1cd35c3cc9c00f7c70
64034,"Boy in the Striped Pajamas, The (Boy in the Striped Pyjamas, The)",8ad603590da9fa8615a9fe36376baaa47f8d4cb98b33094bee84f4494036172f
64114,Fireproof,c322f270c2fd89b73c220d8e3db73a6d6cc991a234cd26d9b164770972de3274
64116,Igor,ba78bfc045a76795385dba7f09dfcdbd862536163416a05e4b2a516880699cd5
64197,Hunger,dfd01fe080f3e8000f0061e1793dcf2f6df0a4bc469f33d8b6de6a4298c386f9
64231,Punisher: War Zone,e0b8b29193c25f5e4e0e218e6bc1adb12f04d46c7e7e1e0b3c179f1938a3b9e2
64249,Shrek the Halls,faf715e98114665d96ca3cb5ada16338d2fc3e549101b9cb8fb06835d1b80ec9
64278,"Pervert's Guide to Cinema, The",b24f4d3430c11f2ed2f0c78d6c0bd27ca7a51c9392cd0f2c2e525b4fcd2d4ef0
64285,Wallace and Gromit in 'A Matter of Loaf and Death',97c79d7a045e78508fa96a56e168b7856556866758b91e175868e8b170de394d
64497,"Day the Earth Stood Still, The",baa836b60d55e55bb3c2982926b2ca0863870d31e9d8ad6b3495d66f3696b8d6
64499,Che: Part One,c449a72b3fa600f23b9839d81767d2dcc093ed2561698c877f20dc7e937b30a6
64501,Che: Part Two,c432b8b04b495b8715ed28303836dfc1cbad20459f57c7ba60f8bd550fe760e9
64575,Doubt,85c6a5313e385a875b83686e6878c354cac7271b25ea94e2938f6c2f3d3998fc
64614,Gran Torino,c38f18f1787871b839c1c38fc737de0758c773c07b8132f1cf054e674e0e0f0a
64620,Frost/Nixon,fd91bb33dea39458b03bb07c6c5041e2e1c1e0cc601ec2cfd2c6b53d0f3ac2ed
64622,"Reader, The",e90b692c96d392d0c16c8f05c46e3949399966386f37918f8ec3366eb264cd9f
64695,Sword of the Stranger (Sutorejia: Mukô hadan),843690bfe4eb91e2335a6e406b917b851c257c0d8c9d666d364ca3dace7ac65c
64716,Seven Pounds,b91becec47e491851e1a9b0b78e00b2d35a564f2a7cf96468b0bf83cca782dac
64839,"Wrestler, The",d13a1bb02ccf64c366f1c34c3a443c74813a1b815b9bc43f64e9b46e7a47c63f
64957,"Curious Case of Benjamin Button, The",e180e11c587f58e106a91e5a2d53a5a6f7aca164696d590df85172d3d2da79f8
64969,Yes Man,f01b59eb04e3e70c631c1e1430f447f24715784fe7e998293fba838e3b94f270
64983,Valkyrie,e9a69d3012cbea499c59b2e637799c6b19adce12cd424d8db2b52372e58a1335
64993,5 Centimeters per Second (Byôsoku 5 senchimêtoru),814970b754b0ab69768696cc6f4f909fe43f6907b81b6e069916b2fc4b6c39a1
64997,War of the Worlds,cd0cba117b114ea630c1c378acfe91e197242cf91a6e751e0cfbb06edf1a8627
65037,Ben X,c8b70ed04e798e751c4440ce3fc7b58c700e63153ffcd90b0c5a6b1507cbff0a
65088,Bedtime Stories,d5e291c11b399ede1247a9a324b9c064eb9cc7366ac669c3d12b5e4216f073fc
65126,Choke,be758cbe4414f38f0bcb0744e0e1b1711e2f44cfb7065e082cf8d078653cbfc6
65130,Revolutionary Road,f80fc3f087b0388e4377466d9aa2a5b2b45ccb695c58b6d2a39b994ccd21c2db
65133,Blackadder Back & Forth,c10484c8b91536ad5a6c4ea633dc787a3fd56c63d10eec91596a3e9363256f8b
65188,Dear Zachary: A Letter to a Son About His Father,cc508c10cd3846b933ff337631b733a77206cba2d90ec90cc9cd98cd8ccdccf9
65193,Wild Child,8d540e75b2a2c1ca2f1ed50ef183620963ded1f33e691e6b63c363e462b430f9
65216,Defiance,998e83878fc78e928e33f6745876d9528d52268ac788e39a722ce6788dbe988e
65225,Zeitgeist: Addendum,95346aaa6a528c993fad924436faed910ecd9269c9341baef4121edad10d2f6e
65230,Marley & Me,980fff8cf18f6021c73800e7f4f1283ef1e79f38009ca77f8873ee8095c280fe
65261,Ponyo (Gake no ue no Ponyo),d4ac0adbea5be92dc0b602d9e94fe03d87d2ca4b887d71d4c1e0ce074e1d61f8
65350,"General Died at Dawn, The",afbf67bcb25f3353c8103cc0d9e4d12fc106c9c0c2d9e74f8607d508bd30c4f6
65514,Ip Man,df76fd99650cd662dd99922826536d3b672133cc18f28e170d50656a3cbed806
65577,"Tale of Despereaux, The",b92ba93342d1c2c0ed224d0b7c4706fc3278b9630fd2a4f962cde6cf2f32cf24
65585,Bride Wars,cadb4ae4b56fb11493141623d4d1354bc2cc69a76dae60d22d53c8f5fb099966
65588,"Gamers, The: Dorkness Rising",d81ccc2ec9c39bc628c33969363dc69c1b48665b69fcb0cf7367646546929f24
65596,Mesrine: Killer Instinct (L'instinct de mort),aefb3406929c43d8e10a392ddc74976623ef60e7265e372c9b92c9e036f5c21c
65601,My Bloody Valentine 3-D,a8a64cec5550d10992bb63b332dc963bc46636e32f33c51d91033f8bcd8ed0cf
65631,Battle in Seattle,913995c14e17c303e4c087a3398ec7d19bf051f882d9bc1c79f002fffc3c1ee3
65642,"Timecrimes (Cronocrímenes, Los)",e016b44d0de10f1e6892e0f3362fb9c3e3c0c2f8bc3ccd2d8de5e09ec8f230fc
65651,Fire and Ice,9073bf2f778c742514bd86d29e4ed02dc1900f26eb1364cc8cecd15311af76cb
65682,Underworld: Rise of the Lycans,e10d93381ef2ccce6a6c36738ccfa39c43329db31b0952ccea5b4cb63de42923
65685,Inkheart,c0ccb3531fa9e0a8b3720dd730d85e324e1f60ed4e2997379c8e270b3bc2f86c
65738,Revenge of the Nerds III: The Next Generation,fb7c4ff324db70e6cca3871c6b22d4cca1aea1794cd391079308c6612ccb1ba7
65740,Revenge of the Nerds IV: Nerds in Love,9c276398f347e8bc24f01d27d299c8960f65525e3d603e1bc35ecd6d58c3c926
65802,Paul Blart: Mall Cop,ebb7a2489d695db732d2e348352e9ab6ccd26d491b2c3692c6695735909a9ac8
65810,Notorious,b300c3b843ffb7482dc26acf3ced944ec6390b331a63c930c97633bd64a6c6c9
65882,"Uninvited, The",d42b857fcbc346902f0c70787a345f841e4b696b2d2d34b063d2690f3e3d7af0
65982,Outlander,b4f987b64f07489878f85b654f44a6c9b63cf3148dd18ce7e626519899d9851a
66090,Eden Lake,b86fc3c0979f705a0d69cc349c3b878564569ccf789c05ebf3160763ee14532c
66097,Coraline,a022ab9e43177a82ada8287d26f51def589ac37d217f85ac8ec1346d9a7959d0
66171,Push,8855c8fc57a01763784a389e3535c267eacc6cf489132d3e2568b7d93eb2cf60
66198,"International, The",89baf6d5464919133225acb28dd4e36b5297787679ada588a6d09ed3d92bc154
66203,He's Just Not That Into You,d34cd35d5333a273b8d958d9c86c05c91d8cb227371b7da407ad62c9887b1d4b
66240,Dead Like Me: Life After Death,f29c8c610dc3e38cf274250b90d1f81fc9aa97d4e43f66c98b9618ebcf5204f9
66297,Futurama: Into the Wild Green Yonder,d5a9a8d52cd7f768c32bd3bf7dc3dd0a749a44a04f61420062d74f4b2a1234be
66310,Frontière(s),c94cec5e24a5d65236ec526dd95429a624526492655bd3a55b5a3b3892bbbd4b
66320,"11th Hour, The",9546d06768a3a157a55656a896a84ad54add6d186dbc66ad369d1a75836a996e
66335,Afro Samurai: Resurrection,bf4ab664d85f282bdfa08f01c6a0d7ffa101ded052fbf00065d8c7be480ea0f6
66371,Departures (Okuribito),b0f1c30d4e0c3cf330e5439d2b36934d64d92c66db264399e49dbc729362c59f
66427,My Name Is Bruce,d3c186240ebcfac368733c0c3c9fd96b3b58e1f824acda16842bcdedc99625a3
66509,Funny People,bc43a2f8f60b811c7294c93ebd76b425536b72a48b6b1fd2be30ae92b505c18e
66511,Berlin Calling,c49346f9bbec31062d172cf3f904586ea473e7704ae9b914e49e57c3b9340c1b
66665,Away We Go,b8d84713c5246e6c6695199b695a192fb76d3c7db6311d94b4623b4a5bc9407c
66744,"Divo, Il",cf2164ce2e1cce3461c6e7c34b313c1ee61c0b0cc1e366d99b1cee36238dd3cd
66783,Friday the 13th,b12293265a345a89ad496dfd6d956d926c5aa65b6613e677764666642726a526
66785,"Good, the Bad, the Weird, The (Joheunnom nabbeunnom isanghannom)",dabbd4ec2bfd6b13ec46233bceb1f844b11b566ed03005f9e4006b07ab45d12c
66798,"Pink Panther 2, The",eb12396394e1c6bce83ea19e17873b0522f05671f9a5459dd4f8e0e10792d67a
66915,Rock-A-Doodle,de1a75ad2ad28bd2784a8fa0653d22d1fb149cdf41a4e1589eadd0c452b64f2d
66943,"Cottage, The",cfbacf33c756d3e330419c4a257986742c6ace46dc01ce1e831ba1f919d668cb
67087,"I Love You, Man",ef6f94e192d10b2bc72d6c301a92b0debcec43c7a112e5b48696993ee950cb1b
67168,Dance of the Dead,84cdaccb7b11d3bc2ceba5614fa06e83b13f5bb6d05126798ca48c465769d998
67186,"Haunting in Connecticut, The",efaf36faf0514f8ab01163cf9450983b87c7f81e2ff1e30438c9a360d51e84e1
67193,Duplicity,c93436b8cb6270a77d0bdd1dc2d7dd619d31e15a70ab1876073427e9887a9e14
67197,Knowing,85178cd52cfcc32c89576d01c32c0dfe6dcad247cc1944f833e6a507cc7d9ce5
67255,"Girl with the Dragon Tattoo, The (Män som hatar kvinnor)",ccc8cf9b3746332619b39cf94c19b24c39aece63a6336f99938c58c438e2b4e1
67267,Sunshine Cleaning,d783587c205e07a9d550548fd83dd8f00fa5b75f1500e27fda28a1c337f59629
67295,Kung Fu Panda: Secrets of the Furious Five,afbe8c74b4c1778bf01628fbeb31bf4487cc4a6e7cc1b4b359622291760ce04c
67361,Echelon Conspiracy,c144ecf1870a3b0e7e5b170c5af0c5edbb94b92eb0c3418ab8e2e1bb932d24b7
67408,Monsters vs. Aliens,8793d26c1d98a633e2e73d1c19b3d0c9256dd3b3314bc6a699906b87365d19e4
67508,"Baader Meinhof Komplex, Der",9479ae6a2f54d1eed06279426a37c4aebd000f9323dd3a9c3e9787811bf43394
67534,Big Stan,98359f03801dd2c8c07e83f5863eb1d5f58fe5d7ae97b952f9c0ea8827003a35
67618,Strictly Sexual,961e05c2f8e11a144e945e8710e1e1ac657e32fad8bd43bc27a7cecbdb1333a4
67665,Anvil! The Story of Anvil,bdf92915d3a0d0e2f0e643ccc31346fb2f15c5997969e94ec6ec98d443b16321
67695,Observe and Report,ec94694e994bc693c5b493a5c66926531e46ce4e4f9999da7864796c9d6c4a0b
67734,Adventureland,b8de813fc5217ec4c37fb57b1d183ec1e2cdc02c1d0e3b9221d3c479844d939b
67788,Confessions of a Shopaholic,e21d021588039ce3c8e7cb694a776993b44d8ddc5d975274a329b6ae2bca996e
67799,The Butterfly Effect 3: Revelations,f03c8bd22fcb74cc30d0bf0d4b36e8728ec7d20bb318e5f462a66b63cd504cac
67888,Man on the Flying Trapeze,efe9a0d30b2cd02aab10f14d94930bc62ddb57269edcd032395c66ab675269cd
67923,"Fast & Furious (Fast and the Furious 4, The)",eb7308c6e3987f78dc24ed9bc74da947da33d8c9912427bb931905660efb4880
67997,In the Loop,87ea2550c7e74fc1ed6ed20b701098be9ab98e449e7b94aa341242bf80fd83f5
68073,Pirate Radio,880b5fcf57b0603005fcbbcb7f4b863d17b5e07478499e83257a6935d385815a
68135,17 Again,b9964b97c471b468c7c92703e1d61c8c7321c2e91bce91723f107e097c9d39cf
68157,Inglourious Basterds,bf5970b7d0382f6042f73e48c5b2d21d1cdb85b2cb493667c87f8f102fa4c01d
68159,State of Play,b56235d92d0ca5421e76709764a41d2fcf4b5a5c06dbdc2668bd43815e7aae1e
68194,"Damned United, The",ee9fc0a2b572ea5c68e5bf72a37b92e5490e48a31de3ea0a925427d8381e43b4
68205,Crank: High Voltage,f648f26d9ba3c820093eb152f5c0c7db2c9dafd4b91793474a6864ac86853cf5
68237,Moon,994c66197c26f982c31985761cec35b966922d9e2e5f27f124e7338e338d9619
68269,"Young Victoria, The",9ed93292052c5c73d5963e28936bc8332e94334ea575ee5c58ab51bb8371b247
68319,X-Men Origins: Wolverine,89f5ce9e76c864a58955df7a533a83a52e97dcc44cc88969da7d724626922532
68347,Sin Nombre,d8d08f0f39714486db2ba0d6972f82d371266e1b31646e322b5d5daace5e91a3
68358,Star Trek,ffe2aa996790177647167b55816b01491df9d6a2d03603f43f315fc003c152df
68444,"Great Buck Howard, The",855934532ca613a6533c6d5901f36cb6476cc75d46db7ce1f023cd867d963c30
68480,Flatfoot on the Nile (Piedone d'Egitto),fa6beb4ce7430a5ad0707d618528fba3f85418f125caa14a0699a85e7a1bd6bd
68486,Red Cliff Part II (Chi Bi Xia: Jue Zhan Tian Xia),962197c167cce6b3c73759a689c4a1416b055e227cfaf1c0bb603f719b495a6c
68522,Earth,d40b4bbb2fd53bcda1944423c5b2318cf66c1bdc72d32659599480c7dd3ce433
68536,Stanley Kubrick: A Life in Pictures,ffe0a73179eab279c5c05a3e3ac5d59286cf9344c5a612596e1e6821865f95a2
68552,Crossing Over,b7fea84e828958935f72c1240fad6329245624f6329f1e39584a1f7749ecfd28
68554,Angels & Demons,df18df98fd807c8266e32220067d86710c5928cfb186fdaed7b0dd9978d9b045
68597,Scorpio,bbc33690c09fcb1bc1b690f88e4c9c4934f92d649b633703c58bda279c65cc9b
68600,Balls Out: Gary the Tennis Coach,86ed703c28b85d23c349965388d287cd1ebf8bb431e4c9968b5e736a75c4df20
68650,Powder Blue,ab2a19b22d6d37925a53ca65d21837a63fb10d99cc26b24d96cceda66326363c
68659,Fanboys,c11b16c11ecd69942c3eac3239f1b0eb3ac7c30e3a78c6395b1b6dccc46f3931
68791,Terminator Salvation,a9ddbbd5dab5eba3e0c3d6a0b608f5542552a5111e979a955aca854aa52915a7
68793,Night at the Museum: Battle of the Smithsonian,e14693391ed2691c34b1c7c64a6c3ea46c9d79b916cb0ece49666c6e25bcb351
68835,Were the World Mine,c598c0e6386a3f793ea7bf3031c63819fe093c67b9c860dc861b987359e6cb30
68848,"Brothers Bloom, The",ebfbbeb9680191dabdb4e10495c493a44c83b37a2645e1529a530cceedbc2b2d
68872,Paisan (Paisà),bfefc0a094480fdf5b2c3671ccd337dae8303bcfe781dc42c6041fa53620cd8a
68886,I Do: How to Get Married and Stay Single (Prête-moi ta main),bf8cc073c043738cc2390ef6c6393c7cf8f4738378e631d911c74f001f1ccf17
68932,"Soloist, The",944ebcf06dba852d1b61cb0f2379b34e488259bb930e7bf6cc47149b3b998584
68945,Neon Genesis Evangelion: Death & Rebirth (Shin seiki Evangelion Gekijô-ban: Shito shinsei),c899783826e7e7de2967b4b10d86e6b74038bd0e43d372bcf0199d0637680ab7
68952,Drag Me to Hell,8191ed6c96cccfb2786d9791676d30ee4332326619976d9839ce66c638327946
68954,Up,8454cf2f0fa3a0547a2c6c0631db38f0b32a9dde839ecb0bebd74a7d60968c2b
68959,Fullmetal Alchemist the Movie: Conqueror of Shamballa (Gekijô-ban hagane no renkinjutsushi: Shanbara wo yuku mono),9055f0272dea8fca723e7c2c6b734bf91ff01f84348c9c589c5b90ca917479a4
69069,Fired Up,c310a64179a6d1fa9647692e217d4f9b3e3f48ec0bd44f0b35c80ec44be319bb
69118,In the Electric Mist,81aee8335c7117cd315438c642a11550683e683f95d5e6ac7bc08f1a5a3beaff
69122,"Hangover, The",bec4cb643013c5889eebbe77cbfcc106c16394fb92e44ccc761063b0c367a91b
69131,Killshot,9167d167d22cd22db65d2e556459e56ae168e074e07cf16cd10dd31f331c8e26
69134,Antichrist,d5b689b66341c3698cc24f9c7275a0fa6d8cc2d3d2b6bd252941614f97783cf0
69140,Sweeney Todd,fc55dea90d5aa0d555aaaf54c0fd442aef44e0f8d8b81df89af4bce87c06a820
69211,Boy Eats Girl,e024a15b1f1c1e7578e37c86879ba25c86799e7a35a6d3837a1aac1dc9c1d0ad
69224,Marius and Jeanette (Marius et Jeannette),92d6258625212b86ad34345a52de76e3beb974bcad5e614bca0962177a183fb5
69227,Ernest Rides Again,bb17ed4a85e9f01f92d1cbfc05e5f49295809285e0f44717a6523966743b6539
69251,Special,c1fced29fc03af6b4f638b8cc3ccd8419270987333cd319c278ce1994c69db29
69275,Dead Snow (Død snø),ace83cc8970377027f7b5fb3919508c8a5e4f0bcd03d252387c4224f5a7fd686
69278,Land of the Lost,9f79bf93f1a6c0468a05ec3e48f84197e7b16a55a44e91e4ba079c981fb4453a
69304,Imagine That,9cece1cecf399bc78633b311cc61618064ce673fc792dbc29388bc38b03db82c
69306,"Taking of Pelham 1 2 3, The",978e9728666cdaa778cb2c2d49b278506a5569d632d2932ac569b76c973486cb
69394,"Stoning of Soraya M., The",dacb96dbb596c924c92ca9200ef92bdb36f3335ed2303a84d8111eb4e189cc7d
69406,"Proposal, The",9bbbf56e201552aaced1427591ffb6acdb106a47247f213262d84cf72f249708
69436,Year One,f19a8be16e66019bf219c5ed9cb6ca40236951b61d8e7c74ebe09039b789c1ce
69453,"Land That Time Forgot, The",aaff7b04f100d0b890ad97c7a454853ebdc92ce3e410af198f79c1061be71e73
69469,Garfield's Pet Force,bb389fcfccee0ab9915bce448324b75748d9b104dc1f68c5946091bbe391fc18
69481,"Hurt Locker, The",eea26e5b955991fc38af3ba3cb12c950e4cc6844976e8fa14c30385b30cbe4ee
69495,Breakfast with Scot,ba4aefbedc152c79012ed2e487b1da8ac2c8c6b472c2c98d343d0d6b4d6f3453
69516,"Limits of Control, The",c4bfd0bd2f043c483b506b72b46bc3b461b53e4b6d2d842d9697d33f184c39d0
69526,Transformers: Revenge of the Fallen,8403a40272974aefcf6727713f80cc01273cb11f79fbce665e3cf9b0c5493f02
69529,Home,a08a094676bb8c753fb9e044958a6a760deb3a75c3cdd59eab4256b32d612a8d
69604,Whatever Works,b4a4cc1b03e375304cdfb20e8935d5cb62bc1fa6985164ba4b65c67b36d68da4
69606,Ghosts of Girlfriends Past,ed4ad0bd84149fa2583621f553c0e64bea154f3a6da86907436fb20abe7cb876
69640,Public Enemies,d2dbf0e7c3c3696d05858f1e3094ca59e870c4b60dbe8e969b1accc6f8a1cc99
69644,Ice Age: Dawn of the Dinosaurs,91cb427573a73d50c5885eb31a5c683b7e4c73892d2296fd4bf9f445b085da11
69654,Prison Break: The Final Break,eaa6becdd149c933f36356cc9d9a33642cd9ea55e494e93349cc5aa19aa22292
69685,Daria: Is It College Yet?,bd2fc2f5c3c2c0cd9da65b236948f0d894b48cc19ccd367d3a33399b61b96330
69712,My Sister's Keeper,a7db939bb826683547d927db8ec63d663a00b02981ee43f67b828c8b2e9d5638
69720,Hood of Horror,c441c43a503a1bc50bcf19036bb03bbb2909b4142ebaee4976a9e57e6ec5ceee
69746,Watchmen: Tales of the Black Freighter,897d946b14b23ecc6a4c2b1537926497c2dd4b5b7b26a52a84edd265cae18d66
69757,(500) Days of Summer,b94a615346b96c5264737c7258b687f07cbf7997386bcc24c591386c2724b399
69784,Brüno (Bruno),823b882b58cfd8cd1b6cbf641de45ce2d4dbd15203338731a639782478e9eccd
69805,"Librarian, The: The Curse of the Judas Chalice",d487826d6918619329a6bd193263d9765fbd031a7c1b48e63bd33d21e03e1cbb
69844,Harry Potter and the Half-Blood Prince,83b1ce5b745603e3ad996f107a0c39e56bdbe78c5a6030c5c7afb64da64c9106
69860,Eichmann,9ececccf3370313fc0838f65ce11b07cb9c4c5c4c46f1e713f19608f48fe1f10
69904,Open Water 2: Adrift,808fd58a6b513bc8b06fc42f2d653ff818d4c0f62963c52bc29e5a943f053f69
69951,"Imaginarium of Doctor Parnassus, The",c7a391b11bda5b4edc6cc0b83cb1e86763869716c3e39039365867416c3b79b2
69953,9to5: Days in Porn (a.k.a. 9 to 5: Days in Porn),ec52ea9d54acd5523b133ab5b6cc732a1df69657e26d8fa2a09ae448d924098b
69988,Humpday,cfa29f55405cb27ba4a9858c1ed42bf1786c9c0e24db32cbc7144dac3ec9ec33
70015,Polytechnique,ccd14b692d9209b73a4b9c96686d78db15be20f18bd2d5a4ad836aca512fa50f
70159,Orphan,cf4d74cc30b20bdbd7427c2c0c35b2d232cfcb2fcb34cc3034d433c3c33af30d
70183,"Ugly Truth, The",ea66b58d97a9cb65189160dad3493c07ad2e9224e47665c3f25a85a996565a9f
70206,"Collector, The",e4fce2fc494f1acb1c7c3d2de920f1c21787870f2ad1c02a5a08dc3c98fd88f7
70208,"Perfect Getaway, A",90d4f083478b2a097c7c9bfc0797add07458d76e11abc9f0693be22e2b24f1d1
70286,District 9,cf75f5f62d8c8e28f00280c0347975db5cd85a95372f0768e1c3a97dc9d69426
70293,Julie & Julia,d3f027ee96f96e0714647a17b72a3910df007e403c923231e1f7b1b8f8f0cc99
70301,Obsessed,9362becaed92ed9de419606ac06680f2a1ebb1bf99b5b29ddfc88cc88d708470
70305,Race to Witch Mountain,9c06b51047b14baffcccb4e61f43b07891d99ec9681dc11d4bb66a1764af42e3
70334,Hannah Montana: The Movie,ec0ab93da7ffd311c080d0f65a1ebd1a6be84511a54dabbc529d4c2ec2f2c159
70336,G.I. Joe: The Rise of Cobra,fb86d73447298a14853e91354543cade2b5d5acafae8665d05cb1f59db1446a4
70361,12 Rounds,8a169d22d628e34fb9c5e88de93d6c30ebb787760ee235ced09848d0975ea670
70451,Max Manus,b861f71a4fbc70fbe0311c41f38859f65a1caea495ca0b64e997e8970e71e078
70492,Winds of the Wasteland,f5f7a6fe80049a21ef08d9891d9d61d870d005de0fcfa661fa67f087cf248f10
70533,Evangelion: 1.0 You Are (Not) Alone (Evangerion shin gekijôban: Jo),db8fdfcc06c06011193e29e42c816ff87362980b9c19bc9f33ff05e06219ddbe
70545,"Deal, The",bb5ddb0f230be641165bf87af8723c94baf030741829ce930717c8b4e2f842fa
70565,"Goods: Live Hard, Sell Hard, The",ac87db2d94f263c8ff241c83f2788172930ddcb28789792598f794f2e70c0799
70599,"Time Traveler's Wife, The",f0ee1803440667bfacf7d83964b194e49e30dc3c4d6742dd2707232ba7a3cde2
70637,I Can't Think Straight,c7fc21d0b802dc031ea79b7f6739267894cc6190f3b1986c18ceb2877fa3986b
70641,Miss March,ade9b8cee42552f18bfb278e7492d62f2a4fe5f8a198f006e525a1e9e1009d38
70663,"I Love You, Beth Cooper",b805e358cf0fa1d295e89e43c7af5a85381e61e1d646c53c9c5238b1f38067bf
70687,Paper Heart,eafe99999e6a3f6eb5939432c4352adcc1c3c8a4c124c32ad7309594b6532ed3
70697,G-Force,88b4bbeb676f40ff78bf900f2e21d8c0939ece0f94289c7168c3978ec7250761
70703,Christopher Columbus: The Discovery,827059dea69583c9699fb62b2577a87766a8a1d75e3181f29b1527684e563d09
70708,Tetro,c3c1381fb421e8f8e14fb30cbce4348ac379493a8db793e3c67956c969c527a4
70728,Bronson,ccedcedf3b32f1e1c60fa630b1e49ccb877020743a5373b963b01c26cc63c1d8
70862,It Might Get Loud,c7167f3a1527a051f12590c570f604ee14b84dfe9d6ed9c95297dbca4a0e6e88
70932,My Life in Ruins,d662512f8d5106b73c0e5df1611fab40d6ed7a1a23745effa503827ec1ab6c10
70946,Troll 2,9143407b6eb9e9887100fae74aedbf101a86c53f3e2c4f82831b26db4b55936f
70984,Taking Woodstock,e2efea2a2cde0d989441f645d7028b90dfcb1aaf2fa70fb2f889e007710674e4
70990,If These Walls Could Talk,9258268439a3f2c84c7f4d2a678892f736c68e6471b6de0b63f84ccb6d8332f9
70994,Halloween II,f65f4bf049a0b40b78006f043769c1bb61fc436c6c22073b83ff2d9f96459b63
71033,"Secret in Their Eyes, The (El secreto de sus ojos)",faf33e5085ec958cc29e4af2247b35143fcc1dcc97e69673ca33c911690865c6
71057,9,c244db66392f2c8d1e1391bbc398664a15eb3e992e4376726379bc255e86c74c
71106,Frequently Asked Questions About Time Travel,f078fe8ec74bc0417e20707f268d859a5dc6878818d86db2793b29276569add9
71108,"White Ribbon, The (Das weiße Band)",a696e7c74b8f9e084c3cb0786ce1b803446dc1b43148ecb7930f249f1b7ec6ed
71129,Green Lantern: First Flight,f2f80d0a33551eae4557f2744d836a69323c25da1a3e522b2d3947d795629a9d
71131,"Most Hated Family in America, The",f44ff21dc7f887037e076978850b9685fa18d84b0e4e613878d1b4c7c23cab7a
71135,Pandorum,c020d118499c48b7c9d9d111d8f79358633fb1261999f713873dc936933f3f39
71147,Death of a Cyclist (Muerte de un ciclista),abfb275f34b5de0add043fa4995978d82d82e080cb9224edc073b441c4fb8f59
71156,"Men Who Stare at Goats, The",87e20163ea35fafcb81cb79ecfc370255eb6e11658471279a49c5a9e230cad19
71205,Jennifer's Body,c5c8e198de65ca135a687861d9a5270f21a684b638de0eda1c83375b37e95af6
71211,"Informant!, The",a669b486cb65c379c994693b3cb73e19924f07ccc1cc59a693199e13ce038ce7
71248,Extract,b3992e49d403d3b84ae48977bd1b3a815884e587e57b486cdd383e019ae599ee
71252,"Final Destination, The (Final Destination 4) (Final Destination in 3-D, The)",dcc1c43865f63265f389498f6e3f9e767de13cc133278b3a89523c91f018ca29
71254,Gamer,ea64ef261eab32f3c15dde74c6b1e11de717c47144b0a0e12722878e691e7c86
71264,Cloudy with a Chance of Meatballs,b8877f716b64e4c9173eb1aec1799426f9591632a0c7016ecd26c0b910fab6d5
71268,Tyler Perry's I Can Do Bad All by Myself,a0c3c58c4da5327353528c4b767197717b9c784898e3dca39e084bb695a37dcd
71282,"Food, Inc.",da0efd1364f162fc3f1644a461e1527fde163f02c2ed4c799817b1843d21ce78
71302,Attack of the 50 Foot Woman,dab2bade33a4856de40b8759296db716c6d19483e0a587a21ad45a6c83d3ee74
71304,Thirst (Bakjwi),998621a667695879de66669e9b979da569a9e6696a7a85926066996468592676
71327,Bright Star,d010d12fdd21ccda6ee7a71420f14faa9cd0f0cf371897a16abe8d61a8c33adc
71341,Blood Creek (a.k.a. Town Creek),c3f1c4fd3d443f873e05c39e3c3f7a31c718e0f030e66e06c0f39f8178e8b0c8
71379,Paranormal Activity,b387633f0e2c78c5718b253c617603dd21e53de25f8c5f082d07580f6a95c5af
71429,World's Greatest Dad,b60149b3c17eb6790d8679e44ad1e39eb162ce39936d9ce1270d4ae7c6188f16
71438,Still Walking (Aruitemo aruitemo),f8ac783ca751a7516cbe9d6c9165627428a2953257d1b03d96ccc3d72b3636c4
71453,"Blood of the Beasts (Sang des bêtes, Le)",a4a974abe5218d2850fc8f29786a058edc4af0d36f03d5deb8854273def1b09e
71462,"Cove, The",8577c05479dd0771527f35890d8b6a0c256635c65bb6a21d057db7b9ca6184cf
71464,"Serious Man, A",bfc03695d4de2b64c12b3696c16ac02d3696816f64e99496db6b636994963f92
71466,City Island,9c41eba7e1ffaa61fe00958e2f44d6a056b60473f4036b969d0fc6b96b36a109
71468,Ink,939b82646ce7399b1a6cf74647583a60d38b4c8de42fb3133b38f58cc93b0c33
71484,Metropia,99754edae0c45ba1a45d259e64a4167b1a9a9475db096d7d53ae68719d829a66
71494,"Haunted World of El Superbeasto, The",f540dfbd1fa1a0544ad49c08ad076650722c185f4ffe747972bfdacf1c42a350
71500,Trick 'r Treat,91c4fbc76668b60c1f3183377b4e6fb9cd9398f02c65983178c2e4646d8f9898
71518,Whip It,835dc53d3e4a9ace499d24de3ee27ac6e90064bd30c069c9133d6c184eeb5fb4
71520,"Invention of Lying, The",d3c89d5f8c31a3d4a2cf46b8ca3232ababd0e781d927ccd557a2b72645e08965
71530,Surrogates,b728f8d6872d99f263c5600a0077f38c5c70d28d9a145bff6d0cb4316de3768c
71535,Zombieland,9e6e809b73b11da4ec46a31319de97be35a677e1c4493a470f90c5a3703b3a8c
71550,Assassination of a High School President,8c4ceaa9877ad3310caf7c848559e3727aae88c6ecc43df8a13993317ace11c7
71579,"Education, An",8ff6df36e1a8a6cbb64190bd9e80ef52c77d1504e10ea2e602d7141be4395a17
71619,Coco Before Chanel (Coco avant Chanel),81c655ba7a398a55964d3d0f59f298f16d571aafd48c256a2ab96553236cd2c4
71640,Burma VJ: Reporting from a Closed Country (Burma VJ: Reporter i et lukket land),c490c8a5b36b374a84941cb43b7de0094f7b2dd71c54b20bf7e58fa13c17595a
71668,Couples Retreat,faa3d618c53c3ba7ba954c2065f2928efc0db0754a9e8d4171e2b7586eac5615
71732,I Sell the Dead,9576a6448289cb33ec4db8dc40f6e3a1bf199a4678c695ff05386db0fc812f85
71745,Where the Wild Things Are,ba3e05adc5c1fa5a262689b13a4b260ec1f0cf473e0f31b8c36ccec3c5b6323e
71810,Legionnaire,8f94d9c96c73c398cc63671c31e712392626c0c78ce44f83c0e9ef19c3d6d337
71823,"New York, I Love You",d10c5b2ce618d26e7bc681d933e9b6c5b4b225a22fa9910d8f156a78d0797a3e
71838,Law Abiding Citizen,fdc8f08b10339ef02ec58c4e7848db3029b1ff27d3ae2386d2082a499f7ecb71
71867,"Misfortunates, The (De helaasheid der dingen)",b2079a055f95ccd514fbac787d6e724eb3c633d0e1b06d388b3a60eb4ad2c4c1
71899,Mary and Max,8055978776abe53029547a387c28ac4430c73dcbf8fd9e434d78c999879671e6
71902,Spread,ac52d2ea438c0c52d0cef3399473ad0c4a79f1a7e39c3873b5848579c6867fd4
71910,"Tournament, The",c323e326f63be69a00d2c65106ce66c9d6d8a4db2af3bca7c21e9e8c350bc1d9
71970,"Princess and the Pirate, The",eeaead1d831a14e6c86de314a471d94be39686b59a4d78c2fc2202fb179c158f
71999,Aelita: The Queen of Mars (Aelita),aaaf6ad0ef50942fd4810bcfdd3728f4b14cb52bc5d0db466c34c4b1d187e704
72011,Up in the Air,bb31ee042546913bc40eb37e25c13fc07afa40dd3f646e143fb03227c11b95f9
72104,Balance,b64249d0b102ee4419b8e7e72fbd19bfee2d1ebaec4542ea91444842b9d6dac6
72129,Saw VI,c1f86d3e1e573a49c188d2be3c56cec1e1c9b3be3c364c61c3c9310e93b6c471
72142,Love Exposure (Ai No Mukidashi),caab992de7f8b8b4c70f736a9c38b3c58df4460a59e50c46581bbde0e89a0e07
72165,Cirque du Freak: The Vampire's Assistant,949c93e36373671c3dc0b82b6f2f58e42ad807987b402caea4b9a0dbcde29756
72167,"Boondock Saints II: All Saints Day, The",8852a6c7512fc952a6d25db5356d22d28b966e2d29e35582363c8a397acf699d
72171,Black Dynamite,814646b1fe03b30c0af34cfa3acd381eeb6c670fbc71e8e43c2c3517625b1ee1
72178,Welcome to Dongmakgol,d7a5a179287b1e2184a31a529c6f6ca2999085dd259e827cf7443341a76f73af
72224,Gentlemen Broncos,f101c4648fd69b4b72b2991966a57ea63fc06eec4aac3af09ab22d912b79701b
72226,Fantastic Mr. Fox,9189fe894e8baf99ebcadf2b3c814b1a22b63727c3349a107232c7166e74e172
72294,"Christmas Carol, A",c01260157ae816b8337f1feb25af25ef5e5f9350178af987bee054058d28e319
72308,Battlestar Galactica: The Plan,d12dc32c656adb69caf5cc167f10c3da62553b6d938e00929d01bbe0e6fae06a
72330,"Private Lives of Pippa Lee, The",e31d19b3d2cc66399326971996733cd07863d0c643f72f8e9e62fc12c07101ef
72356,Partly Cloudy,d2fda5216410c6eb0afcb1011b5a87fe64bedc40a9c9638d9e3e1b789c61d987
72378,2012,d537e9facb4556813486e73d695a551e1ea52c420b38d041549cc7f9694bef16
72395,Precious,f3d50e38c040ff80e1ff0e7303d4f807e3c087fe1c03f870c3c6478f3e3eb0e1
72405,Bad Lieutenant: Port of Call New Orleans,c55ce5dccaa8592b1f232f7022b5d2d078dbcb0ae857ca95bc55a52794c23b2c
72407,"Twilight Saga: New Moon, The",d58c9d8e425e427b4e61f8a53a8250528473189c919c273c267d87b77e3b677b
72424,Derailed,d1199d1494766e51e34d277c2e21d1293998947e3e44d04d5b679b664bd6ce93
72479,"Messenger, The",ea65406fb596dfc2df42ae00a69ea2df98a49460347153b861ac4d8e744b7e79
72489,Ninja Assassin,ffc02f40d4a1d2d7234ecd1880d831ed8db4a5ba32b89ed3dab3921ac659da1b
72554,Cell 211 (Celda 211),d86461c6079bd61b2d6cdfe6320c5b1af9f120e186ae63ae1790a6585e7f8607
72591,"Patriot, The",c1fce03eb0f3b4e32eb0cf9292bc3e53bc4915e97ec33e3c01c46f1a1ac09d48
72601,Teenage Mutant Ninja Turtles: Turtles Forever,cf03ad2966cc35c321b3d237433dc9ce58c8cccb3a706a35ca4a20d3d33373fc
72603,Merry Madagascar,a0b0076953f62aa5bf03cccdf236c54b70a48e5a97b4e1e85e15b1cadcf1691a
72605,Brothers,f786cad9a9613596d29e5d20e0f3370a9834cdd35ec8f2252d208eda5b65e3d0
72624,Garage,f57a87ff8ab53d2de3d26586d148d8d2da41d6cccac1024e3e18d3101d23f933
72641,"Blind Side, The",eda6ec94164d134f68b40e96b54e73698eae65b6613194ce1238f0e1e58f9a3a
72692,Mickey's Once Upon a Christmas,92799ccb611a728d0e951e663e81490b2f46c69999b1c3f296cd61bfc87af067
72694,Shrink,d4ffc7b62f00ac4be74d6bb0e8f02c44db135a172ec19f21703774c596e0037c
72696,Old Dogs,bc2c9867c3d367b0e13c1259364f990d9994b4364e79c0e39db66bc0b1c93e93
72701,Planet 51,ed49b61219b6fc3926c7d894e3391dc66099f7a3ac1c51efae64918ec8b63860
72714,Earthlings,94cce0cc4b738733e002d408b71dbb7cb6ce2ccf1cb3372b7cd04ca54f70c335
72720,"Single Man, A",e047b60c1ef828139b9217f7391fa798c6f1fd8feb8b5ce9940d7a40c644f804
72731,"Lovely Bones, The",beb8f40a4916d81f61ac84fe9f556ac58a6bcba06bd08dbbdc8272479405ad33
72733,Invictus,bfe9bc24c03ecbdbec0084f617e8b360251735363a92994db12746fe2ecd9152
72737,"Princess and the Frog, The",804271686ebc95961f05ba6e45f1cf2d3b009e5f0e3ae5d176abed9221d586f0
72874,"Peacekeeper, The",9b6d4cc6649233799391bc361a65e87945b67616939b536164e41d8fb89a82fc
72919,Did You Hear About the Morgans?,cccafd19793e0ae687e147716e8eb58e3911693d312cb066c0e7c0d1975ac31b
72921,Snow White,a2cb2547426af835fd20db3492b407ca82d78dcae8b4d879bd3cc2fc073487ce
72998,Avatar,c81d799b3dda8e6463a433b2ae7c1ec9e54b76771e20e5025cd618c8fd0c1c96
73015,It's Complicated,ab04192e1b3e6ed2c2b8c0e0e07bc179a5722e4b95297269e7c9d5ec77f40791
73017,Sherlock Holmes,eb0ed445ded139388668d02a8ee53c65313165aba69dd90bd6cf13768b7156e0
73023,Crazy Heart,d5b2c83a224527d736dbf4184a244907b4de8662d9b3d8df8462f7207b9c0c7f
73042,Alvin and the Chipmunks: The Squeakquel,bed046e7c2af3f2c6727c05298c9e4ade5529b41c716cf3a38e434a56f22c25a
73106,American Pie Presents: The Book of Love (American Pie 7: The Book of Love),e8579113c0753b5f5dcd57f743d2a074b0994e285f781cf8341635916057e3b4
73160,Sorority Babes in the Slimeball Bowl-O-Rama,81cb0bc457162bcfa85b76b034d80b4c333cf663ac4f083e59f3e5b6e784b03a
73211,Pontypool,ef84eaaef254f047d5caa5695ac98845abe5ad7675f4d35470d26f9234149a00
73266,Youth in Revolt,b6be3bf739084809458447f7026fa7283e11f99475d3b46ce0424fbc5aa7716c
73268,Daybreakers,e46809cbd6b6383ac741c84c07e6741ef930124b7ef101867dbac27323ff5f86
73290,Hachiko: A Dog's Story (a.k.a. Hachi: A Dog's Tale),98e37ac8e72c15347f10a6f798c04b83e750701a9f3628fe2ce6cf9da40fc645
73319,Leap Year,c82c9b6905d3a1cd49aececf2e4d3e743c36e4b461b4a5b3359311899b451e9e
73321,"Book of Eli, The",b4dceeff6e7be80ec8081a29151ba4840db31b73a6f1e6e247e127c03d839947
73323,"Girl Who Kicked the Hornet's Nest, The (Luftslottet som sprängdes)",9555e2ec4a8ae99236a5e498e972966d78c91a7512b56cda6d7275ad4e901ab2
73344,"Prophet, A (Un Prophète)",d30ccb28eb0e78b6c4f07ce37c53dfc3d7f19d181848304ff4cc83cc3a4eb248
73386,Staten Island,9e18a330e69d95ef61efdcd71972ea78caa8d01c3c940343a88e07aad02f3577
73431,"Maiden Heist, The",d432eaf986fb30dd244d30454d105d166f062f3ea3676b8631ed919f1de95d20
73488,Blood: The Last Vampire,ea7719c847a23857557c48f93b9e17634a05f9dc84792307b1e68c3b8bc95874
73499,MacGyver: Lost Treasure of Atlantis,d90a05ee35b552871a5afc6c2d6b68d18790719c1297173949491beb34ee267f
73501,Pekka ja Pätkä Suezilla,83fef7010f41607f5780cc0a6077a3743d4b3b1a3c17bee9643c784f30e84eba
73515,Bart Got a Room,df96e229916db56ae8851496b434dbeeaa41c9c3b41d49d407a90aaf1a3f3eb0
73569,Project A 2 ('A' gai wak juk jap),c60cc67834f990c73ff2c125625e1cb94b1833b872876ce32fb16b0e3f956983
73676,Robin-B-Hood (Bo bui gai wak),93c9c14aec1a44723e25162649a677ab609decbd326c1b2f1b2329d5ee52ec5e
73681,"Concert, Le",9267aad82d98b6636a55194899e5e3254e34dce368cf2798a5173f559566c1cc
73741,Ninja,c052c7016079fcc6bc8e77382731e9562dc731b8d31af2362be5b06ff31a2169
73804,Asterix at the Olympic Games (Astérix aux jeux olympiques),ef11331b14fe94ec30ee6b063d12dc3652e7b6cb408f99396d11c349565a5b26
73808,"Chaser, The (Chugyeogja)",9045ceee3c4cb99b49b2464a935d3b723257e692a292b2b619a69d870fe9c8f8
73822,Meantime,857602edf854938836bcb4e11a6fb8a5732b971e5bc88255d57a19d1d04e2bae
73854,"Rudolph, the Red-Nosed Reindeer",f5b12dcfba3c56b4014b7130bef60e2dc1903f4ed6b5a265558c404ad8a78fd8
73858,"Dennis the Menace Christmas, A",e271e0008daa0c9dce67d62ad7f47c6799a819953e87362b97603f672c187d83
73876,Undisputed II: Last Man Standing,dc153a61656ac52e6ad52a9df28c7d2e0d56b370906b9c418dc1c4077f684feb
73881,3 Idiots,d7b34907440e36fb89a44b5838b6e9073399abd5474ff427d4b84bccc9c07499
73929,Legion,9274cf32d49eb2cc29cc1ca2d6718f731ad8d2181b61985f6e9a34c779636966
74075,Stan Helsing,c0d38d111e3f60fc645b3418679406b78c77c3639169587c4c2cbd87a1df83fb
74089,Peter Pan,9104501af064a346d25fd89931f96b6f1abb3e9f299b4cb92d6acb3686d29d21
74095,Wicked City (Yôjû toshi),85660d99ce6635dbcad4438d18b6374a71adc6423d47f4922f61f1e50c987a37
74154,When in Rome,bf1fbc42fced28b1912417fee21af159f0e8625ccf9f43a297c16dc018ac9424
74226,"Dream of Light (a.k.a. Quince Tree Sun, The) (Sol del membrillo, El)",eea544b2c57a2f6de90161eb134195163f15bec1ba6a7328362ec5992bf0a4e3
74228,Triangle,f26bdad4e5c6296b91582ebe8892e05226ec77a4dea50b1b855a9c63288eead6
74275,I Love You Phillip Morris,bbaf27cf9502c8304cf1323dc0cf779c3dc8cc4f2b3f0b969f02c70071a7303d
74282,Anne of Green Gables: The Sequel (a.k.a. Anne of Avonlea),d3e66a51ec288dec3446ceae8ce3109d9398999c0b6c977552b5e4936e5a63d2
74324,Temple Grandin,f1797979cce6c686c79792a99c431a5a189ef9067ce323d97a58a544e12d0ca5
74342,"Captain Newman, M.D.",d7463136ece856d2593fcf514bbd28ef4ae801231b9a48dc46a53d9919cf94b0
74370,"House of the Devil, The",99ccc381a672c99d6e51c36e698db07a6e263899967c6f27a45a4d853e7290f8
74450,Valentine's Day,c04807292bff7a426fb189dc3c66ed08e03c1ce6c3d362b3c7c881fbd32fd44c
74452,"Wolfman, The",e2dbe2dba1dd39553d67c5670d2912b41a9408144dd26d76433669bfbc8aa49a
74458,Shutter Island,9c539c726b25e32d34dcb4daa44a4aed598c399ab5ca92cd78d3487387313533
74508,Persuasion,bfaee1808c7db1d3e63a4dee1bf1a21f14b35d266061cadd8312b4e2a1cd1e28
74510,"Girl Who Played with Fire, The (Flickan som lekte med elden)",e400e0085a251cb717ff835f858f0f830fe183f0c07970bdb5bccd0c2f1eb35f
74530,Percy Jackson & the Olympians: The Lightning Thief,975dff552d9740ae602ab7838d4cca9d92b3782b641c1e5597f360da4a0e7780
74532,Cop Out,fb04c1ac01d30e4a3e292133698f19ec36673c977bece31b66e1d24c6b1b6cb2
74545,"Ghost Writer, The",e5d5c9db5a6b37322e314a6ca854942e5228275ea5d558ad991391b37ba329cb
74553,"Secret of Kells, The",cc0d3dd1c6c8c2bf2e70922ef9639fd4f911e5985e90672bd6392362032f31b4
74580,"Spy Next Door, The",e9e12587878a9be5d07da45a701e72b56c437e4b99258dc0c7b0a1b4917e1a7d
74624,Agora,f0d9f6ccd60d938d2372699a783d26718dc30767927b923832368b63ede16432
74647,Motherhood,bb63e45d81a69e295c1d2976757821badcc182179f1ecc5b3838dd632ac17496
74668,District 13: Ultimatum (Banlieue 13 - Ultimatum),d0b53d0729db8fba96246843c8d6d0b93d0ac2fc3d069fc10ff90076c3e92f66
74677,"Yes Men Fix the World, The",eaae85b0c7137a1b9ff9782e99c412c6566ba6716e148192291799b9b8f8d686
74683,Mike Bassett: England Manager,973adb1df8e364e5fc3cb29e63866461e0734246803781cd998f899e09b4d1ed
74685,"Crazies, The",df46dec84a2d043335d039e7caaf34d6181cf8187e923d28d70853e7c583fa59
74688,Dear John,beff8440c0da0bfdbd2018dbe9be25b06669261736dad9ed994832d9c9952530
74696,Last Train Home,d659dac9a9b7256695ad8c506b4ab53126aad854623596da95c36ea5b85523ce
74698,Tooth Fairy,f32da4d8cb240ef51b694722d99aed962edd16e8a5679146d128295a5c56a736
74727,Gentlemen of Fortune (Dzhentlmeny udachi),c51f4aaeef153452385e706f268fc395c13cb2fa4f5329321f354f202dd238e8
74750,[REC]²,c53de7413b80c03ee343ba9d951f21c378a61c2b3ffb00d438463ccf0fe206fb
74754,"Room, The",cbcecfe1313a383b2e71b6cc38f1b07c7e69c3d3c1c68e71d18c2c037ca49838
74789,Alice in Wonderland,82409081181f337e37dd9fe31e4426fd35bc669e624bd247e48e6d992cf10b6d
74791,"Town Called Panic, A (Panique au village)",e926edf18fd2d04e728d9685252e6e091e3b8dfa0c33c87381f09b03ea47dac6
74795,Green Zone,f185980c986398dc80e8383968e208ef432a0163196e0f9c9e3dfeb7be9fef87
74851,From Paris with Love,bf80c58ac85390b16bf4c95e366ce63b439483c0a74bf49b5b8cc9ec3db03c27
74868,Dorian Gray,cfcfcfe011f9343eac0624c435f0f1ca310e1b61c70fc1eb8e7ccf0c61839d3c
74916,Greenberg,efcb07cba4601c385195f3879e3392b9f0829c86b037ea17930ed372827bbc4e
74946,She's Out of My League,83831ce7d4f8e7f8719e48a1c4ee9708870b8145e445f81ede2ab1c7bcd1f946
74948,Harry Brown,f9ba6adc86c5c522d03ab227d427d285a2713a4fc2e70be93f59ced02b19d1a8
75341,Remember Me,e0009c0055ab6b858d75e7aa1cc79358b9a86477f49ed8f709397c6a66b21f96
75389,"Burrowers, The",dcee9040925ad5d86ec546ee6a4b6a6367a32684c8dacb53c326f9966998633e
75395,Frozen,d184c184c48ce67866714239423d432fbfc63f1f1c393c713c7339ebe1c7c1c7
75416,Generation X,d618250f09c75ce8492c30b1a4e66e6834859f27f2da399f1fc4e64d70db6673
75446,Little Ashes,f53e3fef97ff957d0a712a38c90fc5419fc84e862d82840f42a1f470c60ff005
75803,Our Family Wedding,bbb8e701c04e1bfe35614abaf781d18eeb650552a5bb59c6f2a8118daf381983
75805,"Bounty Hunter, The",e8b2854c1e6973e68f183cb3a3c44e3191e2ae88b8b6a668ee93b9b4eec1b233
75813,Leaves of Grass,d79a9295c94a1fa5685296bc255b0b6352fe79a2af0bc84a52d43c1fef4b0097
75816,Women in Trouble,94abc0ed6ad43a123f249d2d3323b36636a33e534c656363c1dbc1b59692cacb
75947,Mondo Cane,9e61a609219e5df7565b4f24e328625b49b6659687ce9a58b6791c653986a9a6
75985,Repo Men,feaa8286e0dcdea15ea8531e4ee53afb7a0b4649d2d9f909b9808b1a485bd790
76030,Case 39,e0c3e0438fc783c460bc63a043e463ffb00e9f4b9f7a1f0b6f0c60bc70af66ac
76054,Oceans (Océans),eba90eef9451c383c0479532e1446ba9b00639d6c5b2b0443bffe330951d7afe
76060,"Slammin' Salmon, The",afd47383d1234e331efc64e4cb9c9b59394a60ec6cf5c713b1a04e8c8e4bb161
76077,Hot Tub Time Machine,8a9bd2efe474a535b1c36c10d00b3986a5718f370efd317a46ca4c9a533e1a2f
76091,Mother (Madeo),e73f9cf0bf80e201801cb863c0ffa07f8ffb7986a15558fd3d874f0450e015e8
76093,How to Train Your Dragon,978d971766766cad68cb69536f3388509cd8b585cda32d6330745a38b718d385
76143,"Bone Man, The (Der Knochenmann)",9af4e5e887541acfe13984969ae86b7ce433dcdad20f782165da6c0c7a230b1d
76173,Micmacs (Micmacs à tire-larigot),ac5fa90f6301efd1d0f283b4a32c504ecfe0e7a1903793535fb24928ae1dd635
76175,Clash of the Titans,d84a749545ea8e54b955bb096d4cc2789625251b1bed52db39ea0b6b4b962c73
76251,Kick-Ass,d0ce7f087ab96b7f952636bf2bb9805f49626a003d901ec1d2a7e738c24e68b4
76293,Date Night,a939cdab42f440e65f262b109709743f2ccfa5f86d913531363497267bb8705b
76301,"Emperor's New Groove 2: Kronk's New Groove, The",96dadead955f01555ba554a2042b6e45374d5b6e573218a22f9a99ddc7c0532c
76738,Steam of Life (Miesten vuoro),b7051505ff64752b4eca4ee0d88acad860333adc839d1a37cedc607dee56815c
76743,Mortadelo & Filemon: The Big Adventure (La gran aventura de Mortadelo y Filemón),ba7cf6238c83c3dc114eb8e22fd2473b3c1d41ac4f067c8bf0b9b3010ed71b6a
76751,American Drug War: The Last White Hope,ad6c2d1dab9a4a727826f2a716af7568e1684950b45792d74ef568b59189de08
76763,"Runaways, The",c55cce541be33b96b406947b59c96b8c0f1c96f6f17e60108c69dbefcb023530
77191,Death at a Funeral,a3fbebefc40d84049c019af37af27052045681476bafd78f16bc9449b0f9e1b1
77201,Valhalla Rising,8702850219c838c86ff82f7327532cdd6e8dd62fd22752b5f085f480dfe01ff6
77206,Diary of a Wimpy Kid,c387f17a96684fa46cf7b46731cc4bfcd8979a099bf0c0fa4c810e0b917a9683
77233,"Union: The Business Behind Getting High, The",c512c5ee1f2de5042dc056f372571a4dcfbe36981a4158663f990f899d38267b
77266,Disgrace,aa89abaaab10d1c15c065341503e104166ea327569c97efecd857f7adf943d4e
77364,"Losers, The",d70cf37c15aedcc4bde0ad56894f952b5349625ec85382913439617bcbbc1b0c
77414,"Last Song, The",b813f92847eacaecadc4149b7a99b91b38e681232f50a3b3c9296e4cb527796c
77421,Cyrus,f58c8a5371606919923b9daea51fd622cca6291d26f34f6169d0f269a56e195e
77427,"Human Centipede, The (First Sequence)",e7fdc2ff582d9d80a1c298d03d1f491bc21ad2b6b52f7c0b3d40297f6a07f401
77455,Exit Through the Gift Shop,faa8a87cd31ca130dd4e5e8e61171f824ae78767c05bf283ed70d4a427c6853d
77561,Iron Man 2,9426acad6995cf270b09316996e5d498dce261466a1e8a3e3d3db4b1b4b2f8d9
77667,MacGruber,dbabc15d05ce7a0598f37e82d68f85e8e85083d6da3730a3934825f8ee561e34
77688,Three Men and a Cradle (3 hommes et un couffin),f041ad104bbe6a82cdb2b2699e5971c335f758ae4faccc322cb3d2cb30ed911a
77709,"Sky Crawlers, The (Sukai kurora)",ce95157b21ead8313e174d8a23a124dfdc16e07c55caab04555b5bfb0b84535b
77795,Cargo,930649db7cdbf30468c194cdc38cf9f21f1b2d0c707709ff06f848202d3376f3
77798,"Nightmare on Elm Street, A",b34bd2d36ed03d460c22ba51d355928b46d7df862eb27c35b82cc52b4f836a86
77800,Four Lions,bfc0bdcbc41fc634c1e1c8c068d430beb56f27e98b116a97cc939738942e91ce
77841,St Trinian's 2: The Legend of Fritton's Gold,dafb19a38da4825c76116d02c8dee9b137232e0ecdc1d8d43cf8b11123afd5ea
77846,12 Angry Men,d52697aca407a4cfc8cdd8c3f0c9378017b6893e183ae94267c8c7627caef4e6
77866,Robin Hood,f562c34d0e3cce389de213ae927d12c775c0eb381abeb50d1694b65669315ae2
77881,Lovers & Leavers (Kuutamolla),ed34bc7512cdd3c58373cb1c9c5c1ecb39a60d2348387cd870f171e633b6070b
77893,Merantau,875f2e6928a070a15ab3861f37dff1fe38f892a293872f81950f4a69a4a61af2
77931,Stingray Sam,c896d23b774cadd23f31f5ccb5a30cd92f36ea5f5a5fe0b1016a074085c15686
78034,Cemetery Junction,e02fee3b8cfb9af401f871847314c1111e16036f6b9799ce69ad27b324cae435
78039,Blue Valentine,86d130f84132404156ef3b49c364f72d5b50d88f69d79f367d733af4c0cf0619
78041,Killers,e4cca919f613d31b9b3324c4d9614b69c67c3366960cdad5e969b733558461a6
78088,Buried,9506b846625ac5099fb53af16fb96f3993a59cedcc56e34ee406844291cb5ba4
78103,Shake Hands with the Devil,d400b11d5afb5a6806be4dbe49b63b367e638ccb2b96f12a374da6c56c298530
78105,Prince of Persia: The Sands of Time,b30cd74d5a4f80921c3269a33da1dd70280f290f82d4e45e676bc7c87baed23f
78116,Please Give,e493b36c564dad945aaacdd58912dcb6eb7b4cb395341a4b2cb60a49952d24d9
78142,Baarìa,b8eb38c2c732c739c786dc063e38b11431c64399cc441c663ebdc737e73331b9
78160,Ricky Gervais Live: Animals,e50148a92ef3e71018ee36772d81d96e32cd2cf3cd7a1e0d20f7e1d81b8ab265
78174,Sex and the City 2,e679a39909c8d97619a6fc645e66a6cb5ed2099e2cdc4ad9708d632963133693
78209,Get Him to the Greek,bc93a4cd432c59341d3237cbe0c3c8f33fcca4cdd32c4b2c8d931cb37a49e1cc
78218,Unthinkable,b0d28b954e2c7c1e31d3d3eafa0d940e0ff03cf1f04b0bc63d90fe382ed594c2
78264,"Back-up Plan, The",dbffb650f000e14de597037c9f0a9ec054a9483faa78c2d7e3c7a5923560596c
78266,Splice,c184f86876336787394d93b2464e86b2337b69cf84b4311f86d26c6d199bd1b3
78316,Letters to Juliet,88f6e8d0d879976f478147904deee92e3d4cd69d96b085476d42eb7580c296a9
78349,Exam,dd21dc31619b23db23db2bd1dd21dd20dc23b00f22df63df03de8f709d209d20
78467,Jonah Hex,9d2cf5c94acb223673263b4061a1c8b926d8bcee9e359b1689d643d96bc3e46c
78469,"A-Team, The",cdeb808e302537315b10f5da464f02b5bef58dc0ed1e412f507b3e6e27626dc8
78499,Toy Story 3,f624455bc1570b66df5a381de1a7b4ab7a6c86203aaf98a48dd259c933ad2719
78544,Ricky Gervais Live 3: Fame,91f4b64e1f9bae3c5c98e4e2eb19d3c7e0990934a6cb289a736cc319cc636859
78574,Winter's Bone,f1d5f67e198b805506710de97ef8c94d073326f1cb0c373cb9dc8f274a8261c1
78620,"Scalphunters, The",b169ec06146b2d5932a2b1518b9c1f532ab517da6dc7839e1a51c5bdc2ca7c75
78626,Barking Dogs Never Bite (Flandersui gae),de2099d4378acc7b4927f2ac6051c9b349e85c6ca3e3b61c4937c183723ea7d9
78637,Shrek Forever After (a.k.a. Shrek: The Final Chapter),fed0d16f282b92c043f7cf6081a587da09f025a736f16d596e1e91e57a496c92
78703,TiMER,857f2bfcfa24f0011f918ff3e0fcc01efc031f4389f040fef00f5e0387e023f8
78746,Best Worst Movie,89c78997999461ea634877aa86691f11742c3a19f09ef829f416e260a70dfff5
78772,"Twilight Saga: Eclipse, The",dc08dc26f33812390afe8b4a19a6b9a0fd87b5dcb55e7532f03ce4296450d33d
78836,Enter the Void,8557c9e20d15c9d639290125f2d23c6a7e5733980e6ce75d56b88edf60e68d83
78893,"Last Airbender, The",99d6a916e27293d8072d47eedac78e25ca1699586162a5e097fd74a9e487b207
78959,Endgame,c17613a22586678d2fadda73c7253227d89a98dac0dc46987b3fcf356b070790
79006,Empire of Dreams: The Story of the 'Star Wars' Trilogy,d0b361b434e42d1a4f1bc70f3a6c98fa6db3c2c2b2c49af0e4b9e4bb3c0e4b0d
79008,South Park: Imaginationland,8ba1b2da05854ce8331684517a7e9524645c5aaf68f953fea2af7cb292c7ad31
79057,Predators,c4ed35ad9d216a73f2d2c3044f0ccc7a386b3343c9872dbcf43c96e13263b316
79073,When You're Strange,8299ed66589ba5a5df42207f5f80ad53f06d1f92a562729da5ba9b40a03b5b98
79091,Despicable Me,abd32edcd009f023946cb46bc51c73a185b17a2c4bc3ec7a34342fde78e55e41
79132,Inception,d23459cd2dc722308c5bdbc343bc742a99c32bdd4e28e92390cc6799fc639b6c
79134,Grown Ups,bcc14f36540de94fcbb068c8c5a238d4b72f9333b00f504632ded2f6983cc73e
79139,"Sorcerer's Apprentice, The",884392a017a9ad5f1c3eb26ad277c94aa54a7ebd528c03c37b21f0ba96374b67
79185,Knight and Day,e6ec99aa4fe6f0998ecdcc64733b03aa3161e045a612f815e395a43ff162938e
79224,"Karate Kid, The",b118a6db06c5d5b4783689445a6fd461cbb35b1a98982da742dacec965979f2c
79242,"Kids Are All Right, The",daad25435a3dbea4415fbeac8153683c9e80696c12bfefc0d03f2f5085ab7854
79251,"Serbian Film, A (Srpski film)",91654aa4eed8b513c8b3d26eb14f6895b62899336a8c976a4d156efc136a29d5
79259,Cherrybomb,ccf16c69a30db3c4154260ad62bc9ed21e1a642fe5e56b41d30acbae2dad95d5
79274,Batman: Under the Red Hood,dd920aaf3faf91502bfa166d001175124ec573a9a0f0ef2a2ab7dbd39484ce78
79293,Salt,c14430ff34092da36ba0d37ac0dfcc973c850fe8d1f033f2b37f330f0f0de406
79333,Watch Out for the Automobile (Beregis avtomobilya),c00810ffb5ee99d8027f6d257ec87a042fb50a35d433c25bcdb497fa5cd36211
79357,Mr. Nobody,bfc03ed2606df02eb78b95b960f942ff94e584e4c3d2f2c0f1844b80835bc70f
79428,Dinner for Schmucks,efc9ba3448a69fdd3922c467c37a3d819c2ec0e1c7991a4c786342ba4bec6d2c
79501,Deadly Outlaw: Rekka (a.k.a. Violent Fire) (Jitsuroku Andô Noboru kyôdô-den: Rekka),fd901a67c3314ed96d0cd4b68190f4c8d5ec76863b1bcd1896909a67dd0d6d99
79536,Hellsinki (Rööperi),b95fb9f076b846ac4ec7c3552327ecad8cf89d429109b2b106f2ed02d347163c
79553,Ip Man 2,c693d633596c198c3c9ee6c3e663c26519cd3998c390e6333c6e3e6ca366c394
79572,Ramona and Beezus,94fc8c3c093c26f8a1c9dbb087460ecb1f0d273e5ebfcd83638e278d8f0318c7
79590,"Rebound, The",d4ace4ec99cc2c92ef52d30919915ad3e2336b9a896cad66a9729b359b14ab34
79592,"Other Guys, The",ba068dacd040b29b54f15f478d6760ec8f18546377964bf591ce3c1f5f38a813
79677,"Two Escobars, The",915dc4164c16b564b6646a535b8b33c929e949e97da73de62b5b14bbc46d9054
79684,Paper Man,996de2dfb48e0d2bca25934986f6d190807f7c82bb95c4c4dffa8d49402b6b0d
79695,"Expendables, The",eaaa857495553aa80eff9455b1006eaf985fd900aef7a5864ea8d357f3828493
79702,Scott Pilgrim vs. the World,f100c68a0feba19d53bd780e4ecec0e346cb572a17899b538876256fe16b54ad
79798,I Killed My Mother (J'ai tué ma mère),85cd78bac3341ec93c38e3665ecb61fc1e23d01398ecc7133133ccc8693f3762
79868,Heartless,c461b301290f4ff83398dcf2b70eab08c2f132df4c2d6c2d5bc24e9c0dfc336b
79879,Piranha (Piranha 3D),843bb4b0fe30e7af63c60b50819843862fe7216e393a3d91be17bc2fa489c5da
79895,"Extraordinary Adventures of Adèle Blanc-Sec, The",c083979a376a52601efa254f27b4cc3b5b6093a559166a95e42f4ebf9c93492b
79897,Get Low,e9b1864e165839b1cde6d65b3838e9c76727963c29e94183063cb1786c2f87c7
79946,"Joneses, The",a0f8df8e4ee2b032a30615d91ccf6aa4da33c8518715a05cb5cd18ff1e2f5f70
80083,Dragon Ball Z: Dead Zone (Doragon bôru Z 1: Ora no Gohan wo kaese),e44211091deda412334311b537fce64ad09371ed1ebc2e83c265d1b27febbed0
80094,"Last Exorcism, The",a4d934c11b865e36ce38599989e505e7267aa604539c50cb6c7b6f3a61a57bbc
80124,Sisters (Syostry),d25b19a645a6565939b165b48e4c31c7c5383109d239cef369ce3e36f0d32d99
80126,"American, The",eb8a983ea7310bc1cc9e396252bc8f859a79e5b6e549d01ccd21d21ccf84fd23
80139,Jackass 2.5,84b8bf81504fcb7b4b3cc6ae34d251d64b1797af3ca9c14bbbc199850e4d3650
80162,"Horde, The (La Horde)",d115f5541571aa9f3aba1a2264ae30ea1b9919ab6cb27666376e213959636c6d
80166,"Switch, The",a0e18da716a3fa70d70ed9c86a589483da3cd36ac996b94c78b3c668d8717e38
80219,Machete,afff1feefaeee24883107993d7b1864ad0e1e99484a19661e942c1d4ad54c8d4
80241,Going the Distance,ee6a9d18325546d6cd6dc82af2b3d935b9299521d2c142b2e136694c4d6cb5ed
80363,Resident Evil: Afterlife,f61cb61c053048b14d81278a305f987457f692de22cfefe9686f015b6f68ec3a
80454,Princess (Prinsessa),930f4a9f09cbadc8bd709502d2345231e638eaf9afcf8fef014f9c86d9c26510
80463,"Social Network, The",ce1bee673ec43119e19399323c6630c619991fbb2726ce0c3fc8ffc0d026309f
80478,"Man Vanishes, A (Ningen Johatsu)",a4c978e052f292d056d0657878799978d392b596bda6de6e1e6e264f21962996
80489,"Town, The",9471ed6c997395165189179374cd4a33e6e4d3a8db2665c8331e4a47259ba277
80549,Easy A,ceeb38ffe134d73391146cccb505c655c373b147c698b119c58fc44c3c4c66e4
80551,Eat Pray Love,9506fd1fa5119af081f907ac4a8baca31c610dbbff3653c46613bd54ea1e6c31
80553,Howl,ca21ae250fd503fdee07d872324c171909f3ce47f258e61da6c788f266ae9296
80572,I'm Still Here,b845b333456e6632cec54eb3691c984b76bb61bc219456ce92cb9b4873a1ec66
80584,"Patrik Age 1.5 (Patrik 1,5)",f8d3d57423fe52dff92896498e532585bb044e1a0da2848fc73e1a5f180f745a
80586,Flipped,d875a5aa429f59c3fa6d859a9f45b6d28138d77d27c148b6165889a5013eba47
80590,Wall Street: Money Never Sleeps,f23092cf128c1e6167fc6f930d9e2fdafb43c3306934e9b6601f695bcc486129
80615,Legend of the Guardians: The Owls of Ga'Hoole,945290706fb66fcf784d817f07b44ea9ec89d07513e324f3783d994b09c21787
80693,It's Kind of a Funny Story,db06e30e32e9fc3145b327c08c1f4355bbe0f022e588c16b3f3a1fdac2c3e86e
80727,Middle Men,c7c5703f49cf037590dddc1cef619398866c488e3e73b76247623867c0373ce0
80748,Alice in Wonderland,e86fdbf14c03103d8232e84d85b55b6e951afe86db5b65a47248e5bd92748a92
80831,Let Me In,cfd11325d42a555c32932e6e6894e9123bef344ae4b43bb7ea04f04a373936b3
80834,Sintel,8e5987eb4b6ad3253346acdc86e74464b19e6da32955b27643e3e953ac1e8c88
80839,Secretariat,930688d944d927271cee78d8e733871e5cecce7347b9120e3866e4f3479d130e
80846,Devil,c0f8d6f03d63694f33073a0f951f96859c3c65386dc1787830f8d1d33b5b3149
80858,You Again,baf64af5e509f52a1bec2bcdc5b36ab34af00a5ca50e958b7b43c360a40334b6
80860,Life as We Know It,973de861684b0e5c749af1bb2f742fd090c3b84df72647338149fcc46b3087ac
80862,Catfish,95a82d7dc6a1e17e5bf52d6a280b4168df4fade21b34d0a8fd472f9088b694a4
80864,You Will Meet a Tall Dark Stranger,b1c2e4d246799b2ccd2c59b218f3e4e6661913cdede6e4331259bb6ccd314493
80880,Stone,affbafbed004d0010bc92d8cb53432bb3ae7dc04d520c1f9a01dac1577aa76ea
80906,Inside Job,b33ff3225cce0cce73333339e4d8ecd18c93ccd8a4dcc2983933ccb30bc31265
80917,Monsters,88efe7bc7c000de2833f7cfe5d4087a181fc4c2f8fc1d0dc447f837198c6662a
80969,Never Let Me Go,c0778c77bf73c106cd8e7488f6886b898665162cf0b5d3b29b92b61cd2123af9
81018,"Illusionist, The (L'illusionniste)",965bcd347a6d36932d226f4a12965aad76ac696ba952234d56a5d9a9a552664c
81087,Luck by Chance,efa47334d20e4d0905dd1ef2cb146a3c92304d83654f977ecf51c2c53ed5688d
81132,Rubber,ea06fac1952a852a85f8c15e5ab19ea59e212ee0694b7a16ba9d6599316ee96b
81156,Jackass 3D,c04ec45b2ef81fac1ffb3bac79a46b996bb46a341e93b13631432f5269246a41
81158,Restrepo,c6f2e4338d2d9ba8799b70cfe6d286922c3c382c93c38bcd2f0d46b0d4b075e3
81191,Waiting for 'Superman',c704d8d17931379ed879a764599a6d3117c4e66061b69dba607ca68c7c3f1a91
81229,Red,d056f867387f3dbd5708cf900d1c356872eed5aa0527b1957f8f0b3e78e08840
81257,In a Better World (Hævnen),b2383ceadfb4a1732c47d7ccf4ea113fa62308cca1cc0812f09b6667e963ccb6
81383,Heartbreaker (L'Arnacoeur),e3376989dc61b476c6141edbb0db398d9f402dc44cb4c8735a4fe183672cc359
81417,Paranormal Activity 2,9372926464cd6c9d2d9b1fa2db20c364d07cf27ed87aa98b27818f052dc13dba
81456,Heartbeats (Les amours imaginaires),bcbac5a2c3c23a62382c6f906ed89a5a933ec16ce4fb98d536878d652cf19b81
81512,Hereafter,b55518d32aa2552cdb374b610a4c8c9ab506b25cd99361339f6979acee96d26b
81520,Undisputed III: Redemption,95e0cde001cd469c9f0b62329e134ae76cb74107fc033f323a3cc678979e5f33
81535,Saw VII 3D - The Final Chapter,e3945a5c9c6387a3273d98b46d5a6b4e1285a52a2169ce91de965e58c57e2997
81537,Due Date,f99a886725e9d79b42842dee18773fb0426f3f0b2c5ab16d92386696e6950147
81562,127 Hours,9516e42ce31091d5c86da51362b55a4b4b4135a976b6b8156d6aa53eb50f9f6b
81564,Megamind,944f1a67cbb0159978f1421616ccf5346d9f69cf0a5a469e3ca83d3125e6ac6e
81591,Black Swan,926f12a7a8994bdd0695e6a45f6d235b70527b75961fc652a6d4957e2a472130
81681,I Shot Jesse James,aafe6004c375ba359a48c24a944a5f68dce8b52ec97bffd28105ad82e1879d5b
81782,Unstoppable,80092d5a6bc2c2bd1c176d8664f83c76594291563e750fdb65a3722f92cf43ed
81784,Morning Glory,dabd31f1a00460eaa77b9c34ec479ec35c20cf06e2f8857bc73fe544c7480e3a
81786,Certified Copy (Copie conforme),aa66480df52b9de6091dea91b6e03e46cb956793678f629c3c34343633f96461
81788,"Next Three Days, The",c0001d4f678ed8a07e616f1839f3e6e1b25fd01f8d38e0ce3e8c4f9909e679c6
81791,Somewhere,92ea71aae1a4be471c6ce12d87b7969069cd69b7921a7e48a8a5d3b6ca5c88c9
81819,Biutiful,b443bef94029002b0ffc4da74fcd9412d8212adcb0bedfe7eb90d0e12ed2c137
81831,"First Beautiful Thing, The (La prima cosa bella)",afbd31998452ce66c0429696f14a0799da742dec1e982b673eefcc83296ce193
81834,Harry Potter and the Deathly Hallows: Part 1,a972d3b9549b2a52fb251ba41f942d287e646bce63998447d4a6c2cc86ceb587
81845,"King's Speech, The",9d51f958422e62bc8d513f9356a8382f68c7439c4cb38f0299c4b8ffa456e7c3
81847,Tangled,958ab0790c750f6756d2659a41ec72ef3c8f1b1532d554ba77384f39496330c6
81910,"Art of the Steal, The",ad34c66d14941b4e32ce61bb696f6cc39c91cb6c9e989c31626c6dd932cb631a
81932,"Fighter, The",8c0ba78652a51cb1235f49efac1c91659a9b661679666eaa3f9c03a29a3f036f
81949,"Romantics, The",8790c3906998adcdbe6d3c6f3437b386d38799e381e168984e968796718f590d
82041,"Loved Ones, The",d90c226dfc919c6402e10f8685dc0ff372c6384ccd9cdc19f2dbc7663d87319b
82053,Casino Jack,d0f8444c4f07b79d3298b902d56541e1fada1e1f65f7864cac0c6c871eff21f0
82088,Vincent Wants to Sea (Vincent will meer),bf6253c4c00cce01c1bb273f4f8d3e38bc49adc51dee488e48b41ff99e8a8f88
82093,London Boulevard,e3c7be2ea43ddc5143da63a9c21d93123d1181cd9ade19c3b8ad9e391ac3a561
82095,Skyline,98848d33162b7a866b9c677b7892b2c473bbd4aa2694bf046d0a2db3b064f92f
82152,Beastly,d3dc932c2c413ec32133e19ce05c1634ddc378cb9365d13f793887c43ec37cd1
82167,Love and Other Drugs,e0bea33fbd6116d4da9f186bec80cd9067326e2716f873d3115f31e0130f44b8
82169,"Chronicles of Narnia: The Voyage of the Dawn Treader, The",d087f835305e65e845e2d4ae3b2d03df21d035a9578b63396cb91dc3e178425f
82202,"Tourist, The",c3836fe7bcf811988709ce6740c6e9babc32b310ea4c0ce31590c91fd267f778
82242,Rare Exports: A Christmas Tale (Rare Exports),9d5bb97b72b492341b5ad90a17e9644fc24e16adec6dcc5432c263c0cf5506e5
82366,Hatchet II,857a916b73dccc947a854e2596203dc9319eb1526bbdf264e64f4fb9d04618c3
82378,All Good Things,eba7f223965b99ca4b8cc9952434b660724ab1d67915d99bb5b0a17c0e59c4dc
82459,True Grit,9641c2c761bb3d3a5c2e3e073e17a65186be43fb6329d820f0242ec50bd7d58f
82461,Tron: Legacy,83e74ccd77028f23489ca7d8cb53d6378ec98634170fcdd24b2c6253fd342d0b
82499,How Do You Know,f5c321b38b3c52d99ad1cc64466e668384225c4b7bc5e46cc8de93b3338b4e7c
82527,Barney's Version,b8ff78909579836dc3060e17ed18bcf938f9f0149886bd87d1e5c261c61a669a
82534,"Company Men, The",be69a0d201977e69c20541d6ff28e60d61d6dd296e9b8455bbf0d81336de8724
82641,"One-Armed Swordsman, The (Dubei dao)",cbfdcb6993ea37f1e7a18bf3761a950ecd06721c84ee69e090a024b4ea951037
82667,I Saw the Devil (Akmareul boatda),8473bd5d79d56275ee74bf2631abd8a24daa4508f4463ac68a96e29046dc7166
82684,Trash Humpers,c1243fdbc16c24933fcc483b3796ffc1413ae68ff900807cb7879920357d07d6
82744,Faster,cd3136cd2673a938394ce933b16d94cdccdb4f321b50d89db66494f5e9b20e20
82765,Little Big Soldier (Da bing xiao jiang),e922d926e368b64d3549ca71c9f6548936c3265a0e916944c35ad5ad6c77bf89
82767,Rabbit Hole,da290828e7d6c38cb986f0d7b5c3bcd0b5384256352e3a17b517c76b5a8519c7
82848,One Week,eaaae411ad559cf4d2e4d328252f11ef98ed3aa996513e51875c6d52ca927a83
82852,Little Fockers,df8368f0e29fa7c1823cbf6190f6f20ffe84b4d7e0927dc20dfb08361e210f04
82854,Gulliver's Travels,e759e2d639261d28124d2a5b4f93cb3761a66928fb2c9eb62c52dde46b4460b9
82857,Sweetgrass,aeee23edd111dc12cc02c1162fbd63ed37c23ffac8f5e0823f9a9950c005e719
83086,Burlesque,804c84bb451d4ad66de2934d5ceb3de8ba4c74b671c4a6392f37b3236636434d
83132,"Secret World of Arrietty, The (Kari-gurashi no Arietti)",d160c5e43d56818e93464f73197bbc317d31518e239f3ef87b1246664a476b19
83134,Tucker & Dale vs Evil,d5aed158ca598b4703b772d26ec6c23673b5c1a9838c33995ad06a64273d8db9
83177,Yogi Bear,b28553e09fee04967430f92d6b692e1b6c9af8a62767874170ca6eb2cc3db161
83270,Made in Dagenham,bb302e90c4efb4c794986968934a959c62b4e8d4942ff62f8f83c1f3b9612e1e
83349,"Green Hornet, The",f1be04240740d3ce0e3281fc69bfe43be3d22e566fc3c1913cb9a1af214e3e78
83369,"Way Back, The",8a1d1eac9c42be34661cf80c55a38fe2a7dd955f21befea31b411e6c0ab4f890
83374,"Warrior's Way, The",b193938b4ea20c622debb5d375db3e55c674563588f5d88e89074b98b1d13a45
83480,Season of the Witch,9d9b8fd30665124d3e4d37fd332f912c302c32665b2657b04f90cb33c9b35a92
83601,Amer,88cedacca8c49b559515e75955544cd5692ad1aa5b6516aa1d6596d9e62d655a
83613,Cowboys & Aliens,ed59ff30d0c797cd64788ceb3217e1b0d30328789f8156ecce92c3114e60c1fb
83796,Anything for Her (Pour elle),d6a24f53ed9bf4f0b84a7127c87c04690137dbbe2df4cb26a9666da0d19330a2
83803,Day & Night,95e9c87b4a17b684693a6a05964be5fac2f53a57798a97b4398c780e369b21d0
83827,Marwencol,caa407eab45b7827a50efc10dacdc61b4ea40be53d733d52f342c50ccb8c6ab5
83910,"Dilemma, The",ab3fdbefd4ac279e0a03ca7d9150f101e41196d58e54d850e59329251b2ee67e
83969,Down Argentine Way,a34a5d63dcf13cebd20a371c3f50689f19bd929467845f40f054a4578c37aab3
83976,"Trip, The",bb65b92cc00cc6d717f33f38c80c29dd31f3d7634e83a61cb05c79b8194239e3
84152,Limitless,8c793473b53c55ccfa8b8af89926f989cb432f26ac5cd913b140ae588f8656f0
84156,Happy People: A Year in the Taiga,b333cccefb1327ec1d0d806458996367bf0917724cc8a333c8cd3666cf307ccc
84187,Evangelion: 2.0 You Can (Not) Advance (Evangerion shin gekijôban: Ha),feec58a6c15581773ee87e8ac10681753df73e88c806c16519f73ed8dc82c12d
84189,I Spit on Your Grave,e872ef6e4452e86324a6272efa2925f5916a97a3f91db92e0de5d990568c8495
84240,Even the Rain (También la lluvia),df4bef4b2fcbcad722d70005c80fdb4bcbd942d642d76296680bc949cf00cdc8
84246,It Happened on Fifth Avenue,bffee801dff284fcf501c93bcdc187201786768d08fb4941293e2f94125d3e1a
84273,Zeitgeist: Moving Forward,f1c6f1c7be03bb18479ce71e638fd90079f8931cbf1c3ee3c410678891805a79
84374,No Strings Attached,ac29bb857efe66f08185016b3e27fcce13b3f03c416e03097e441491f67d4d66
84392,"Lincoln Lawyer, The",8c53c49a67bf61cd58edd2b56e18bf1866001c059e05e048a7d34befd8c7e639
84414,All-Star Superman,a2e2b95d194bca2726d794ac5e6197586aa44aaec633e249f10e19c73c5ee743
84512,Girls About Town,fb3c91cc979333344ef22c0fe5c9c9709634ba12b132e087ccccec19d7364e27
84523,Kill! (Kiru),916f7aa1bf11ae9e6f8e5d6b6558ce6458cac213243a848559a14f9d746cf446
84553,Pekka ja Pätkä salapoliiseina,d7843222695be9c430021c9d16b578404bffe76663189cffc793e4d0fcb4e30d
84601,Unknown,84234bdf4e70deb5f93f63c1a3703e27d0bc31c37183909f39890bd118c378ec
84615,Cedar Rapids,eb3e9966b9137619ccc0628c89712967e5664770ce8a1ff533319d49f60caa93
84637,Gnomeo & Juliet,d656ea6fae2faa7d741099f0a55a5842f1a0cb4a852df5b572d2b409c3e1a586
84696,Burke and Hare,9d82c4cae448f9751b748ad58ad99babb1aa28486c4dec136732e73487eec4da
84716,Castaway on the Moon (Kimssi pyoryugi),afb198e39e70a5941e47019ff1876a3f14c2d864859936303c76df2f671650e3
84772,Paul,eb8ecee11119eb1647a1b07d6c4c9181e018993267e66e7e9911bce16f8e938f
84799,"Asphyx, The",868143c97db4b94a435cacf1f13181a5ecc91f0c2c3e61e61f31e9b37b661cec
84844,Brother 2 (Brat 2),d1a899a4267e6e5b6d8181aa99e49a651e937e11e47a27a6cd8d9cc96a73ca52
84942,Drive Angry,87234715b8d814782846c8c3b1c7b5fbd7bccf0c957ad2606a51d211678f699f
84944,Rango,c6b1cb04384b4f2df6d368ce79262b19661b34ec4f66b20953f3acda8e0b59e0
84950,Take Me Home Tonight,cea5169b7c538521135829add9686c4ed813b4acc6b59357d7ece109c787e34a
84952,Confessions (Kokuhaku),d8056005696a327894bdb3de47d63903e72a27b3261de6d90798ce0b8ce7dc67
84954,"Adjustment Bureau, The",fd07efb0107c6b0fa3c11c55dc1e07fad8c23203cd7f96c8b212a53bcd8ce862
85020,"Mechanic, The",e150c3661e2b9c3d78f4b843390e3fe0709c60d8c7ed6481e4ea8cff6c97bcc0
85022,Hall Pass,941fdadc7e98841f09d567a197a59b95a43e895a29196577d14595a97ea8c858
85025,"Eagle, The",d154d3370e3c85e870a97486510b9c583cf7729de34e5f094f168c241bfe659d
85056,I Am Number Four,d16cb976e34f275a250cf0493dccc0446afa4da9c0fa44b8d78316f14f151f76
85131,Battle: Los Angeles,9099e3c963d9111da91b5bda1d02c80e4aee76fd865f060e77ce845b8aced8cc
85179,Summer Wars (Samâ wôzu),c9cf38c9183c1d8643c927f56e36a41cee3e916963a326c11b712a3efb581f07
85213,"Sunset Limited, The",f64cc6b09333338994fc86c770e8ce479674335f6cc4cc8e89673b356c37c0e0
85259,Winnie the Pooh and the Honey Tree,877a84f190e41d687f32b48708476b0ea5bb3bce76c77d319b48b48664a4db19
85261,Mars Needs Moms,9318c90c686375baa4b54e872bd81e616f859f392b0933e6cb936d99926761ce
85295,Scooby-Doo! Curse of the Lake Monster,e701fb1014cf04f9589eb36fc0a4059a3e997d46e3e3907dc5983e033e67318f
85316,Winnie the Pooh and Tigger Too,fabe3c9695491a5b9114c729c6cb44e4c74e6b6369a1c796c3b33369339c360c
85334,Hard Ticket to Hawaii,b8cda0e2c747dbac94a08d1f4cbafd004fafe0505e79b48330c6e32753c2db78
85342,Elite Squad: The Enemy Within (Tropa de Elite 2 - O Inimigo Agora É Outro),993b5b9249bba4cd42c8b04d76664b24a52557706c4de66c6ed30e5fd238378b
85354,Mesrine: Public Enemy #1 (L'ennemi public n°1),cc69ce10709331e33d86c76d92183f9e83bf9fce5e118c60e4ce629764f4f128
85367,Just Go with It,89e63618558a6df30f7c8a838368b4bff12452212adb692e94b017dd6f85ebd2
85394,Cave of Forgotten Dreams,c599e926681386db6b54349985a56b64b4d943ce3b4e3c9b98a79c6764f21a65
85397,Red Riding Hood,ab1675e254ec2b05391b940f36e6983466b9946867e8cbf239986e443d1cbd9b
85399,"Big Mommas: Like Father, Like Son",b2637d54cccc1e1bc11763c1f07a91ae1f1dfe34964374eb81e878156fc4ae80
85401,Super,efae0f6af111769590d569d3c1f8e211da058d759977c60cadd151e8d1863332
85412,"Troll Hunter, The (Trolljegeren)",de47782c3bdc87b33f2134a08d43896c83dc3b18e770867c34f694cf313983d3
85414,Source Code,cf1fb0333061930fa0f4470c5d8eb1ccba887f9c5f0ea7c0e7038e07671fb0f1
85438,Jane Eyre,ecdbecee859a9d9b322292d19e649e66b815c0283f191d397a69a5e56be48851
85510,Sucker Punch,c6c4c2396c3e34cc59b14bb2e50b36e53ad6718acae58656253aeec3651f606e
85565,Chalet Girl,f81e84c8ab63517e269a9d3729a9707b6ae40897ce838f52d25b72479b308fcc
85736,BURN-E,d1a5763805e39b663e184bc33230701cc1f1a5bdfee695adc8426e2718da3b79
85774,Senna,a3ac1f597e28f897b479e39a43049e39f4aee0e5a54a68f3d80c9378668aa465
85788,Insidious,f187f3045bfa98498640dfea6d85e1e563f87e12b02727bc1b92d8019e8c8dd6
85796,Hobo with a Shotgun,befbc6bada216311b155bd2d8144daccc31e8855615d95e36caacca73bb31230
85881,Win Win,9094d13b64684ea43b8e394a6cb96e97bb4a91c306abe66a3bea42c6c6fe9313
85885,Room in Rome (Habitación en Roma),e1c7a56c9b39d8c48d39cb339c921a9bd4c1326bb24c36e6e36c67351b38f190
86000,Boy,f730ccd81cca2999618d9267026f65ad4da919dc199b6766672619ce5f066d99
86014,Diary of a Wimpy Kid: Rodrick Rules,b2c3ce7cc9163cc1913c319f866c743acec569915a5b7866cac5cf25649791cc
86028,Henry's Crime,b9628e58d49df9277d5803498b63cc5e04dcab513b6495690ed78a56da4cea1d
86059,Hop,baf1d133ef3e06864c41d188b8c7603bf573073c0eed799e9ce16c609e107639
86066,Playing the Victim (Izobrazhaya zhertvu),dabc5269c3c36ad48a43aa3c3ebc856ba1e22eb8942b1c3a579a95c334f4363d
86068,Films to Keep You Awake: The Christmas Tale (Películas para no dormir: Cuento de navidad),c5328fe1b1c991928f33c46ce5c9b3e9b4668cb9c71ce31c38c998e64e72c71c
86142,13 Assassins (Jûsan-nin no shikaku),c49b400f1b645367a949ebe959b70daed62c6a45291b96117ee57d1c5eb8ac05
86190,Hanna,c03065bb636992d0159fac0a87dc44cf07e3f7141f6bacebe8555af490a31b1d
86279,Into Eternity,ae9b2b6e0a7b4396b0633c8875a48b6b91fe70d6861c928771c133907669de7c
86286,Daffy Duck's Quackbusters,c017fd8857e8cb373481b69663a6cbc5bd1324339ed47b46415a3e585a379685
86290,American: The Bill Hicks Story,d140c5744c86b87d726409b377cb0eab1b3b32ab189b76c97226d93264e4f6d6
86293,Arthur,e95cead0426b1d6f1f20d00d75bf8791c80b7c5a34f54c78df6016a53096fcd2
86295,Scream 4,9f19ce326cc869cc31a79367330e325a62ccccccc6a16d27d97ad2d234e49d8b
86298,Rio,bbb88727c64f78ca2de0799c261b70c4c346a5b8ba509ba651cf929997985b74
86320,Melancholia,97fb61981e66e66f8994396be6438a0405695cf499b1da783394f9212a4fb5a6
86332,Thor,9193d39a787c2c6c2d645f655fb336b79a971b1962b1ccc264c8378899017373
86345,Louis C.K.: Hilarious,c01deb41f6204a2f37f03bfe3c9f07e0b227a0049918f03e7f8657f26fe0ccc1
86347,Louis C.K.: Chewed Up,c108f0637efebf14dc60cd1a27f7329f4da207cd9619c83227b536c5d8939942
86355,Atlas Shrugged: Part 1,c767388d267685db1c9be23219cc8667049d96bccb1235de8e273dcd32b2ac94
86377,Louis C.K.: Shameless,a41886915a96796e6369d6b1cd4f6c1dadf69826d2036c9cc9b886d9764bcb26
86504,Voices from the List,f3a41df38c498c590f382ff6a545d4492eba2fba544cd84be8457bb841b3f04c
86548,Water for Elephants,d0b0973f0f4f2472ec65cb8930999596cfa4366bb25adb332924666dd68d2994
86593,African Cats,cef243a3a1e0b0206977974ed20f8fd4dc308bc5769d29c91c0ddac329e57d35
86628,Kill the Irishman,dda0ea49c6bf4ea32225a22a0855f64c31b7cb57e115c11e1d2be5372d4fe495
86644,"Fast Five (Fast and the Furious 5, The)",ece3f18c13392e3b23c47065582b4e9b6674387a7c0386d401fe7c23bfd0467d
86668,Louis Theroux: Law & Disorder,c73fc73759c233bcb3355a52fd4e802da091c3b1a138c72e4eac8d461fc75a81
86721,Idiots and Angels,957e25e843efdab96aa87a072d112d472c55389a6a8b4aa99ce6b5dc919cc351
86781,Incendies,fe3b5c704cc526bb23106a9dd0c73463bd1eb18d29c27e4ed238a3946cabf644
86815,Soul Surfer,919d543960361d8eee57ec792fc15ba33a3272230fce2c2ce129818cf6bed4b8
86817,Something Borrowed,8d8ffed6fa7809a11407feda4ff88324b014213b4e2fdcdcc1d043237c2f2cc5
86833,Bridesmaids,a6ebf828e01e37e7b831ed0597de28b44ac8b762d0b082bddece4f2ac6a68036
86835,Priest,9711e9a02cd73ae07a8cf69856721c5d3f166d0e221f476f9ceb350c14cc327b
86864,Mothra (Mosura),bebb615fc28466a2c54449fee0517a4391379994c96b96d2a6556f209ce1e69d
86880,Pirates of the Caribbean: On Stranger Tides,8572aee67a8d90d42c568dce95ead523c9813ef5ec7583336b3a2b1e005f8472
86882,Midnight in Paris,cd01cb19a337a27f6cdf34de36b69620be809ee1187b1a7bbe7319a249a0cc60
86892,The Man from Nowhere,8d1eb689e8832f6250819cf09738d8989aefc1341efec29737fcc40b2b6cd933
86898,"Tree of Life, The",cbb881c1a5c5c7863f87aeb7ce1ca07eb8f3165036c73ec3c5548c669861dd11
86911,"Hangover Part II, The",8678f9e37983053e467cfb81a8c7e077171e9c9a68c34b45a86e307ac7897ea0
86922,Nothing to Declare (Rien à déclarer),833fd6d52c0d2a7d52f8ad2e2e0257834bba28eaff293e50b006d51f67d10ba4
86960,Across the Hall,91b399c60b376e29664c87bb36cc6e106c984c6ed973d12664aeccf3c84d3333
87028,"Roommate, The",e725798e71db8e710bdef524be0101de780331c1c6361ef003fdf80d5ed042f3
87192,Attack the Block,d121d3f73e726f484b9d941b64a1d2f0607cb1368f6bcb09904b0df632f274a9
87194,The Way,f8e3870c6f1cf0e388cc6f1ca0633ccc771c87337ccc40f887b7680c1df0bf07
87197,Let the Bullets Fly,c6ccb5901843da6d798dccc65930909a5cd3e9064db9e669649633cfe6396739
87222,Kung Fu Panda 2,cc1cfa5a1bf7477564603d88378ea1a5e371c9634b4f661c7a989871187a9387
87232,X-Men: First Class,98f69345a6736ed269e931b909a24dca6e1e87362e5db5e1732ff3aec0900c44
87234,Submarine,b831f74c4b8b0c3034fc33934e4e892cfdf424c392dbd6cc09aa4c76cc9933cf
87287,American Grindhouse,93831b231fd9edbcc65c4c7c2c4e364e392763d92362c499187037317339cde6
87298,Everything Must Go,eb7615aa908dea47b7d3c3f4ec2814091b740deae985ec1334931ab459ca7b4d
87304,Beginners,afb89c4f94476fb061adc14ed27078c6695b2ff19584871ed60fda2fcb30c0c0
87306,Super 8,9c5979c637305e6439c6865961db964b666419945b9dc66bcc6b6d9939256b24
87413,Bernie,d3ee3a162e91e169e06e92951fa58d796c5a73e43124271bdad66c6e93c431a8
87430,Green Lantern,88a2c3b2eab0986ce66ee3d5b759baec49259b6b8f21374a276961d5c0c7a415
87444,Elektra Luxx,8e398e0c78cf61e033f01a3f65ae610b0fffe0d1f40db612d2f75da047a0307e
87483,Mr. Popper's Penguins,f878a704d2839ebce949543606bfc2d7df089af28d65748a487767da9382605d
87485,Bad Teacher,9ca84a646bdff42af489ebd3e7cbd418ce24c936cf0c87e19096182703f395d2
87520,Transformers: Dark of the Moon,aa85e291c0019562855f57fe5e8e885c687875ee3d8ee01538f7d0b1772bf231
87522,Larry Crowne,f8f1870e74346bc595aa46f58d6e94a8291186a37d4c3ad16b73759498e1715e
87529,Your Highness,fbc9d54b04360e847a8021c3b9c9d3b936782e9402960127ddebddcab0dffa55
87660,Too Big to Fail,a5ee7461da11cb9e0ccbb661233859fcf087ec028ff2d7bb08083a64737958cd
87785,Takers,8313e0c778d28b307e61352ea69f42cd7b2c0fa81cec39ec27b4ce73cc9781d2
87834,My Life as McDull (Mak dau goo si),b0bfffe3c87909b1df52628cb5460136deb1095eb2a5724ba9c9daa82d5070b1
87867,Zookeeper,cf084e3464e330cd3324d3cb3e6ce5304f9f851670cb9a69b9365bcb9321689f
87869,Horrible Bosses,abff0b8ac582c4bfd6687a06c873e4f9e618a62798a590949676c566f08c1e7c
87876,Cars 2,98fca47f2c3f71f847e27bb491df2ec33f105bc072859e042d7b6b702408807e
87960,Between the Folds,83877c70d0786f8fb0f14f2b71888e67db8626dc5a688593f3834c743d88535b
88069,Delhi Belly,82e60a832dc4457c3c3b90764f5bce6b5238231ad9e42f51c08b95f7d7dad691
88094,Upside Down: The Creation Records Story,f80ac1e221e8f64545e5cbf08c5773f272f02cff4ef21d78780722593290761f
88108,Monte Carlo,bd91ce4642de8779586c21945681a86baf7e5e2c50f521d02d4356e712667dbd
88125,Harry Potter and the Deathly Hallows: Part 2,c50f9ae411a45da05e42701bc6a59d6e99efc71b3f903db78ae30b3868982dd5
88129,Drive,94cc96556a3144eebb2e3b1309954dd266ea44ddf939b2291ccd5d94f790168b
88140,Captain America: The First Avenger,a858a9776db5bac911767eb61a057061e6b085b00d2f8cda68d9f8595b689d4e
88163,"Crazy, Stupid, Love.",fe66f78c7ba886f042767063111bc8273159f812c0eec86dd0eeb3b1486c4ebb
88179,One Day,ed6d9630c98f631ebc2130f29243e728e303189cf8b918cfe979272d665e113f
88235,"Guard, The",a22bb745d3705a38991c6c62cccf8ec7c4010b9d472b9dcc3cf0f9c061fbce39
88267,Winnie the Pooh,cf83b4de52593d3ebda6c481b61d3348512644d33f4bcd6038e7c92fec1832d1
88272,"Woman, The",b24eb3668ba78c9a0c994c194f195fb470f4b071a8478f068fe60ce77c66fc64
88327,"New One-Armed Swordsman, The (Xin du bi dao)",cfffef54a39e356af8e0d8abda0416a0c6402f8ea51caf02a90089dd89775af8
88345,Mike's New Car,affdd00b82b52ffc95020bd7c23a3ff8702dc26b9c143094cb030f5b9ada74b4
88356,"Smurfs, The",a8273f07f51ae07877f83cf860a961c597e792a790b7e7de0f580c08b4c99344
88405,Friends with Benefits,defc1b912c01847754cce3d43b3b7c89a96ebd06f350926f623a6dc868b52e11
88448,Paper Birds (Pájaros de papel),9bd7f421630e1bd7fe99676229589783c428f9545cad82862d97f8eb17c3a210
88515,Blitz,bdf3d2d9fe25c9f2ccf4050d4d7ba7183eed3a1c8c62b112082160f9c44397f4
88593,"Yellow Sea, The (a.k.a. The Murderer) (Hwanghae)",c23ae94d1b6599f339392fa4e4eeecb56cdd958e0c9168d9842297a63886e4f0
88672,Our Idiot Brother,9465c70a459a3df30f844a7d789724cae03f6b3f06c0ed1d62f785850f1fc0f2
88697,SUBWAYStories: Tales from the Underground,994bba4563bc45b3661691ca52e71b3c8f188887dc9876e2a177a31c7e06dcba
88699,Death Race 2,d21f9a1c980408a0e0efa2630f61cf742fb4330e3791861ee697e54f7ccc5dfc
88744,Rise of the Planet of the Apes,9918b89e17a1cbc3685ca46d1687cac7633e615edfa90e3593cc637e60d9d821
88746,Terri,8fbbf2820d7f7051e28e1fe00386fd7d8051f32e5ef80381a555fd03803adab6
88785,"Change-Up, The",d19907bd3f4d5b099f42fc2831bc642fe436d4d3561758d391d061b83664e16e
88810,"Help, The",efc33e0f703c43f08a520fb8618e6a471fe9be21f4c181cf6396bc708d70c327
88812,30 Minutes or Less,dad3247c5b083742c0e7b4d1191c6a9a6feae26a3395d05127cdcbaeac90de95
88911,My Afternoons with Margueritte (La tête en friche),f6495e964811297f2d9247aefa688edfd012fa230d150ba1bd6866962b7ad0f2
88932,Final Destination 5,cfc7cf06391c3d38227121d330e3d81f5b1cdf23ccf3fad03c082c38635867ce
88954,"Very Harold & Kumar 3D Christmas, A",9bc5857e44997ce5316eeb931692381e6bc2470a9a176c7b35e033850cdf2f4a
89028,Don't Be Afraid of the Dark,984398192fb967aa6ba49ae6d6b6e42561012b681bdeb0df72bf5e8ae180b1f0
89030,Fright Night,931fb19909996e66ee734ecc60e6e2335ce69064933b9466b36eb5530da49133
89039,Another Earth,b3c98d104464f4cd69322e6d2cdf7372648e499e1a3b1ab95b9e0b7625ec70aa
89047,Hesher,9bff21c8f39872aaa6678936e5315e02ec842cdd9d413f34d6082ce79466b333
89072,Stake Land,e707d44b1cfb3b0e732460b92e5908d268a56bac63f6a651c70d50afb51e855e
89085,"Debt, The",cdbd9d275170f815e2c7e3dd0199c2eab52ce46c8f509cbb7c22db12f444224b
89087,Colombiana,ec54e83e11ab050e8f879ee170a3f01cbe151ed61cc6728fd718237ae1dee08e
89090,Bill Cunningham New York,ac2bf39dc3e04cf0b61d310281ec9d1af460676c9d9358adccc666e3f2355b51
89118,"Skin I Live In, The (La piel que habito)",b18ef98c2efd3633c1226b89cba7265b961469238c395aaaa47543d7e56603ce
89190,Conan the Barbarian,a170eaa05e213f1d8b5fc0e67ced9a3d4a32e7326e66c94cb1bd7c23b0524316
89208,Walled In,94aa4a43ca51650bf331333059a00ded2cf41ede2f2d17ac379e0fed0cce8cfc
89281,Birdemic: Shock and Terror,ca29dbe1b5d2b41765c1db4a5b7c28278b8d707016d3f2b2856c6c052b36dc73
89305,"Inbetweeners Movie, The",c655159b40aae26d17de6a3665449441ae32a5ec5ab986ba47e9f5b47a06ab4d
89343,Red State,9fe0c773d813b1fc3fe61b28d62ca4c7ccf01ca2a599e1216b25c22f157b194a
89386,Pearl Jam Twenty,c564c4ce4bc297b072dc89230ceeb2dc381bf12767313e1339b73e113b237a17
89388,I Don't Know How She Does It,a71c70cc90e39f2c4f35cc33f073b7c20f9f385ddc48f165218e039e3e18f82c
89427,Shark Night 3D,cdd2e4d7803fb3293b29ca6c3246cd523117cd9730f19caec0c9734ec758234f
89470,Contagion,b5962e112fe68271ae78a6796c4b9c5791001bfe90b8190e788d9d2edd2b636b
89492,Moneyball,e3e69b501cf9638ea32c9c71e38789999d1bcee7fa611930558f8a8b4c761660
89580,Neds,bf13a73ec4781ad9c1e45b0693a7a4c2d8f1852192dc9392b5a3b6f16b5c694c
89582,Cold Fish (Tsumetai nettaigyo),b6cf8ae94b3029a6059696d1b27b790b4bad9c559542caabaab196332be1894f
89586,Phineas and Ferb the Movie: Across the 2nd Dimension,914672b278a9ec4b65ca6e4d2e53f3a76a3c979cb373c8d826c1950cc989b869
89678,Northanger Abbey,9835e38ac43d3ce7739c4d2536d23b2d4d1624e8f35d08b6e4d1324ea5a1ccdb
89745,"Avengers, The",8181ce10057d73fb7a8a90a73a77c4ad0dc02b6ac13f3837865c4fc2fd1d9bb1
89753,Tinker Tailor Soldier Spy,94d09943cf2de42f706937140d96599b7b5acae532f596390e0ce6d663672962
89759,"Separation, A (Jodaeiye Nader az Simin)",8fdbe8007024cbfd859336496f4c70b973f268e7cb8d8f5c9654306b782bc898
89761,"Dangerous Method, A",993df9f866d8868ad523d7028a4d984dd926a9321b5571fd60fe2eda1f40d921
89774,Warrior,c13a73a83cc70fd64b8ed1056739a67db04e3bd09e133c2736ed916c3b287930
89804,"Ides of March, The",cd5af8b835c797c7d3e8870e2e38cc7e8e668c71e08c29b1f42b49950b23e598
89837,Kill List,fe31f22952fed9d22d0f54a5d270b2682385c78f6d988030b478bc568b475fa9
89840,Killer Elite,8794f4a2ba6bef690f85959658321a69b385313eaf7ede5044509800f0afe2bf
89862,Bellflower,ae8dd4a4d7b5b1372040dad92c5b6bda950221262fedce269878a5d212ef4bb9
89864,50/50,fbae03ff941656268bd1995d6b422f71dc49b5498ccacae4b3055ba1e324f0a4
89898,Generation P,c80c913364e23b9f4b1c39e64cb1b38de61a9974cc1928c72376337c0f3b5ce7
89904,The Artist,c987cccc345c7138e393c733be759863a6cc24cd8998d99b336636641c6cf68c
89939,Gigi,beaf8c97e0f25369c33de1b6bcd08ee1b5344d3cc682346f99499ba2dc402d09
89945,BlinkyTM,97a9cdb93a13960dcad290f36e46c1c379c63e46d8c6d2d2965c3a5833396e19
90057,Take Shelter,e3669bd9101df6663c99699ad2660989967387e2289ad227490eb7496f696bd2
90243,Three Outlaw Samurai (Sanbiki no samurai),de9ea19f018d4eea4d66d20df5bb4de3fa40b618b1f3bd61f2c08077c4071720
90245,Antonio Gaudí,bcc1d84f4cba96695d3656996aacc2aa87318e31ce1dc3adc3e257053c1c38bd
90249,Real Steel,8922a9746a54568d62c7a4a7b46356714e3aea5b331d9134d26f6b8d3b939d43
90343,Footloose,d189ee036c3e532c31670c7004dc31ef96e38f9b6b9dd2587310f967dc630e51
90345,"Thing, The",d4045a732afb8d8ef1ed74c884160bf76b40d52cd4b338c33d0fc1bdca603c3e
90353,Beautiful Boy,f94954bd05b8ab43ee56663223c5bbc45cb8958dc906c772a63aca75d1e9b409
90357,Tyrannosaur,9a5ebaf935a12504fe1edc381ca58e0ecc3e49e10bf7b65eb65247810f03a137
90374,Martha Marcy May Marlene,b91a4007c934235744eb33db27f73efd335916e3918cca66e98cca43d486ad38
90376,We Need to Talk About Kevin,f4852b5ad3685cb12c9cd301685ff4870bb99cc44e3b4bee7813d06c07a74b7a
90384,Behind Enemy Lines II: Axis of Evil,c56e956e166fc7ef1ec55800c3e46e2178833393f692f0dc02de125b1253f6d2
90403,"Three Musketeers, The",d8198de8362dd23b1f23e0174b564dc278879d938d9178db1bf961a9e04995e9
90405,In Time,d86b9e2a6682e6a2e232d3336123870b699078d832df26759e257c657f62c3da
90428,Margaret,d9f4c10626fb37887e1c327538f15863d78a7d8e89968f376318d2f86471e015
90430,Carnage,eeaa5ad39003a7058354327db14b8b24943cd26a6a5264bb6ef5d0ea28fd6dec
90439,Margin Call,c7f2e7f6a2f780f56b046f1c7f1d584170c351851f8c195a394018411ad736ff
90469,Paranormal Activity 3,f360ff630f93058c009d801f7c22ff60ffe06bfd855f201f000713807fe07cfb
90471,Puncture,91901c2f98b449775ec665e03c4fc7d02d4bb2946d6b961665633b2f61f0db07
90522,Johnny English Reborn,dcfcf8f0cea9cf252837c21fd8f81ffe01f9772093401fc00d8c8dc79d8bc090
90524,Abduction,b30cd34c41db0d991e4708662e73a6716beccddf56b223dc31897c80a1df7b22
90528,This Must Be the Place,cecc4e6e33b331f338f0874c238ed997ec61ce70ec598c673266b309119ea913
90531,Shame,b115cd7f6ce0710563ffeba0962b98358ce451c2651e673a571aa26a4ac24dd7
90576,What's Your Number?,bf811f1ec04740e1609fb7411f704bfe9ce0b011631fc087e44e3fcf9f380ff0
90600,Headhunters (Hodejegerne),b71ce028b9795e3f1cb061892f29ae71f4d6d4e74a8c9f589d3289a44b8c7187
90603,Batman: Year One,e00e57cdc150b6befd685ed48127bc521bb50dda2f52e1f8e00b6b114af94b13
90630,Miss Representation,bfeccdc6c642333fc99bdc0037f0099f3744a6e6c87fc241c131e19bc30cf01e
90717,Tower Heist,fea2a1cdc33c5e32b0cd61f290cc92cc0d3c4c036e1287ffff00c0cd8beffe80
90719,J. Edgar,9933613b26ed3ecc67269cdddb19942763cebd31298cc4792da2c95814c5b790
90738,"Double, The",91f9b39bcd6cc60e540a3c37bbb561c04be137d49f87b1e1c50378240c65997b
90746,"Adventures of Tintin, The",c417cd3e13fa0bc36a01f42c943e31de6bc0c2736d7cd47cc583698926397679
90769,Starsuckers,805c5d8e0ed7f8092d71d7e97e94b806c17e15acde802a515f73c3fb35a88e05
90809,Tomboy,f44e3b9997b3ce76e1c0d1a3ae3545d801fffe093e1211af025a3c4451ab2cdc
90866,Hugo,d76c6eda852c80173d97b1d796fbc96d304d872c63963692e3589c216d63312c
90888,Immortals,ff70412a39e739c144712650fe80da1c2f3d842b68adb0577e8a9ff04b7f816a
90890,Jack and Jill,f727bb13b7322a031196d62e389d6919c1ae1cdd389c702e4d9d1b0e14ed3ccd
90943,Into the Abyss,fd78bc2802978a557c7055bac78a28b53975de6d4688fd9ad5553257a2312aa8
91077,"Descendants, The",94d7b77c6d9b70ae0bba48c8027443d5bc449f7710e91c1e95c3a1b069aea9b3
91079,Like Crazy,ec3ce27895ea9387cb916874c95a9db69ca39c95c2d1f3d833492e0d310cd566
91094,"Muppets, The",a2a5eaa9fc61adc7f194379e8626d36a986ac46281bfb854987cf1495f896425
91104,"Twilight Saga: Breaking Dawn - Part 1, The",f265593f0671999a499b2cc48ef61662b31c9113ad84cc60ed3d66ebe0c7e0eb
91126,War Horse,f889a3760555de892b9761787c46118be2f3cec7580f43380fb878e363e7098e
91128,"Rum Diary, The",c88248022590a445f02d5b6adf4d7ebb43d2433eed55a0d1946ba94d97ddf2de
91233,Lifted,e29ca9b2a5cedc3718e3768d354c310f46f29e4b8af91d48e8ae63d49213991b
91261,Hipsters (Stilyagi),9c60830c8b9e7658327008896c391d7391ae59ef2727600309cf3f5ffe1f5e8f
91266,Another Cinderella Story,e4989319c6662cec313bc6960cccb963d633a9c9e5ccf6309b6b3b8c3196e662
91273,Bunraku,90c07131c06a112bd754338a6f719edf367d6db7c48c9fa425a40f6635923e67
91323,"Sitter, The",edbbb46412d3c3c0c93b9e4c2cbe94b033f1324b914ed71bcd3ccc3936b26426
91325,Extremely Loud and Incredibly Close,81a9758167d4ce5dae4a26d6d8529833293b293cf7e4f383f885352db51cb50a
91337,Play the Game,8de8d3ff1fdc6d40de322941671ab88061dbdf8e902047570472f2ba4dba322f
91353,Asterix in America (a.k.a Asterix Conquers America) (Astérix et les Indiens),c1c570e316ba8efd2f61700a60436d023f7d3e6b6b16eb9639c2cf1c89149da5
91355,Asterix and the Vikings (Astérix et les Vikings),9a1fff35c5f0c0ce3c0d45db5bf29f04e40b860f29ff70ab46a5885a76805b24
91386,Happy Feet Two,f447d29c0db82b8283c25e637d1cad7b2bc603d9d0b3372c1d66a84d23da7c36
91414,Arthur Christmas,bd9d5333e442b4e893350cdca66258fb199c2f5124bf7e6e086cb193ef009317
91470,Violet & Daisy,f5d1fe904a6f082f35ee87d12a1914265fb952c2a53ec3dd6df41f2d10e32700
91483,Bullet to the Head,9ca8dc5530777ae3e3d4632e87710499568a3a95559adf665a5e901e42369cda
91485,"Expendables 2, The",d299ca39c923c082223c0b2c3dc53cd7d57e7f09df1161362aebbeb407741be1
91488,"Snowman, The",d3333acca58747341a69bb76e58686bfdc62603b338d4b847e39527d0dc43189
91500,The Hunger Games,a19ce09f3ba5b9414f7f2752af0c58ace0d3e20f550469995af8d8dc299706ec
91529,"Dark Knight Rises, The",c62496673d9b699961dce3325b231b6e38d8c4c8e62c723513b3369bdc9478a6
91535,"Bourne Legacy, The",9938b9320b575374f4a8c52a3b6ed2584d19654765513f56eb46f45b86d225d4
91542,Sherlock Holmes: A Game of Shadows,c13e372a2603caf338fccccc4f03323b6879998471eccf16c7870c709c7e6d39
91571,Coriolanus,87c287da129f538fe18682d68e56c5a77bb47a301869184ffc4761a74ba56ba1
91622,Young Adult,90ea3d936e01e16e276c9661731fc3985a21cd0fcdea5c805aafe95a29e9e4aa
91628,New Year's Eve,8556af576b6dd191119ce94452ed70532db612edd5092dde3863c6223dd3d04b
91630,Mission: Impossible - Ghost Protocol,f22cba169117856d2dd1fde144ea6bc9f70cc21e3b14662c93f9256160f39167
91653,We Bought a Zoo,b1b3c87c4e6c67a61193b4990c7c4b6751c2b559eb7ec686148624b40398ffcf
91658,"Girl with the Dragon Tattoo, The",faaabaa80d514557ea058164d5f97c1a879a97f1392593ba96ba7c1168176b8c
91660,"Darkest Hour, The",81f65e2786f01e3d6f01f4702931ccd09e5c32cc6dcef8ab4d6095e2923f4ac7
91666,Last Holiday,bf01c2fd34330fcaf00cc5ca9e46f8150f9472762e53797dc3d2263512c94db6
91671,Alvin and the Chipmunks: Chipwrecked,80d3ee062d2df1d9de0aa1b07da65bb3d3a6933e30f19a51925c9c721f0b38c9
91688,Salvation Boulevard,9ad04e66452db1b94f92c9527867a66db7e90d18251e3ec74bcbf8699c3c2605
91690,Friends with Kids,eb8bda7ce8142746b57a1e98904bf581569981eb52a5d43db4d44d92e94f3b28
91784,Girl Walks Into a Bar,84ef9254c3141deb547a729e0a65256cead4243dd56af87333966e8e2e8d62e8
91842,Contraband,a050b40b3eba94d085f463fe69abdd0efc006b696bacc050c27d4abf0add97c5
91860,"Way South, The (De weg naar het zuiden)",aa9a96253669d22993d4359ae52507ef795ec0ba85a2ed262a4d3dd86db28b64
91869,Being Elmo: A Puppeteer's Journey,d1e6c2183f3538ce4387273858c7a570cb1eb4a5eb42d0f12f1e50e32d5e53f8
91873,Joyful Noise,cc6cf1cf31938e14136931abec367c572e518384d18cc63fcc6f707a231c2b97
91890,"Iron Lady, The",99cd98e4663364934c663b693319371c31b1c71e66e6c6f2d311d31939c93ce6
91935,Albatross,da982d75e0820ffac166f20c9ff1c25fa70bd3f29c7bd121a4b0dc2b952170ac
91947,"Revenant, The",a9dca9da172317607233ba9c1ecc45532464e8ec6b1393390f8d0676f2e4f68f
91974,Underworld: Awakening,fe06d484e87f27782211373a7b86adcf12c00a5b3035283f4d9dca94d7aa73d5
91976,"Grey, The",ea219554bffa6ea91114466b7e2db11826cb5aed99dee0198a9335e675a65811
91978,Man on a Ledge,94429c10389063c7c7671cf37ead5a24b874c3fc3b2e1aaf652f6fe34a09d09c
91981,Sacrifice (Zhao shi gu er),beccb74566adc89c8c00402c68d478f760713ec42f56837f9f8ddc97c13b7c09
92008,Haywire,9dc9bd686722dda979d98b4716a664b78a1732b4668d4add129642e408fc13dd
92046,Contact High,84d09cf5c837159227d4ba4d314b771a5e8654af91abe23a3335d1e470ed636a
92048,"Whistleblower, The",fabab111c74946a32c758c66e2c3c6cc960669ed9d307bb1f309971af3511635
92094,Einstein and Eddington,9be5190f6fd9e59b641267b4261ae692cef206616f19e1b9498899669a67ba48
92192,Apollo 18,8e7338fe718f86010f71db863389647fe05cc83bd0f671cc0f188e3339c6938e
92198,Seeking Justice,854ba6e44d71189a32ccd09337b49f37c4693ee7f14e6a9c8d70c9b16b372642
92234,Red Tails,8ad2d90d742867a52ec71d53b0b2016b5ae879d8118b5f16eae807ebaf5fc0b4
92243,"Flowers of War, The (Jin líng shí san chai)",c22dfb3015a21d1a36dbd6cd4caccd434b5f26f287306d343f0d968738973e42
92259,Intouchables,bead91dac3514e24341aa0f31bec648aa587837c5a03bcedc57a1bc36a3fc42e
92264,One for the Money,ee40e4a6335bd8d049b49d4b99b5686499b1333731b4933136e593369333764f
92309,"Innkeepers, The",89046e4f34fa23b0d73dcc0558f7646e850e712b901b3d7f84a63646978de39d
92348,Puss in Boots (Nagagutsu o haita neko),bfa88003599effd26646983fa5e48f515ed87604303c5cec673aef146219b398
92391,Grave Encounters,934ed24b936fe5e46ce93d24798c1e569f061696a7c2668331f171691f2a8d4a
92420,Chronicle,874982895a966bb22521ecccceca92ac1bb531337e53c65b6ecf29853912fdb2
92422,"Woman in Black, The",bcbd5b6b0d942280798dbc1a6a0160e71bffce626c33063db791f59a0b5c2365
92427,Woman in Love (Rubbeldiekatz),e86ea539d2639c6c969bd3c6ad1c638283111c2edb17db427d8e6849d31a9e39
92439,"Art of Getting By, The",9486b0c711d15b3c6f181ea366b74b1c9b4770c374f983341b077cd9d2b9635a
92494,Dylan Moran: Monster,ad611d54a6dee7aa12119aff4aefd10810ca36efe115613417ef96b94808afca
92507,Safe House,9e58b330b333ce6948e364c3e66975f63dde9272911621378331e1927472d9d8
92509,"Vow, The",d4c739ad9a5a956ef19364e50c754d3b9b973261a4e4cc82b4b127618ec69f18
92535,Louis C.K.: Live at the Beacon Theater,8c01fc8036fe837d73fee446cc118fb80bb88ddb7864f48ee945b71073883b64
92637,Pitfall (Otoshiana),e93199a214def4ed6722c3f578a81f0a25ed84f37a1e1b0d9364300ebe934fb0
92643,Monsieur Lazhar,c95de5aa972aa3491c97329756b58e95529692b6674ab14cc92a64e9656d6b34
92665,"For a Good Time, Call...",a7933ee38b69cbdaccb0749db24fb07c99989065b427dc138c4962cd46678b26
92674,Janie Jones,9ccc4c672ccc3266338c6731933be339389b6f413813ef8c926ba5e6938c2ce7
92681,Journey 2: The Mysterious Island,e6819179ed6e660706933bca3dded6395a31dee72096a9186ca938692f2461b3
92694,Perfect Sense,f69c971a0c997ccc4f26c36533332393c1c418e6b8c33cd96cf387592af22d33
92730,Rollo and the Woods Sprite (Rölli ja metsänhenki),d780ff3e8ce0c4857b1e5bd02c62df0c998368d6a3bc29071e4361f998e62d8f
92760,"Atomic Brain, The",aefdc494c4cb374bd022cde88fcb3a103b35c9b73b07d81185bd4dc0fc0234be
92938,Ghost Rider: Spirit of Vengeance,c0b73f4540e65a986fc935a36879c31f07e2da793d267c253099c26227d939b6
92954,Prayers for Bobby,fdcd110027e5ac482b72a657385a43f29a8a4b494cedd3a867633cc6a5b4de67
93022,Miss Nobody,db2c1b29b099e58366663af694dce40c2b133d132ded5368d3b86c993ce69866
93114,Ro.Go.Pa.G.,aeecd2cc95196ef29b53998dc2e4ec63c153f09312e74da5c16cb312ce594718
93134,"Women on the 6th Floor, The (Les Femmes du 6ème Étage)",b67f4c35116d43b1f8a1b9246e98465209c1c7cab339b639f8ad70d7449361ed
93139,Mega Shark vs. Crocosaurus,96bc41f024769c767d9539082e4306a779e13b4a863755add978c097d3b40ebd
93193,Red Hill,ac37ac6c93c6132656767e4daf38093a31ed76a76e56a9ce0a4e16a9b0a97a10
93208,Mickey's The Prince and the Pauper,93b1c832684e07ed56ad394f6c5a56f3ca877dab705c66845a0334fb2915ef04
93242,Gone,efc4e43b71f961c2612793ade280972b8d214eb53c4f4eb7844f19a5e8cc96c4
93270,Project X,963034af658fef20ccf2491f7a28950235c7e6b8919831cf6e21f3d0f51f4ab1
93272,Dr. Seuss' The Lorax,c3c20ffa6837b025133d9fa093cf27e8680c681d3db3c3929b5eb1e266a1636d
93287,"Big Year, The",9d6feb9991953662698cccf4ce73c658e32ddb4725b08393927f858c30934e42
93297,Act of Valor,83b1a1a9444e164e3bb11fb34e4ef64cdab029b720f789daf9e89629060fa6f4
93320,Trailer Park Boys,e66eaed799b117ea13d60495a152e12585259504d192d956227526eb2ceb7eaf
93326,This Means War,af30b4cf833e6af7cf18302f30c9d8f4c912d46c8d41599ccc32b365276f0f31
93363,John Carter,9e605194411d3fe314e8391d6a5f05bafb43ae6c3dba79130eec593c7314a4c6
93443,Goon,bf22ca5fe99480aad03b952184fe9fc268d33b357444e49ed18d3fcd7a91421c
93502,"Ledge, The",85bd26c67b1ee11c3c4391a15a51787861e1a7c3bf1f1e5bc5e1e1b4d18a462b
93510,21 Jump Street,fcbbf32e535214f72b2d2bd32d5d6869c0e295bc13ac49994ac648ca66622763
93512,"Jeff, Who Lives at Home",913be9b3efc37127b043e06b0fb21b939a1d6a60e329629b6aa4925037d6b51d
93563,Lockout,c42facc7018b0200263175f837c0b6e672b4d3de68338a963f1ff05b9f4e2ef1
93598,"Snowtown (Snowtown Murders, The)",8045e2617bba1bbe01bdc045c0d48d3a7f9a7b8b6265a075a2767b9adb0b7287
93610,Space Battleship Yamato,872aaa61a9c79d0a52f143bfdc3a58e263d69b7950db46943d29c567360495ea
93721,Jiro Dreams of Sushi,ee90437a916f71cd04235bdd7ad64db27ac94f19852630c6dbb84e39e0c59543
93723,Damsels in Distress,c12f9da26ad3612f1fc0e2d4b5201ec8601695ab730bec5f3ca762499c727cf6
93740,Salmon Fishing in the Yemen,edbbf3164e79936ad181a591e96c36e572566ccb8689689c9143f02e0df1c718
93766,Wrath of the Titans,c319c132916e0ccf2ecd6ec14239473a37b23972b18e8f4c36f6c4617e228f77
93790,Detachment,f123d3950f58a82e31e49f53ee2e628c19f17e6722ae0988dc734e7a828cfaaa
93805,Iron Sky,8467cef366f7b6e679878d840ba1d24c840f29b981deb09ee1be1b16b2ace441
93819,Absentia,a11e70eb962c5e2303cfee1d39b002cd6613e90e1ef278998d6636bed8e10dda
93831,American Reunion (American Pie 4),bbd6ebb9d0ec3652c025a1f5dd80d002a65f5dc81b322f6d34da52168b692d73
93838,The Raid: Redemption,c12789e41d99269c5a52d8da7fc8432b692dc573f5e47e8482330ed68fdae849
93840,"Cabin in the Woods, The",ef51734392bc909d6c5b0f64cfc668d56c1d866f656a1bc19605361c399cc9b1
93855,God Bless America,e0ab9ec40d37e2bc3271e9396d54562713445153ee998c8d9dea5b069a91fce8
93980,"Three Stooges, The",c9e199e39bce3e5d3efdcc95e592a410ae1cb4348064e167f147458d353549e4
93982,"Raven, The",c63369463d8c4b73c672958c79cf96b16372960cdbcc3993e6b1684c962c61d3
94011,"Big Bang, The",ef78881d4255bd8a1a847e427c6ba47735c7e7f1815e8ba31809783be5700fd4
94015,Mirror Mirror,cf0d4d784a83f2c3d246bf2da4b0b85aec7bb69579651838ed0ea30f09690f61
94018,Battleship,8372b1920d8e273cf7369cae2ce82a423f65fd277c87129d12f121e3e1e26738
94070,"Best Exotic Marigold Hotel, The",9ff51a0a64c5f1902e2f59dda6920d6d5292a5ab925571bcdc1bafe70288c972
94122,Comic-Con Episode IV: A Fan's Hope,8f268fc36191bc287f1ca15e387d60b046c802a6b92758d93ce789eb13ecd6bb
94130,Bully,d411ef5441ee906a1abac7916e7ed84633ab343b2efac2c42bb48b2b3ac988ec
94150,Hysteria,e8f3f56391f60cb4964c12dccf09d2cc87364d8360c7af647c198272df78b033
94160,Dante's Inferno: An Animated Epic,84d36b0fcc9e70f35ad025bd4f2485d8b2d2b30569339694e8791ee649acf2cc
94262,"Atomic Submarine, The",bebfc5daeb401bc608fd7f283725702ac3923fa73ce1d254c13a3c88b0d10ad5
94266,"Five-Year Engagement, The",9ee7f1c247289e757152cc2934f5c38ef6109c712e2b63d86b862520a25379ef
94323,Think Like a Man,8ea689cd3decd683d0cff637d7351d1a2613443ea715a26bfe50401b01ae29a7
94325,"Lucky One, The",dc91c8cc6c4cccced66ce9626ea6a6ffc493d124e716cc92c368d652e0bdc941
94405,Safe,9119ebb443cdc06d1bcc2db43d12704bda6333e980b427dbddc43a85183f7e93
94478,Dark Shadows,adcaece21035533e71cb808dacbca678df40cd8f38bf127023f0734bcd0f5c94
94494,96 Minutes (2011),9569274d2bd4d4952db65a665a9b4bbbc328495bcd4c99627ac5d2a81e34a52e
94503,"Decoy Bride, The",e1aebfa9de6bd4673f58655808971a5332472ea4ea24a0b167d89b9e13e8f048
94661,Rocket Singh: Salesman of the Year,b62f81da6e01d43e89d49e263c54c671677932b9d18af98d36762561d661661b
94677,"Dictator, The",fa555ffd27a02bf5f03a74cc64828f61d219adccd1c43e6778722d964892b601
94735,Walking with Monsters,92a66d5344b93be4333387cf0ecc70318153cef4e6284b9978f33627999c9a99
94777,Men in Black III (M.III.B.) (M.I.B.³),9f67e99905965a67649914a04aa5b45f69889f90fa67b95b29915fa46a572558
94780,Snow White and the Huntsman,a15f8f4916b14fe37fa6bc0f628c528d61f2bcfeb50794378a70975a96409221
94799,Sound of My Voice,d79a69198e6518f279ae638c26e93659269a7bb4d364974f266c64344f379160
94810,Eva,e31c432e8bb31ccf2c6ccac6946b687c319c930a733125ad94d2ca73e76b3c9c
94833,"Pirates! Band of Misfits, The",e16942fe89903dfb5044c31146eeeb06798728dc6e91d6643b6052bb86bbbd8b
94864,Prometheus,b4d9d8b9090538034999a89db8da53c12f3d98c807bc4fbd1a5b47b5f8d694ea
94867,"Pact, The",cc8ecc919bb31333322c74ce64dd8dc30c91c932933e637499c6cccc6c5f84fb
94896,Bernie,87bd9a4fe58a69503f961eb5c2c9446b787615a49fd08bc0cc657895709f5619
94919,Inhale,b15987a20eceb87f7d3083c3f24d0cbe23f334a93d00e36f493da192f2c97d40
94931,Take This Waltz,e296694352c1fe9954aa25adba412a5e9dd600c5ed39d03bdacabe09d2d52fa1
94953,Wanderlust,b6b399c4cb4c241f1bc07361e5b60cfe169dc3d0616ffe834938d4ef22c0893b
94959,Moonrise Kingdom,87a3d85c57ad89f6501dffa720505cefaf165029af56f1a90a460db9f2470c70
94985,Get the Gringo,c96fc4ba90053b6d33f2540aee4634fa0c9bcaa534b6cb9135dbb16dcb46d04a
95004,Superman/Doomsday (2007),c478139e7cc36d6e4b1496b92e837ac7627ce71a85ad9c6990ded22427d96d02
95067,"Thousand Words, A",953ab78a7d885d593857a067216b07ee97faf78af644570156c5765ca16982c0
95088,Safety Not Guaranteed,8dfbd9faa6259284a202cd103060c3ae327f4dcb5f5358e5fa25e23465b7879a
95105,Madagascar 3: Europe's Most Wanted,924cefb938d23e672febcd9d3bad93d842eb4266c43d140ae48718d6f1404798
95135,Your Sister's Sister,f0c6ae19ef395e47124241bcaf8d3e437466039fc391ac60bc7e3bc312e4e538
95145,Dragon Ball: The Curse Of The Blood Rubies (Doragon bôru: Shenron no densetsu),a9b342e4da561596ec0d4711da70786d23b8ee5b1cefab123368d0cd2dc29c7c
95147,Dragon Ball: Sleeping Princess in Devil's Castle (Doragon bôru: Majinjô no nemuri hime),976352a66d8d87099a2b39d4c4b22c213aded90f8769c636339b93624b0fe36d
95149,Superman/Batman: Public Enemies,d21d04028c10f3392ffa93f6196256ad62fea32a246a9fcc3e3c51e623f26cdb
95163,Dragon Ball: Mystical Adventure (Doragon bôru: Makafushigi dai bôken),83255a0d6cd925b2268758499d692f1ef2d46e878c7a31fa330fce592874f3c6
95165,Dragon Ball Z the Movie: The World's Strongest (a.k.a. Dragon Ball Z: The Strongest Guy in The World) (Doragon bôru Z: Kono yo de ichiban tsuyoi yatsu),fe2b070ca54d9f9359e07845359065b94ab2cf64945d336a7da6844d672ab49e
95167,Brave,f598d3725b6e2d8c62b53271d9db259c0efc74e52d02929ae10e2e66ccd82a78
95170,Beauty and the Beast: The Enchanted Christmas,b8d1032fe6e92dd012269494a35bd26f24b57925529abdec2b239f38c4d571b3
95175,Front of the Class,dd2ba78ca4f4787361cc9cec7633bc1d19c483c18e21d42ea83ec7fc85f4b103
95182,Dragon Ball Z the Movie: The Tree of Might (Doragon bôru Z 3: Chikyû marugoto chô kessen),a9b309900c591e569356b9b9bdd921e3531bef2c96c134d66325d62d70fa3968
95193,Pocahontas II: Journey to a New World (1998),8ee8f0760ba381a32c5c56ae935cb1e0ed869491cf4c6c60b4727b4b53933deb
95199,What to Expect When You're Expecting,efead23549cac8348154273ff18234cf9e4049bb3675698fda031eeca513617a
95201,To Rome with Love,f738d3a62c4088c79ef755d9bd17b71831bb9e6c6080ce3742213daecd6c5980
95207,Abraham Lincoln: Vampire Hunter,d4d9dcd959a769b647920e49b44d869463677367263446ce6ccfc49173319926
95218,First Position,ce6cdb2939d3a49b670c897e4c8926493337ad924ccdb1842732c8dd2dc4f736
95307,Rock of Ages,ad43a85712fc04b87d497b676326c4b850a83b270ec954de3f573b572b542ad8
95309,Seeking a Friend for the End of the World,938f0b004c38f79721d6876cdb59a1bb3a875866831d17ca68ce08ed6be364e7
95311,Presto,90ff452f6c17979093e0b1603e906e960ba39861ec3d661de3d94d638f29d6c5
95313,Jack-Jack Attack,9f1360e6257e9389d8446d36b6f9ce405a2f25fc66d092222d3b23ec6cd29787
95377,One Man Band,8effcc1093451f017807097fd42e62ef8e521c9e34e96c05adde63c3433e39f0
95441,Ted,bc8ec2f1e383b90f13726fdcde70602dc3871793dc1c6878ca9707619586995a
95449,Magic Mike,cf0fea4ececd39f36cf1ac75bd138f446744c7712171c675f930cc0498464446
95473,Dragon Ball Z: The Return of Cooler (Doragon bôru Z 6: Gekitotsu! Hyakuoku pawâ no senshi),c604d6802b87010fac180d99a8f7900e8f3aed77afe66a52537ebca55b74570f
95475,Dragon Ball Z: Cooler's Revenge (Doragon bôru Z 5: Tobikkiri no saikyô tai saikyô),89a29bace3e9e113bc56b1d6d0085dabb1fec0aedd912efc4bb0dc800ca594d5
95497,Dragon Ball Z: Super Android 13! (Doragon bôru Z 7: Kyokugen batoru!! San dai sûpâ saiyajin),a44393c6b6e73c5448ec4ca91e99e320b81556d36bb8c98f30dae3bc4977a672
95499,Dragon Ball Z: Broly - The Legendary Super Saiyan (Doragon bôru Z 8: Moetsukiro!! Nessen retsusen-chô gekisen),e8cd89b1ed26c728179392d7325e6c68ade3b14e073890b029c5cbd97c7a9a63
95508,Cleanskin,b49d8b6783d85d2789b200d2bde1703cd3898b60891d36a2bdfb52d2b14b7f0d
95510,"Amazing Spider-Man, The",a086e287c3870f7f0f7dbde9f4e2d08362458a5f3e1c5878b4aa56a285cb0b53
95519,Dragon Ball Z: Bojack Unbound (Doragon bôru Z 9: Ginga girigiri!! Butchigiri no sugoi yatsu),9572429a4fc95aad2aa90d097c37216d998d7002eeda0ecb6947b1bd3d8f988f
95543,Ice Age 4: Continental Drift,b5a9fce20964e3b07c16ddc322e0f1791e3e290e179b6e73356944392f1315cc
95558,Beasts of the Southern Wild,956311165808a57be772dc2d04949fe94396db19aae82387bde92596bb794c72
95583,Savages,83cf74495560fb349eb943a6cf9e78cfc038d8b08c67b512e8410b9c9fd33193
95624,"Firm, The",a6a339b89874670f9054d4635baa4bd86f9933669467e516650d599978fa3e21
95633,Spirit Camp,d50bca8bdf01d08202ab866518c7ff9d8f513d7b274a2d0aad0bcc0f9c3e1aed
95654,Geri's Game,be3bcdc6c960f218e4c62738076d3971c9967cb006cd1f0fc2337e19d9330df0
95690,Some Guy Who Kills People,c92cd4a93a5b9b3a59e7ed4d5a345992c98bc851d3339614d6d2f693f0942782
95720,"Watch, The",c055d9a220d4376b78d31ccc3fabc1157baea4d519216f907e4f0beea1834f4c
95744,2 Days in New York,d05b425fa6ce54918178dca8f2a77bf68f2c969600d49561e7d5092e972d2597
95761,Killer Joe,a14a6d125e81daa560a2cf0a2d50f076d3ed2d951b0fd2e965f09d6a340fdab7
95771,Dragon Ball Z: Broly Second Coming (Doragon bôru Z 10: Kiken na futari! Sûpâ senshi wa nemurenai),a9e6d639761939965c25e5879cd0066d97dcac45035bc77a3825959ccc073f23
95780,Dragon Ball Z: Bio-Broly (Doragon bôru Z 11: Sûpâ senshi gekiha! Katsu no wa ore da),eb6318306494718f83496ed9be3c47f728a1e20ef7026465655f97126ce4d9ec
95796,Anaconda: The Offspring,c64e7b9931b1a54ccacedd93c711b6663c6639b9488bc6ca71ae3c623919c319
95839,"Christmas Carol, A",f1860f380e31f0c71b4e3b0976c3297b99c6f2d2643407b69ada6c4527a7d369
95843,Goodbye Charlie,cba92f956daa7d4b72d2d6926ac16248e41e7b4a89614ca48da76967e85db294
95858,For the Birds,f732391888cde4e157ead3aea11d2c0f5e4757537110887186ebe4f839343a37
95873,Ruby Sparks,cacb3533bd55db6c8edb9924914a46b66ac96132b7252d5a24b59b53b324546a
95875,Total Recall,b5e2b44e0a5ca982fd64cd798793c333c939ad0bbda194bd9f96b588958c10c6
95939,"Angels' Share, The",bb95bb92856ec46c68746e927b9b930f06652f602db0c5a0c0679cf31ed3698b
95949,"Immature, The (Immaturi)",fbad91878476c650f308736a047d1cbdd61e4ae4bb81f5032fce911e797a84e0
95965,Dragon Ball Z: Bardock - The Father of Goku (Doragon bôru Z: Tatta hitori no saishuu kessen - Furiiza ni itonda Z senshi Kakarotto no chichi),b7b11a3439929a1bcae566db523946637cd6c96a9156a3464b199c990367b6b9
96004,Dragon Ball Z: The History of Trunks (Doragon bôru Z: Zetsubô e no hankô!! Nokosareta chô senshi - Gohan to Torankusu),d2c1d8a6ad22265a885fafb196372e4eb739c6b15490144f6b5729fd2b86f2a0
96007,Dragon Ball GT: A Hero's Legacy (Doragon bôru GT: Gokû gaiden! Yûki no akashi wa sû-shin-chû),a296c4f0e46a0617e1fb1b4b2596e0cc9a6503fd713c1fb402ddf49b598277c6
96020,Sidewalls (Medianeras),b3cf8dedcd3032d3914cb148cc91c73e314f3cc363aed98e9a41f4d0e80ed34c
96079,Skyfall,bb43c49cbdbc0843c7cff09ca92156c7659cab38d647299fc3b0b460884f67b2
96084,Hands Over the City (Le mani sulla città),9afe42bfe20114aedb94ee52952a0eb54fd4f968d929b051b2f0671b3b30b832
96110,"Campaign, The",c605bce10abe00433840bf7f36ef0de06de6f1eff0b3a64cb3a55627d0069932
96114,Brake,d108ab9620bf5e0456e4c56f6946b0fc26f985c49f499a1fd0b939b2c327e749
96121,Hope Springs,f9c94601c726bb709b10eb3fc44464cfb55bd0a06cd7c4973d98bd73c0221d6e
96150,"Queen of Versailles, The",d3ccc4b7b472bb4b6d86f2d89ef4cfa564d2196849077446201b893cee4419f3
96281,ParaNorman,9600e912684d94ad6636d7e85a5fc897a4d4270cb3e27a326633c96e39d38df5
96283,Diary of a Wimpy Kid: Dog Days,a6cf9966d91c6791b732b84c04df10eca1346d91df0a0bddb4ee266f1c838758
96373,Broken,fe1bc27ec9e499015f60d691729b3ea68424683d33ed91c03ef39631c89c62d7
96411,6 Days to Air: The Making of South Park,d4b96a500d297d691a95f042bfafa1af3e1e03e35a1707f1b03cb7e1a07aad02
96417,Premium Rush,b9f26d9c4464301f1a13dacbdd18c5c3ff2c00a98faf8df2b3d62ef4100bd02b
96430,"Odd Life of Timothy Green, The",c8ab45aa955a4ab5b46464cab935c4b4349db4554eaab3576cca95799b37464a
96432,Lawless,8aca8b8453b53457247b75aae5b0a750b74499d510aff02e6b83628a3b5e99f5
96448,Piranha 3DD (a.k.a. Piranha DD),b831b86fbfc4308814d09f93fe1ff4f87ed09f871dea0936948c8fed05e50802
96488,Searching for Sugar Man,ca41c16935dcbede5deacaa94af338d2a796c51ce1283e699479e5c4498698c6
96530,Conception,ec5eec7e958593a113a1c7516a7aec5a69ae19859b849e3a86586e79658161a7
96563,Paradise Lost 3: Purgatory,810083116fd37ffe37ac308d3ad73a77dc7a55aac788e209e901c856a8d723b5
96567,"Words, The",f41f94b337fde20118e7d9fc43b0ded04fe2847781cf678ca66f240e9898d030
96588,Pitch Perfect,84c586e5c334139c1efba4f3790e7b063e5b0d3b59b293e36a49f4263e0528ec
96606,Samsara,c444ddad1abaa1546b6a3e4fe091569335ae0c7b4adc97020c7baf55760630ef
96608,Runaway Brain (1995),eef21afb1b6c911da4506404f3237e1bc09ac1ecc37dca4f6385e7a61cd03cb2
96610,Looper,c463db46339c0cdb399b73bcee0bd1b9331a96690c650c46e8e5e319e4e4339a
96616,That's My Boy,b0f184cc4f8f5ba6306c3e71db3261e566ce77ce81891e9476712646c3c591b9
96655,Robot & Frank,8a4af5b540107f6b3df5c012cf29b4ded0adbc5a4294a16f5ad22b743f055a1e
96691,Resident Evil: Retribution,f10d8b69cc92b69ca8e1c1835e08d16d29a7e49bd279c966cc99346c73de3f11
96726,Lola Versus,a4119ecd9b6db5b6fa6309ac3e52e90dd2581d8dc1324e633b998bb3ecc41199
96728,"Master, The",ae25fb595bd28e242c6d68737437f0cd924b1e3ccc3061cbb38581e297888fb9
96737,Dredd,87f18f4619074199698de43b3e72386ff1cd613c4d939e8f926ce260a5261e1f
96811,End of Watch,871dc76ad16bd0d562eec20579b479e2f130133ac666c4401ac3f485bfd916eb
96815,V/H/S,c114c11430e35eb85bac34cb3c4f0d5ed635f2f27c13394a2cdf33369374948f
96821,"Perks of Being a Wallflower, The",d8beafc970140f7a9785e0494af213852c4741ba12ed2fb4fd0952fe8db49743
96829,"Hunt, The (Jagten)",c21ad7c63fa7c00fdbc0991b4e7d98f8b298dec788cf1b2091e370cc67ba81c4
96832,Holy Motors,d4f294073f0539e8e4bc273cde53dacb30a0c7e6cffe333c09105c78702de087
96861,Taken 2,a58e88581cf9f5876a7656766723227b6325169590abc95b9e9349e1d92f30d8
96917,House at the End of the Street,965b252c6da4cd29ca6532deda901a933b6de994c8133ea6c3d6c353cc46d6d2
96935,My Left Eye Sees Ghosts (Ngo joh aan gin diy gwai),956ead800b73227f7c7d670147b069bf6b96c250381d9fc395603cf8d41b438d
96945,Love Lasts Three Years (L'amour dure trois ans),b23c9c349be3c6c3ccce339de3194b2c6c6c367892d191c3c9c89ca49327678f
96964,"Tall Man, The",94c49d6a533973355af6cac62c5a2599a5c8742fd6a5373a390e895f4ac2cac5
96975,LOL,975fa1d5088cdda2b683865dc77cd323b12a0f4ccc85e485acbde839b24393d3
97024,Rust and Bone (De rouille et d'os),feff8767c0005b800dfb265f7340b3c6e0b7c5106d3035ef30e3f005c356cb3a
97168,Marley,9a5966b9d961686633efe724b39969b5f0da22d94ba7c04632b9f1b0c8301ae9
97172,Frankenweenie,e6f6407e19aea45bc25959af281896717e2e0c06eecf9e0f0187eb63a23311f9
97188,Sinister,ce23cf1b21de30a311b0659526cd924ccb638e69669fcc74396c369f2c339b27
97194,"Thing: Terror Takes Shape, The",8372cf7045c970963a74875b6d32e1ab79c931d493e36a6d6a4c95326d991a69
97225,Hotel Transylvania,b5dbd1fe9e3fae077c0308010c0d49e327e2563cc32a83bb39b73c626a622ecd
97230,Side by Side,e040f1af9dbf85338a6e98dc7cb3c50063876287c60c2dbe95cc06719af1b8dd
97285,Take Aim at the Police Van (Sono gosôsha wo nerae: 'Jûsangô taihisen' yori),9904f30362fb969ae3c40e6d942bac45bbacb0dee512816de428cb1a96fcbca7
97304,Argo,b040a43ca73dab391b2cad6e681fb40f0fea52aaed61da1585b3917a1689edd1
97306,Seven Psychopaths,f9e8d797900a2ae915b681535c2f05b66b60ae0f2a9ed5608171dfbad41fa3e0
97328,Liberal Arts,bcc5ce2c6b33b9c6130c6e38ec7343192e4cb1c639b2ecf942053b8cd1d31a7b
97470,Catch .44,c004d27f1e3a9f600de5748a3c7f560d30dbf0d0932529f76b92d9b3256548ee
97643,[REC]³ 3 Génesis,a10725866f284e18c20c3043e696c4a5c067d1f4772346769dfc79fb6f3c8d6f
97665,Asterix & Obelix: God Save Britannia (Astérix et Obélix: Au service de Sa Majesté),f427aa15f1d885cb0ee76ab219cf6c709224711ba2bf54ac3b5093fb60926f86
97701,Paranormal Activity 4,c304e69b3cfb59616788368e987bd15130b66cacc74c37503c9bd92747433e9c
97742,Alex Cross,fc5c808193f63f02781e8df8fc03827e8f4069b68d9394df73c08dedec208ec7
97752,Cloud Atlas,a5eca7324a48f84f50b342cc3b3bf48630caa739393549192eeef2d71b32ecc8
97757,'Hellboy': The Seeds of Creation,d79b7ca12974695872c9b6e76f2c4a163632e33118ca91c667a7cd29b98c461d
97785,Silent Hill: Revelation 3D,9c919cb19c939d93969996fc36322c9e2654c666ccdd64992623933bdccc9635
97836,Here Comes the Boom,b2634bd93f86e6b63c19b161cd1e1a6e2922d54c43fba304c4e4770a2d6c3ce7
97858,Mental,c5493ab5318ed5006e7686cff10030fb2f35d48473de89e5d84b73930cdd7427
97860,Killing Them Softly,900052461bb625f96d5d2efed54dc444d2a291483233c25e3def8e3f2bddd7a0
97866,"Imposter, The",eff0d6ec0207a11390f9c70c0eef5ce2b5f022df5302ae3dc57c3a9414ebe162
97870,"Sessions, The (Surrogate, The)",afbee01185561ffcf0032ffce0006e67c1703c458f07c1f89e0fd1e197d49e07
97904,Smashed,e6389931a6714bf99638391638e2c1e839d7f4034b871ee8e770e21f591e938d
97913,Wreck-It Ralph,a61d5ce619e4331b1823e46d66f439b733292e63c4d2409c3933be63c6de81de
97921,Silver Linings Playbook,f0834b45a805ae95befa2affb4501fa003fe950a15fb5412c3eabc1a37829ebc
97923,Flight,f43384834bcbe82b93fe5e032f0935e4e2e43c3c70fcc7c10f849a2c9e707a3e
97936,Anna Karenina,a35e984658a927f85e52f626e1ac499b1b5b1c624424a56d7e79c39ac196d8b7
97938,Life of Pi,caaa482318f1b8f0b0f258f1117ad868bd25b825b044b74edb4ba75e6b4b87dd
97950,"Man with the Iron Fists, The",bc36a125412557aa0bfa2ad26a1bfac1fc89b41e054fa02ef2beeb2d1f259f04
97988,"Bay, The",c3f2c4cd2c253f09b7b16cf338de72969970dbda30c09324cc8968cb93466f33
98061,Himizu,d474fc3711fe30ca6f23c2ccef18cda1c0b43b33e6d20cc61acf34d8372d90c6
98083,Jackass 3.5,880ffa21177807f64e8fd50a2d30caf936f1b54f5a86c4a6e97c2e99e1a03b45
98122,Indie Game: The Movie,d03d4369b6355fcaadc42f42ef421c82c3cb3431c3e9909cd3a9f2740cefc94d
98124,"Batman: The Dark Knight Returns, Part 1",d9dd22fa9707dc9f20f087776c9e26500e27419c71f9d82627b8f02d2166a7a9
98154,Lincoln,eb6026928b24864ba41f9d3ed44fe58af1a0b2e886b88dbcb3cde6d7c594164d
98160,Nature Calls,9511f59343ee4aed3e5936506586d18f19b9c4bb1f9c1af4c0f24f1b870132e5
98175,Vamps,e56ea6e69cd999983392236de46d4c9e619131149ee69a6dd11bb132d6e14ec8
98203,"Twilight Saga: Breaking Dawn - Part 2, The",94cb20bcfed31f13272c3f634b1c6a5399aeac430553d8dc6afdb56cb6040721
98230,10 Years,8c740fdb720373cc2998de035e9886746b03c9e90786791d31fa8c6478eff3d2
98239,Red Dawn,a311b00e1c2f4e7038c67db9b79913abcf790ae62ef36ce1163a3a1bbb4cc114
98243,Rise of the Guardians,8296aa928eed3c41678569a661923a442b68645d2cd3d6be7dc69eb62de99b25
98279,"Fantastic Fear of Everything, A",cf0d347b18ad08dc6bf26e442ef02d82b533d32730ec641f69b3cc3d34cec343
98296,Deadfall,f6b2a72687e62ec76a60ce39709f71494969e932e98e8a8c92c67a36cf526119
98361,Byzantium,c99907a737e3f13326b97e99640c0ce67a1964b89b3c3e4e249b8b193ee17132
98491,Paperman,8fd0f42a73874bf88a41959761a9625e94569fa0a797682bd2d71fac2729a0d3
98499,"Fearless Hyena, The (Xiao quan guai zhao)",efd16f94910eb10e93cce07b90f91e913479c538c0e791ee3ec7946b816b1a85
98503,Half a Loaf of Kung Fu (Dian zhi gong fu gan chian chan),b34eb34ddb866f3684799c39cb388c9884d366cf944714a668c7a7636e25319c
98585,Hitchcock,9401b47b2d0e4edc6369e81719705b0f1ed625bb0f81fa4042edb4f52d5dd371
98604,From Up on Poppy Hill (Kokuriko-zaka kara),926cbd99f7104e1914e4278ebbdb1265cc3d04f3a307936c34e7e4972f19d84c
98607,Redline,849235942ab5954a4b65704ada52caad35d99f7be8ab3e13872c3d183e6b8d3a
98623,Winners and Sinners (Qi mou miao ji: Wu fu xing),f7ddb286249be4dd4eb14acac13cb30aa32ccb04296d4c3afd0337a16074eaf9
98633,My Lucky Stars (Fuk sing go jiu),b05a07a37d70132bbad26c96e94c712e72b334d89b66ccbac6cd950953b34ad1
98697,"Money Money Money (L'aventure, c'est l'aventure)",eedcc03abb44ad54d53f1eab82ba1ba4d82d6095a6d52d52b56a4de9d9027e10
98799,"Liar's Autobiography: The Untrue Story of Monty Python's Graham Chapman, A",dc57b2a06948955c7ca1894337efcb9c36abcd933b7240bb1b57648aab14346a
98809,"Hobbit: An Unexpected Journey, The",94c2a4cf6b002b390fb056a474bfd056445de15bf9a96fa4f6b0364d1a739d54
98836,Hyde Park on Hudson,86c4ac7c1338d3c1784bd3b3c32d49cc69b6f33384db2e4997c13d190cf31676
98908,How to Make Love to a Woman,cfd1b1a88c37f0ebaa54ddbbef038d3c566f725075bacf85094001fe222332d0
98961,Zero Dark Thirty,c47bb15a2bd04cad3e877c27e97a3b5c0e3cb652d3c9c58c36c4d099253f9032
99005,Fire with Fire,d467b3168c19b4664b914e62927633e11b8e71fd5b0017eb39d7b6204fac0f99
99007,Warm Bodies,eeeb6ce0d114331db11c9383bd0c9c1f95116c99c4473decc340c3e7e1f1c3f1
99030,Wrong,c2b3647bfe98e6b1e17ac101869d8766c7d58ecd26927e32ce0826a1ae1eced0
99087,Playing for Keeps,ceebcba6c90934d10f2ced12f02012ca9ef7a61db1d61869bcd41a6ce58a66f3
99106,"Guilt Trip, The",d48e50712fd58f4af5037b94047a8c7fd3bd93fc78506c100b4b12d757b2c0f8
99112,Jack Reacher,b0fc88cc5d42b53f7a3446d4afc9280f5ec357602c1528154f59f41fc0fad3ea
99114,Django Unchained,aaaea9261151b5b1162a4e6e2cd59ed971db53561265372fb71a2298d89cb5a9
99117,This Is 40,eaab420bbdc57be07a209bad9d4f6aaae0b28d176c95e01b9642f6a1c6882ed6
99122,I Bought a Vampire Motorcycle,d0872f38d23579e3b57c8ed3e7103f0cc8c33c70632dc7c2390c9a1e63f2e42d
99130,Ice Cream Man,e4461d897ed302660111de0525dbe337db6452a9259e8f63bde071398fb819cf
99145,"Impossible, The (Imposible, Lo)",b1c6f3b33d44ec4ecf196c0a473e5c91c2e59c302871386e2f93c6ce9b9d428d
99149,"Misérables, Les",8733335959cecbe6ec902c1e2d31dcad70cc3352ce736f081305969678ded14b
99191,Campfire Tales,c352b3523c170f2f6cad5ccc7dab872389ca6268c25b79cd91a5273bc7349612
99415,Parental Guidance,fea6815aa14172a98e5b6b84943e4a63a1987e26ad516e06f0fd96f0f41ce53b
99437,John Dies at the End,864107fb698cec426e3a931433baf4c4a6776a79e601cd9ec8782663b93c339d
99574,Promised Land,e61064671b9819c71369d2230c34e19c4ef2e7911efb61daf5f736c13b990d38
99636,English Vinglish,d8a9819f079e884338416c660e657e6009d0de75e2901fbf33c7359fb06dd2eb
99638,Fish Story (Fisshu sutôrî),ba153a17ea16ea122e528cf2d8e5d08558cd0edd0eddaafdeb314fb119b14191
99721,Texas Chainsaw 3D,d1ab278f2b834bd7febe94290510c87c3e1f6c14c17e7a483691ccb0393c9e69
99728,Gangster Squad,855860fc7a2f1f01729221facd39d6426e27cda5b4c230df3b4def010493b3eb
99750,"Iceman, The",c145c3227eab3c833dd339dc163c022d8066e06478e27ca0fd997f1edf3ac725
99813,"Batman: The Dark Knight Returns, Part 2",d2001e35e855c5093b265a766ccd17de29ca14373d3627cd7b662c9f8a4fe186
99846,Everything or Nothing: The Untold Story of 007,efe8b21499565dab84456a7f71a99b101cee6de9c25558efe12192142ceec195
99853,Codependent Lesbian Space Alien Seeks Same,99b0fe6176c999ba6a54029d28645e854b99617f82bf4ba226eca33b8b51bea1
99910,"Last Stand, The",8578af93dcb6d66b6a55c52c3c0381d91f4395123f3d2bf63a4a6a0d4a91e4a6
99917,Upstream Color,eb956bc7946a3e14945ab66a8d2d91384cdb946b8c65e49e86da3a63932c99ac
99992,Shadow Dancer,cd57cb3f72b1b4f02cf4420a3f0433e531a37753ca79dcee135e430c0a8a3cc5
100068,Comme un chef,ef5b86f81684ae4785fcb529390b781c87e403e77e177980c3d99e7e79042145
100083,Movie 43,cac9a90bc306dc70bd2f43cdf4f0933bbca45c7d8345249412daabab437cd343
100106,"Pervert's Guide to Ideology, The",a83299c6f74d223909e2cd4252bdba0daf4245f3f8afe7845573382b038a1edb
100159,Sightseers,f0fef0fddf21d602b504293d01bc4bf35663f4429ce786058ee80b284f3ac1e7
100163,Hansel & Gretel: Witch Hunters,e88385445f8a227d56ad1dc2b502c8b883f5d20e777438f3e9c1efaf5e245346
100194,Jim Jefferies: Fully Functional (EPIX),a2dff18093161bbf6939ce60960521ff69e8c6889e44287de1b9d9829e96365d
100226,Why Stop Now,bfaae65508ec7f2b62948475d92025d2b22dc9660dfb7b8ca41b58f5590a2697
100277,Tabu,c455cbc05b2b04316ac238ff2f7c676e9535e5c4f49f9b98ca68c637998018c7
100302,Upside Down,8a91f5a24b6622b3646a0bf5e59a5b4f4e2737933e494a25611db85968346dfa
100304,"Liability, The",c40ab60593d491f2fa65d70d9d0a4c734a724eba34a627d6f395714de50bd86c
100306,Angst,d3b7f03a6c682fc5381a97b6ece5684cdbe51307163e04b36996ea78c101f64c
100326,Stand Up Guys,bfff7108d4c78ff386381c3ef08086d9985372b0e0893c6db724627c8d569963
100383,Side Effects,8553ae572e6cd0a2568278d8393cb5144a9bc2497fae592253cb5adb5a2c7eb8
100390,Identity Thief,c53fffc20a84283f7fe89d6cb8117ec3c6cc642ac81ac6cc66fc88193b8137e8
100397,"ABCs of Death, The",d109db294a770f628d86e4db64d266666e2f8b193af096f91a53c32761949dac
100487,Beautiful Creatures,836cdd9b7ce3234d6214146363e1289e6b519d65f98c6330b5a369c7a64be1b3
100498,"Good Day to Die Hard, A",a68fc7d408e8d81636b3df0d125f2125d7cf69f20248c16173f98b8f3602cbbd
100507,21 and Over,81759ad51aea65a37c91b1fc2dd4844322765ab9f4cf5f44c79a480988bca4f7
100527,Safe Haven,eb83a1d536ea520d19dc4fb34f18cc5c627c9e38925db2279cab6c492d4c61e6
100556,"Act of Killing, The",dd60f384331889f3e03af2309cf6c9dde1393866cd08c3f1b0c17800cff3e5ee
100579,Universal Soldier: Day of Reckoning,8450c578c16a95503315610b398f7eb76e871e9f5e31cea58f74b741e1cc994d
100611,Escape from Planet Earth,c51dc0175a1e3a697bc11d2824384edf35ff72863fa28f18498da4e56c747a35
100714,Before Midnight,f5f9ca66299b11ba4ee174c6826ccd6098957968645fc3ec3c7295a1d99e3889
100737,Snitch,913559ae4fc1baf4b47cd4093bd080517d8aa2496ed26736e72363f2e4171d8e
100810,Dark Skies,9e9de9c275685ebd4b06af1415eb427a9a983d0734fec8296185b507927ba58c
100843,Oh Boy (A Coffee in Berlin),ab402f7f204fb5e0552d088c3cbdc3928f56143b83aee869778db9f5905ae28e
100882,Journey to the West: Conquering the Demons (Daai wa sai you chi Chui mo chun kei),cdf0cf605a7789d337e8e33468c70769e73238aac1447811beabe7c470b0c173
100906,Maniac Cop 2,853217a6792eeb4b2e5ade9a5c8384f347b4972c1b6de1692e5ad0dac1a12d25
101025,Jack the Giant Slayer,ca13c5dc377c362e362a8e1fecb86054bd36453bc5be39a262f46445c95543ca
101070,Wadjda,8de8ffb434de84c0c208b24bcd15c109fc376bbfa21cd034e24a4fe62f682bdd
101072,"Unintentional Kidnapping of Mrs. Elfriede Ott, The (Die Unabsichtliche Entführung der Frau Elfriede Ott)",a97aed786e79cec954e6e0c261879fb71d1e830cc25a70c0c0c42f6a1c75b6ce
101074,"Legend of Sleepy Hollow, The",8b2c3c83b07ac65f5db05c7c4c872fb0216fbfd175c6c003d4b6f169c6812d2d
101076,G.I. Joe: Retaliation,da02c6f3c16681ce75117da32ec92a790bcf7e8b346b456c4ba8191b3696e4f4
101088,Stoker,abfb65ea7a079a17a44061ec8166f665e5115f5ed855d6c9a5047166f0505cd9
101112,Oz the Great and Powerful,f1e5ca9a4e4a9065199306d3576e4910cfdad36f9c31adca61e31df47ce021b1
101142,"Croods, The",d25fc0c6bfa4973d2fd095a934c178af940736711782ccab692791fc2b17c30c
101283,"Incredible Burt Wonderstone, The",cdb693a8b2340f65b02265d754bf067da45b98ebd0770dbb3910552274fa453c
101360,"Call, The",d1bd3f915f50c37f2aa864ca64676c1963003ac7def4d0101f8fdf2cf0504e47
101362,Olympus Has Fallen,9074a0f44d115e0ff60d6cc18be29149697e8d1936a7c8d364f696e1bc694f9e
101415,"First Time, The",a819b560faa6625b81fe0ca7f4614e3a07a0893fb6dafc55796f76b00f001277
101423,Mezzo Forte,f74e758ce7a6794a651269d5f12f43d8829c0db5c365cc414f916a28c05b33b7
101525,"Place Beyond the Pines, The",81e990ed58e7ccf18c335db33af053167e680f2f4814cb36a9b26fd3c493b241
101529,"Brass Teapot, The",e43dd1ad93c23662cd244d8d86966c369d3890d8f1e599609cdf798965c166de
101531,Phil Spector,b592c491404d326c3ee65bc6371fbf3bf8f239e01708fc09b81d03ddce015c1f
101577,"Host, The",a719a324ceed9e693456cc96388d8b698b293734c69366cbe6e4f426f84ac84b
101612,Admission,e4debf499bb2482e930013bb124dfda6cc4de416e0dba1671f221b191d0ffd82
101739,Evil Dead,d9b98b1d079035c03960c3668676c4246dac6d8ac09e9e5ef87b21f16fb7c3a3
101741,Trance,e705b651187a59ae5dae6f91aa51106d51efb684a214877c0c795fe1c61ee0da
101765,"Perfect Plan, A (Plan parfait, Un)",ef5297a110bcda166d0b669d24fc1e4a8ee8e2f4d377c9a76432b2532d8194f0
101864,Oblivion,f18907711e34a99e4d16c727ba4490c96cdb2537b3ec665bcdb0b984724ecce4
101884,Dark Tide,ad01a0737cfe7a90f005f05d730e348b836a5e0c939586a916f3c7b73739ea52
101895,42,dad2b6c5952df1ab6301e55ee05a1b539776c97d2cde27d4cbc4f881b8044e80
101962,Wolf Children (Okami kodomo no ame to yuki),f4d9f299436ede274ccbb19018da65cd630cd6139c712c665a86f3852d599e98
101973,Disconnect,d4383d030ce3f2dcf846638c3790bc0364fe3762c9c6c89d3f3b4d3a95b19253
102007,"Invincible Iron Man, The",bffa4500905d3a3ad98725edc6b91b9bad8cd14aa528c4b0b419816f3a6f4fd1
102025,Yongary: Monster from the Deep,c3fee001231bb380b827c433c3e094f6be91dc72e514c3d39c330ef9b5467b63
102033,Pain & Gain,f8e2fab34e16a6152c9dac1d4515d246f26ec0eca1fee1ca33d037c0e7112f32
102058,Hulk Vs.,b354cd50df4a713f3ebe37e914d0e92e462db41210add316e4d2c5b968831a6d
102066,Resolution,df28dc3b609763d4b1e73c73924c53c14d816a2ceae34ca137d524d1c965736c
102070,Grabbers,8b81cf803c1a281ed3c9827d5d28c2a54ffc1a9227dabff6bf162e24da845cae
102084,Justice League: Doom (2012),c2659515b85c87f46f233eea738a6e3a6aaa79233e0bb2c8878c2dc921c935ae
102088,"Grandmaster, The (Yi dai zong shi)",846a8623adb49d982bc1746ec80e7ac5d99a907a7be3876e5c3c6e4995784f83
102123,This Is the End,d80475b403cdabd29138d4360a8f73c953630dbe56e9e239d4d6ab4d841bd7aa
102125,Iron Man 3,ffcbf3d510393e19079e58ec78e194835a35c35a2fc8ed0b638403e6a47b3813
102165,"English Teacher, The",ef8e708a98719e7da45527a6f1608e6d7265a7b79c154bcb7148718e72928c58
102194,Mud,ec76e73685c199b0737e785a9ec0d6cd12c3b9245998892ff90983e2333d191b
102217,Bill Hicks: Revelations,ec5111abd299ee70150e7364f6760b2ee0f591390ec2e8991edec58158feaf81
102278,Pawn,c986253b34329e942a69b0e425b3634f365dee39d86309848799d93a5fe6764d
102338,Shaolin Temple (Shao Lin si),eeae956eec81a2d18378c12e90f72eccdad52b02e40f78dce53907a09c5e2b5a
102378,Syrup,b986b423c1fbe9d01e2dd39c96981e41e94f686769b2667a36413648e2e6e19e
102407,"Great Gatsby, The",ccceeccae66733313b91599561263066b6198d982993c67634f6cccdcc8d16cb
102445,Star Trek Into Darkness,aaa0555052f31db5bd5f5a8f72b4339aa7e83601de51f07524e280e7280ff68e
102481,"Internship, The",feb90954a926fd0a8df8aa2ff6464c8389b92779458e91803629f24585de73ba
102590,Darkon,c924bfeb16926894e96f15291696eb5a6d6814ad92d4e94a6cbba5a4b26f5a48
102602,Mimino,c136d8ce5a4b63398c332ecc3289332338ce6de365f37e0736c932b4679b6941
102666,Ivan Vasilievich: Back to the Future (Ivan Vasilievich menyaet professiyu),c8c9b5b0923634bc3d0bcb522cd59a2df2826df4e17d680d3c04e78fe2db66d0
102684,Only God Forgives,f1f9071963e3783e3f8e10c4bcc41d4f68731c3cfc200fe5d0fc6700fb18b878
102686,"Hangover Part III, The",9451dc117ea84bfa297a39747264c4cb868f27976bd7e96c5528d36892432a97
102716,"Fast & Furious 6 (Fast and the Furious 6, The)",cb84b860101b39d963acc0263c7b97db7c68e726ccf3271ba7f1622cd6960d96
102720,Epic,91a16a5497e01ae4691b611f360e6b6f3c1b353b4af396d06191c2f9d2f9c8da
102735,Captain America,eaba5ceac061e85793d2b6009d448f7cb50cc732cffa331d623dcd3a6a8170c3
102742,Tie Xi Qu: West of the Tracks (Tiexi qu),e9001eff167de1024ebe78f91997e72038c364ac4fd1e8071fe0178e7301ea1f
102747,"Rink, The",e525d054994a0cfbe41152be5b9e236418db2427d6bb03a44beea946eeec3eaa
102749,Captain America II: Death Too Soon,ebbc1ccee413c11cd1276d539c137c649528b3b6376897c9368eb1cb33e0e294
102760,Down Terrace,ce9e338395e78efcf0407d288c2ac0005bf561e6f1203e9bb35b1a2d8f43f947
102800,Frances Ha,d4c8868123b637cca6c96c32a5a63c3c1e7d67b7a5ba61b9fa073c5c7922012f
102802,"Lords of Salem, The",9041e1514bbedc062b7993b368c5297c7a1739e870aa3ee66cad49cb19b66636
102819,Behind the Candelabra,8d079406527c27e0eec1d059f92ccf95c7ca9b6b9a36ea52ad49b5a45392983b
102823,As I Was Moving Ahead Occasionally I Saw Brief Glimpses of Beauty,ffee2c91f27e31b91c47c3b41d82726841979d98336169b69cc6920f66b13986
102852,With Great Power: The Stan Lee Story,c6c40c65bccb199e7e8ce1d9532667e4c19d3e6ce03597b3690d94b75ad26054
102880,After Earth,bfe8ad41945f9af0da80c87e97f8130f35f87101681e6d04a5c761ae88e8dee5
102903,Now You See Me,bddcbdd8e1532d331d97149d5219624a4e229ceb1db5d4656e34e15229d08bcb
102984,Inhuman Resources (Redd Inc.),e6c5b6cdb40bc1cb1b141f3c4b3443369f388738c7218e738cf348e3cce38c73
102993,"Way, Way Back, The",b313f03abecc4ecd4dd5c0b1b4a2724f4b5f3a1e2aaa2f046280b8c17cdf11bb
103027,Much Ado About Nothing,d0c48fc12feb701f760127f0807ede035f6883de818771a1e9fe92f434782c1f
103042,Man of Steel,b0319033837557e17e03081f3cfcb0e4304757cacba86fb78f565c72b5625a66
103048,"Kings of Summer, The",d08611f17b119b5e387bd63287bcf4a581e369494ae23e16761d9e963de8c161
103075,"Purge, The",9cd69d97092d436973c96adec66667253339b398319298de4ceccc659093b391
103085,Rapture-Palooza,c4eb303b6bc63f0731703cb87a414dc16db6362fb5a0c1b6d2cb334c1b644e97
103107,20 Feet from Stardom (Twenty Feet from Stardom),91b9cbf1a42316632d6be489325ce53832dce306238678c639eb39c7c89f3799
103137,"Bling Ring, The",ad3b18cdd2c0273d9ccdc730c37090c68d866f736c63cd098f2b8ccfcda9c98c
103141,Monsters University,8378da1ff6c607624aa9fc941954708934e915f6e31bf2449c774e1b4a699d33
103171,Schlussmacher,bbcfc138d40121fa4be7bf58c06f94a0bfd3d3c4cc40ee3589df35821e0cc076
103210,Fullmetal Alchemist: The Sacred Star of Milos,d132110c2bf63b73a6410c4a7c39d22ccd7e79a1b1a6b7a6ac3568ecebc40b6e
103219,Maniac,c7347e3030c818ef71c376599724c336cf3a1d8d1dcf36c3b2c113b43b36619c
103221,Not Suitable for Children,c2f5eda00a7c19843d386e19f48ba35338a3da736d33c275370910cddf0d79cc
103228,Pacific Rim,ae8691de55797e6549a6c8936e969611566e88fa3319644639b316be29d9f841
103233,LEGO Batman: The Movie - DC Heroes Unite,90c7513f2c6e31cb329968a60f324e45b5156859b3bc30b1cc775f83d38fb0ea
103235,"Best Offer, The (Migliore offerta, La)",959639196a6dc666b5b23999da890c6e2f52f01394acdb6c78110bdb8d3ab4b6
103245,Adam and Eve (National Lampoon's Adam & Eve),ae3bffbd08cedd40da008242ad2c85be9e94a2358bf1d6ed866031a6e11fe731
103249,World War Z,b268ebf7cf3a94493093b492b1dbc36ccb3e8f5a324172254ecd2f882c3b3c60
103253,Elysium,c536ce663ec9232bee7638f60f09d8193d760d4c65494da057761256959bd6b0
103335,Despicable Me 2,b0f886afc35eaab57c5bc2869d4faa149df760ca75a8e5988104efd1b0245b1a
103339,White House Down,bc81cae3d3bc3f8c2e4de21f1dcad0e2d0b68115b54e924ed33992b173140fda
103341,"World's End, The",ea9fd44319372bbf2440941c4ee13934757e2560b0be77c38b3516327a874b97
103366,Redemption (Hummingbird),914e9ac270c365bc6b34b34e6ec9e499f1433a63c49cc9b439639c4c73f9c25a
103372,"Heat, The",d1640d13d042f964ef1b97ac41c11a53383ddbca07a73b697db2108f0b767f94
103384,"Lone Ranger, The",9eb76b0591c5169ca24e1cea642686604567e95a375ac9402ddeb2d71eb16fb9
103449,Passion,e66cde604d93259ce630cce39b649b38c4db3646c66c6c933993999c3b648667
103483,V/H/S/2,f2e87a9382783d855f87c36e379384685f876078209196bec76a3d8f825c2b87
103502,"Knot, The",accb1a36d33066d91cce4124d2d5f6deb1ce8998da44f667a66b2d1849907727
103539,The Spectacular Now,94d1b761d2b41ace334a14dab75adb3536a5cca50ee5c5da695ab2166107a725
103543,"Lifeguard, The",a28ddb735f06209c9e791797a06c0497de4c21bed8cd0cd96de672793ca67812
103596,Sharknado,e3611b1539a614a20699d25c23631f6e4f3619b2369d63d9ec4fe2658f9a49e6
103602,Craig Ferguson: I'm Here To Help,d04f97c0e816cd9a9049924d912469b66edb66c92ebd6ba42b357a402fff2fa0
103606,Stuck in Love,b4264f87d8d9a2f08730e13ca26e92fde3cddd22c1135cb04c26a14f3be9de26
103609,Class Act,fdeab677c0dd7888913b6ecc36bc1d9bf614cc539125846f226d896a32307a90
103624,Fruitvale Station,f0e92f91025c907a7f83f4241e2ea17b4b0e8706f85097c3b6d67a1e3799d0f8
103655,R.I.P.D.,d44ec06f47e33694600ccb450eb17d1e314af163c0fdf12d3305f2bd66a167e3
103685,"Field in England, A",87f4e6b0b9062649298f3f4bf14cd064d278d5e7f439dc52869084bc86bec3ce
103688,"Conjuring, The",c473861f1bcc6de46d336a583ad039c4397039c89ccd9ceed22fd2266827ce1b
103755,Turbo,d593602c0bd69dcb227cd727f439986678098a5b76f4ce833b668725cb0ef091
103772,"Wolverine, The",d118d1994e6f266f7673f261538dc31c69beb19370c38dac4fb4c9d224492669
103801,Drinking Buddies,8574daa10ff1343cd03f295a7e36b1b442c1a5e1724a7acd398f9763d5c306c9
103810,Red 2,d62bb4a69514881d21f4cb5b20eb6369cf1b31a6cf05f49630e49e1834f2df6b
103819,Coffee Town,b659b619c036416e3f6bdce458b69a583f193d91229be26ec064626bacf41d96
103865,Revenge for Jolly!,a045bf8a43f6383a4e605d49cead39c5e65ef0badd3147e18631a546d48ea2da
103883,2 Guns,a3e3de1b5d2d3242bba48498a147cb4e44f092af277a29635ab786b963caa965
103980,Blue Jasmine,cb2d8e92169529565ca75649a892a5252b2d52d2e94fb5a6a9c56b4bd2b354db
103984,"Great Beauty, The (Grande Bellezza, La)",d10525b52e7a4a48a3df35df5c0ac1a82aa5b655c150a58ade264b25f5fd2ef8
104017,3 dev adam (Three Giant Men) (1973),f20405000ff37d2d529c2f7b54e7525ccc2a31e1290d93fcd7c7a21ff9ea2985
104069,Louis C.K.: Oh My God,aec891123bb8e44b98efe131c6fb68c4c33ecb94e496c6c46336c4e09e43e5ae
104074,Percy Jackson: Sea of Monsters,e189e5311e369b0b2a79f06ef58c268957e6ada0093bc6bf3dae3c19804721cf
104076,"Smurfs 2, The",aac4bed0e3213ec0fc96016bb739c07d999ef01d107d8f28c4fe3c80b42db5e5
104078,Alan Partridge: Alpha Papa,b0d9ff360f24a0cff8d21e34538de1a96c12365690e5e9264b1fb49036ab4b67
104129,Man of Tai Chi,88d5633b10ef66d36f359108de9532f42d9bc7021b3c38cbc6f236a509a74b5c
104141,Batman: Mystery of the Batwoman,c2599d9c56f131e4a78371edfc1807d86b8e6c250c67c1c67330338f8f13bd38
104211,We're the Millers,b316b3334ccc9cec4b836631363d624e3ced611899339c836c72e68d379f34cc
104218,Grown Ups 2,e7ccc43265c5fe7191a79acc1883198c8b39915b6b550871f664c3117f6345ef
104241,Kick-Ass 2,c4776b0267aed2335b21b4db2f6ea1c391574c2e35cc443c92f1a35ca4b88ee5
104243,Riddick,e770e7658207c2528d78b3ee3287dc11a87e34a69d8349f0c6563c0fb999c7d2
104245,Planes,dd1eb58f2e61483432c232f98e385f8765e08834abd504cf9ddd6363b7b220bc
104272,Blackfish,b569c9095296b4f42913566b95abab4cda5614966dee236b6594c2e5d6398c56
104283,"Wind Rises, The (Kaze tachinu)",aacbac591516632c43c3ee043d7d919b4a531b7c3dd8de83022f93756d58a437
104303,Jobs,ab8c538645a625746a793aa9c428ca72b6e7d86ad91ad9978bc5c4f1d8a4372e
104337,Lee Daniels' The Butler,805e80671e283d9961d7c264947b9de76995e199926e2e67d5a6499c7a79d5a0
104339,In a World...,fb6e24990cb3e36e4db370c6f618d92e06ce1b23e0b9e49cbe6a9d83eb088262
104374,About Time,db52bb0536adccba40f6c8495b6953a46fb46cba30eb56c972474af635a43224
104419,Justice League: Crisis on Two Earths,ddc1443c890a6fd3321dd8c62cf04e394f8f71c470f8e626f1c199be966e8749
104457,You're Next,ce0ecb1b99e030e475216c646cbc399239f28671666eb14d66d9c797139bd392
104644,Maria Bamford: The Special Special Special!,febb87bb864d304481547932b9b3e258cf48e5a94eabca93e481b4ad7a62c326
104760,Getaway,907d393749ba1e833f91e1910ec0f2e8246fe46d52661e32e7336f66c1f22978
104780,"Mystery of the Third Planet, The (Tayna tretey planety)",c6265dfb1419a26681f97d09da8625598dfff36a6c0137fc4bebb010e2e66e00
104837,Rage of Honor,b336416a525e158dec3d971b981665f28bc2195526857bb47b2d7e0e32e131f1
104841,Gravity,9b66924d6649b329ccc9d69bb59b694b5a32b494adcc5a5b34b1a91262e654b5
104863,What If,8d0e0f2efe0b394e3d47d78390d660d5e0a76c8e0ca56eb16bf009d8feab9409
104875,"History of Future Folk, The",a4997be1cb663c1eb1f1c74de60c91d01e0e2e6631b3198e263e3c3dc9cdc6c1
104879,Prisoners,936c2531bcf6da4660d35af47e0cc31b877e188966b6e5959af62e588323958c
104906,Austenland,e2dd842337229aee49354d91f6c9b7908a71644e7fcadb11f8908cd3819b7b89
104908,Insidious: Chapter 2,8b003910d414c34d39db977b37d567914fc92d8943f218ec5cba48ae5e7e687a
104913,Rush,c8d1b8531729673e673391a02f5e93fc2a47c2ad4f811e51d1687d67d5066d16
104925,"Family, The",9165e8134c9abec6376781ad3e40d13968db8cf511ab7d1797be4e20e389c4e1
104944,Short Term 12,82fced0a380747e4a37a3c114f26d3f92c5edfa5f848341a8bb5704b5612afa5
105020,Collision Course,ea9fe4e8944c03956f95da1610fad94a25668f0d9c935869d2e493579b16d62d
105037,"To Do List, The",e72ba6d55a4a7b2ce1b4075bd4cba4250f3d73e023465c3c37c044cb7d31d28b
105121,Inescapable,b1aff10a5b4eb7842696ab164a5706cf83a60caeb6ec34a939b3a1302e69af69
105197,Nebraska,c3c6c0c6c8a93ce91fd71e473c5a307a702970bdd385839717903b789b5a9b4b
105211,Enough Said,e9ee65a435fbb2d9b8d1c8c5cab45cea966c857f85145b39954e9980598a9b08
105213,Don Jon,be9ea3ade1c71c38f870de309c2941ce0ff4258f301f3582f2451bf2dc68e03b
105246,Mood Indigo (L'écume des jours),9ebbcf11e14474e6b0529227c46525d993951b378a541f3985116de7974537cb
105254,Crystal Fairy & the Magical Cactus and 2012,dbff4bdd958ae400ad649e2a94a6d04323791e943ad57349cd408e32765a6db6
105325,Bad Milo (Bad Milo!),ceff4aafa5f06ffa3b0fba21102261b8a5c190592674c05669efc761c5c85e26
105351,Runner Runner,82cb86cded2e8b2611b6459b4d15981b9b9365664d660c7d4f750f301f391e3d
105355,Blue Is the Warmest Color (La vie d'Adèle),d05ed7fe2ba02a01bc155586f22eca7e89dae5d5a7233aa252a45b0e7ddb0078
105468,Cloudy with a Chance of Meatballs 2,820e9aaa49f77bddb7c5dfa17f60a15ea1d6ad842780f03f9836250a4788b4a5
105504,Captain Phillips,ce38ce1e01c7b8e14e6394fa33f811fcb99e7389b180ce374cb3877366337006
105540,"All Dogs Christmas Carol, An",9c4443f842d338a70f287846646f67909a5ae93f61678ed3179c633c9b3399e3
105585,Machete Kills (Machete 2),e01f572b94030052d67c21bc2f7e83c17c035e03c6f42a3c8b2cf1f45b5f72df
105593,Filth,9e3eb4ee19e61b416fc14fc11b13c62e64b6e436b33199d069c12bc93ece640e
105653,Escape Plan,c104bd2e46f9c2796e2f82f336c94b0dc27269c7e19092734d2eb09b3cc72d37
105720,"Thief of Paris, The (Le voleur)",bae16ee584563654817ad9135b2be50bc0bcc9e7c593946e9e4dc43394fc94a4
105731,Carrie,c007c38723dc30fc33f8c67c18e7f1e13df33f703e7c3d98782086e68ec039e0
105746,UnHung Hero,e284836e71ac0ab71dd248a7b54ed2c2a094b548c85bb7d9646bb657676aca75
105755,"Counselor, The",aee4dbe7064fea506c378df3dbc08708e12a8cdc93db9209f7009998c8d3b933
105801,Escape From Tomorrow,e79a9861669edf24996731cc78ce9c716613c319d9a626e4cc79864d66c331c5
105835,"Double, The",9ce74d33f9c84e96aad51c69a14a958e463138735786e26d9f5868b49552dcd2
105844,12 Years a Slave,f95a94ad989d2c52c3ed6d02e2638ce726e9cb34c60b393c4f93633de48a3331
105954,All Is Lost,e3594f3a177e2c78a975c3c74a42b9303994184035ffc75a46d038b2a4d77da5
106002,Ender's Game,c4b3932d3a564a5225cb65a56e147a533bce1b0c963097e5c12d34b834dbe5f3
106062,Jackass Presents: Bad Grandpa,851f9dc7196393b16eb8cc3c191c40126ce0bd655b4f9cce6e1e6b38d1c913f1
106072,Thor: The Dark World,a9e48693165abd49610fc0fc3b739f2e6ad2c3de4c1a60f1b7e53a0380f85987
106100,Dallas Buyers Club,e2c5ca371779c5e8988ebfff460880033ae7dc18170ee27479e39597b01cf9c0
106144,"Selfish Giant, The",eb8f9471907a6bedec65b01e1bb996506a0e6ca1a5c61b3bf0946b260f69348e
106330,Last Vegas,ad4fc3b2c2f82c4e33b29b839d0fb43db46dc3f4c3336f4aa242ae49812c91b5
106438,Philomena,c618e6a2b1e3331d7a5d6ae3eaec86aebf829d76d37597c49d84943784828412
106441,"Book Thief, The",f069f6cb9e1fc3f00b77582521a51ab4db82d17a09e878070df4fc00dbd326d3
106487,The Hunger Games: Catching Fire,84498ec57f26732ba35949956db42e529649d62e61a6d2f114599d1c79aee5a6
106489,"Hobbit: The Desolation of Smaug, The",8142847d35c03bacdb1cec1862ed86e2260de383ccf4ac7a327a79bcd8bf8f4c
106491,47 Ronin,e198027802e967cd4e430e93b53b3a063e1636c53dcf185f5a1eccbcd8bcb87a
106540,Delivery Man,9b9bbe304666494759ce02ee26193698aeb5a566e7c2ac2d9d49f808f8fcc01f
106542,Charlie Countryman,c64af6e1c0b54a9d52b19768627cb169b90ec93799926f316a3ab0decec65e10
106594,Red Flag,c29355ec3c86c35b7c20284fd37a643938e6037b7c91326fcfed89b0340fcae8
106648,Guilty of Romance (Koi no tsumi) (2011),8e391187b3474eb88df032a1a75f8d2ef0cb0d3776a22b6dc5918e6b102db798
106696,Frozen,9467431f0bcb3c67d3b02bc83ee4d1f82e63d2d261198c4b919f6669c367949c
106766,Inside Llewyn Davis,f3fadc80b8453b7eec194f2bd8ecd072158be53120f298ce4f310addbe421e84
106782,"Wolf of Wall Street, The",c0ad972e577a20e57740de862b3e3d506ac12385d5deea363c042cca63c95ed7
106785,Homefront,b1188dad1918abd3d6edc2c94debde320a4fb2ef4c93670f1264f01a948f58e4
106839,Mandela: Long Walk to Freedom,b00ee1b18fccbb8ef862899880e7dc3937461871cc1fd8179e3c526749994ee7
106873,Evangelion: 3.0 You Can (Not) Redo,87be85625979a2e7a56635997ae13ee636917e997e019c056a8d5e0de08ec20e
106883,All is Bright,e6f787e7f774ea7ae820e8342806c9479de51f4d4e5916f8469ae488e0c1e870
106889,Tim's Vermeer,ce7bbbbd9906e59232fe6a441e61b73818bbe5d6c185d140986d94645e087d2b
106916,American Hustle,9793c9ed68ecb6132b13786886edc52dd91233e36a2d8c1a95dad2952e3c28e6
106918,"Secret Life of Walter Mitty, The",a6d26a421b93f89a02ed836dc4ddc1f9c34f8d32789333cb6e162c61334de1b9
106920,Her,9b353d39e2ccacd264e2e2450d4be09d8b7c5c6bca350d5af88d27f0760a98b5
106927,RoboGeisha (Robo-geisha),f45a38ce09a54d314f1ab39e93e54f65b8495c70fa512936938675249e2ec9f4
107013,"Christmas Carol, A",dad1f29d653e494325ca3cac9c8d9d831a719273db32c33e612f6ccd60cce09c
107069,Lone Survivor,b5554a074e2a70a793458c54ec12438f36b8bf555bd5c58a48be27783aa53f2d
107141,Saving Mr. Banks,9516871668e178e9736a371a0c9f08b71b149b783ef9f4d3f4d3840eb5881daa
107159,Zatoichi and the Chest of Gold (Zatôichi senryô-kubi) (Zatôichi 6),a830a7cdb4f4da8a12d9ad5b0724d96c8edfa0007f6d9f6fc1cb2075be29490a
107314,Oldboy,b669c9e7690b36d210f66dacd25cd8071903361a3ee88ca1f1977d644d2452ff
107338,Dampfnudelblues,c2c2955e992d6e235cf0cba10f69b59c6686b0db3b04cd6638593e2f91f32a95
107348,Anchorman 2: The Legend Continues,d6e7a199ac98da47a990c8485264725e157af0f2b069e8856f978ecfce0f8c3c
107406,Snowpiercer,d73b287028c6571ce1f8252f5e356bf7142b51bca352323128ba5f187af4a555
107408,Only Old Men Are Going to Battle (V boy idut odni stariki),947d506ca0fec6f9796c8498e5f733387ec361211e9bb1c04b116e984a976bf0
107410,Guest from the Future (Gostya iz buduschego),baff5a0ce18285ffd42c730b82f778f06128610f8ff1df9ce01e24689f210ce3
107412,"Kidnapping, Caucasian Style (Kavkazskaya plennitsa)",c2a6f8383d5996effa22010c2cd59b72b5b803b47a462c1b39b587e0f32ae8cf
107436,Haunter,ee5499501321bcde501b43b90cee666ffb3d9aee8b917919e636bc3099c85403
107447,Wrong Cops,9af9803a6528a1653fe9d58165c6a95fe187e09e7514c48f05be74a083af2dbe
107449,"Muppet Christmas: Letters to Santa, A",c633dcbb785cb10495a3236827de4f5861e8c3349f249ce33c7c5e098b532773
107462,Ninja: Shadow of a Tear,cc7807a5cf43435ae8cae48611b2558ebb656c5a961816e3f85f296a566da735
107565,"Fuck You, Goethe (Fack Ju Göhte)",9c31c0017de86abf97d5cdfa622eb645e1c5646238b35edc254c93476727188b
107630,High School,942ed40ecb56296c96c8cc892d3891d231975ccecc39cebc7168756ed6ce6719
107702,Grudge Match,84408141ce51fb2e25b259bbea2e71909d8cfa409bd4758cfe7219dd6e3ab0eb
107723,Highlander: The Search for Vengeance,80de55e86f31d23dd5c8cc974eb3f256c794aa5c58f391b0c5a8223c617b8f81
107771,Only Lovers Left Alive,c9979ccd3d078936cee836c808193ecfe9a67274c3e772e0324f370d13d0e09b
107846,MacGyver: Trail to Doomsday,d95a05ee35b542971a7afc6c6d63a8d10791709c12c76639490919e966ee06ff
107945,Bad Karma,c24c62533c3c9ca369a679db210ce96857a3f0c3f281c65d5a75bc743c834ecf
107951,Hunting Elephants,bbf681c1c681f6060c3d09bf39567b68de6123f2c08574333d9ec18d7a5ed268
107953,Dragon Ball Z: Battle of Gods,93d012396cc24c9ea00f1bb4d53a64c05aab4fabb55cdf3e6370bae94ac7ac58
107962,Freezer,f0e89738cf4f3622b13260e62fcd6ccd383a3c3732a5628f7b1a3d30ad310cf2
107997,We Are What We Are,96cc49d9e936932697e12e5e4e591ce899b174070ef3e15995300bafecccc9c8
107999,Dragon ball Z 04: Lord Slug,a46d37b8efaa8bd23adcc32d89a4c9c7d2fda34589f068d76411b5887540d2f0
108078,Chinese Puzzle (Casse-tête chinois),ebf7ba8ced1f9552a7504e16d2384f4011a6e4e93feb202590775ad083bc8793
108090,Dragon Ball: The Path to Power (Doragon bôru: Saikyô e no michi),d941927e8ebc8589b41c6d16e0673361d1f30e5f5eacd1983e6aae24a381f46b
108156,Ride Along,9a548dfd535b24450d33da2042b5217e61af939e5f847da0faf9c858ec0b162f
108188,Jack Ryan: Shadow Recruit,f2c69a4c1e7d768d62ab615be15331dbeae952ec35666926293241b86989694d
108190,Divergent,a6c9e6cc4fa4199b39b3b6e172464f242c2ce0d1c77e6e0e8c91387bf299e505
108192,Hotel Chevalier (Part 1 of 'The Darjeeling Limited'),b9411a5b8697e486cb6be969d19c1b9839b01ac76e96c63d392d613bd2d2b0e4
108540,Ernest & Célestine (Ernest et Célestine),f8e1a798831c78e8e416c3eb1be06d174ceba7c4930f247de0cc5a0f982f6c65
108601,Drift,80c0b381da2bd8eee59aac44a675b2931b4f2b6d2eb59cf12e5984cf96646333
108689,"I, Frankenstein",f1b3e939ce4c06760cb484e670e4c16cf16893f19b031b033f87d3a7239783b7
108715,Better Living Through Chemistry,fa38ede7c4c4703ca5e303c156b8f8da1b129e3749fa81d1a5c3333018d5c9cf
108729,Enemy,fbb1ade5c422b63909be22ddb40ad30ec8ce877eb71af8a0133c2d97726160f0
108795,Wonder Woman,f8df073e9d2de8d2e6909140ca54bdba439b3266c16281cde3a52b734ee4932d
108928,"Monuments Men, The",d5522911aa8dced2efd2baaf5409ba76aa7155f0978655210ad6e1e805de54ab
108932,The Lego Movie,9d22bf6c2559a531138e91ce51e142734a9258ad5e2dee527a96bfb5a9052e1b
108945,RoboCop,e5e2f5e2885fcb1d95b119f33b86d10c832daa06c6ce649c6ebce64018d53b8d
108949,"Art of the Steal, The",fdcfa23280107dcf227769d9d52082b345cd932c73dcc7b082b43f176b326a5c
108981,Nymphomaniac: Volume II,cafe39bf40e8049cf023e0882e7df277cf7c9f1a01871824dc10bfdc2c7e0787
109042,Knights of Badassdom,eff04a1dd11731b3947a3c520f85b34f94ccc43ef07cd994842f06eb9ac479b0
109161,Venus in Fur (La Vénus à la fourrure),cc38cccc99e799c7330ee67c6ccc1cc9e719c63938b33386c1ce2c782633c38e
109183,Date and Switch,c51f5608b2e06fdf1f3a30a4cfe79960301887ecc3e5c8170d3ad2a3cad74d3c
109187,"Zero Theorem, The",8a58d0f87c8f2823736236227cf889dd658961a837e5969696c79f320b3b61ed
109191,Winter's Tale,877687cc1d0d933278b878e846e2ccca1e4631c639c7de27698b51fb63d36390
109241,On the Other Side of the Tracks (De l'autre côté du périph),b8b6bdb642c943d9363bd733c52c2dacd9089492cad36c7253ac93cc3cbcc292
109282,GLOW: The Story of the Gorgeous Ladies of Wrestling,950a8cdd6ac73f066b71701837f607b0f2369635e41b938e4aade5423b5ccc1b
109295,Cold Comes the Night,d1a6884f2e5a67b02de1397b9b32d0f5642f4348df90048ce86ff0f127983f87
109313,Chouchou,c773b19026339aee9268bdcdd91554d42c8c6b677a484a9bcaf8321187f7b464
109317,Someone Marry Barry,e2cde73696709a181a6319d98d36658fc79236da9e190e64c9a9fd6799058674
109372,About Last Night,9dc4bd906379996b74eb627e899c09c9ad902b441e33782f998fc6b4e6f1d300
109374,"Grand Budapest Hotel, The",cfeac44536ddc12069563ef8928329de7ba03a97ac5ab5e0c23d2ca1b25692be
109383,"Oversimplification of Her Beauty, An",c07019eab30567311fc79c4ec0f9a7800e3373f067ecf837c5e2860ab43f23b7
109416,Bring It On: Fight to the Finish,9abdfea2e54480414cc373bc130ea734e52599831aeb62dd67781f14543369ef
109483,That Awkward Moment,81f88e131c8771f863781e071df760f8620cd0ddc952372a72bd4afd1f42358f
109487,Interstellar,971e94eb68e3499e97996e5168666b14659964919e68936d9d8a949ab6796ca4
109569,3 Days to Kill,d6ec949b6d42e36614992dfa0b6ee6c9c9126ad81ab69c24e369c19b9532cd6c
109576,Welcome to the Jungle,e0427bbf5b0b44d32ed4984a7ee7e1822d94ad3f782ad0853b9833b1c2437e6c
109578,Non-Stop,e021d0635b142bbe27ae95d1a85c442a56a633579b535fafcd0b2efb32b13950
109596,Wrinkles (Arrugas),ab36f085d4c92d7879161363c6d1508fb72c5fb4e253c1c1c1ec3916d7b068db
109633,"Garden of Words, The (Koto no ha no niwa)",805daaba5756ad8d724497790888d4924776c3cbbcd5976b5b9384dbb24e311a
109673,300: Rise of an Empire,a4088d0d19b710fe42f86745660664f28f696f2f723733dab989d1acdce41ec6
109687,Particle Fever,d0f4f0f42f0b0f4b2b5a30b424bdc70dd3c332d2ce36cf2d1b0e9cf2cc38491d
109723,"Bag Man, The",819683d7325f5cb07e6836a735abc81bae193b35c8d1e4cc43ee194eb41e9e50
109846,Mr. Peabody & Sherman,fe217c8a0168a156685ee07bc07e0fb8c7eaa1bc70bf86689ea986e5e4f07296
109848,Under the Skin,9a406c1065ad9b5d96d69d34796964cba6d4c6ac591253ab672dc6ed664ac1ba
109850,Need for Speed,f33cf1f058738fc447cd482e1d276e31defa208b6b615a61b730a597018bc3e2
109853,Barefoot,a7cd383dfb97b26e0c783fcb02cebfa0c86d65c1767e31932647c990e248c302
109864,Veronica Mars,cceaceee33a63993be119f309d94be1d6c07b50539c5e074e054a416ad4bc32b
109895,Bad Words,81f8ce1655b18d476553b48c06abd0a87edec1b97a4783306966e53aa5b6b52e
109897,Son of God,cbc3fac319e31de96558c34d12879d86edee45631309a99824267337f9a1f688
109941,Puss in Boots: The Three Diablos,bbd9502656582dc76c61ed5891af6f11cb0e21f86c81666e94fb9625e7669129
109968,Why Don't You Play In Hell? (Jigoku de naze warui),9385d3056b776df36ce98c6d9638039759a7faa6b8cc2d4e67235323a1d8009a
109971,Ocho apellidos vascos,91fb5ce72b9d294c9e214ad8b7583e01943ce58269874e1e6154e1ed1d4bc9e7
110102,Captain America: The Winter Soldier,f35270b91cad0f4e6558b0f338ef970c6b26e571557a82173a8dd10149aad5bc
110127,Noah,fc849ccd024bc3522b307ca8f668364e4f1f5db4ec9568e95b620f7aded81324
110130,"Nut Job, The",c4c4cd41133b688c5c63337346853d768e785e8b71af3c364bf821af7c2f0974
110281,King of Comedy (Hei kek ji wong),d0db81323b4435f0c40bcb803cfe97093feb61bc3a13b76c8591deda4d6489a7
110286,13 Sins,c2a2c4a68e341cb7709dbac47b770b177b1c8ff094eb04199eaa637423cd634d
110297,Muppets Most Wanted,a83dfe3d7aa961c105ac9f16f753c74ad854859bc342d626d29b686b0ca530dc
110330,Me and you (io e te),99939a6b30258db3cfa129356d1c4fcc624a2f5262575b168b706a356ad7cecc
110350,Free to Play,fc710fd38bd7f01cd40885a3d528b248c24359522df0e1bd79b78cdb2e5d2b64
110387,"Unknown Known, The",e32df7bd129ab0d6aee6c4523329af1cc88c5ea57552d3b904ca9d16f2b2c241
110501,The Raid 2: Berandal,d934ce6964ccb4963bb19374e44c6ea1c11693653e69d4de6ae699cfd4814833
110541,"Brain Smasher... A Love Story (Bouncer and the Lady, The)",e096e2b09eb59386b97a9968bd4ba1858bdadcd394a9458bd78be69a0418c61f
110553,The Amazing Spider-Man 2,f61a486505c5e79850afa7e14b3535fa2dc10e0d0e161b6bfc23258b379ada3d
110586,Calvary,eca89c38537367c6ac4ff07643a01fe028a96119819fd1c7de677e74c5e07303
110591,Oculus,c8d5b732279966661f3a48e37a9a1aacc8652cb3b15da65d3d18f598463a196c
110603,God's Not Dead,82f388b74d8ce70cf15219d394db948d072567266c7e52d9f3c94fc205b6b51a
110611,Cold in July,ab6ba36e86645c1634d47cd3789a3c2d758dc3c1c2d1ce570e38dd2bde2898a1
110655,Rio 2,933487995a9bc3e465a24aa2564d2593bb79b94c348e59ced9856693071b6b73
110669,"Honest Liar, An",c123c03e3e048359eb4998fd85b7309396d279126330ef655acdead74cda946e
110718,Fading Gigolo,ecc393339d4e4f46aca9d2b5bfc0035e8c39c2b1bcc168ce8d7913345c876e46
110730,Transcendence,b1a4b1954cfe4ee2865b079b5a64386d291819267977a193278676dd60dae766
110746,Hatchet III,d3e0c3c14cd34cf33c3cb90c314e6c9f6cbf6a06c334b578300990f17b9b6f83
110771,"Other Woman, The",b09bcb6cb4650cda4ba1c3643e9bca9365668d4d61e9761bab4135f4c4a631da
110773,"Haunted House 2, A",d02df84c0ad60db77f32637843f83503f426d2dd01c02d482d9b0f7f1e67f632
110781,Mulan II,c6431987393bf6dd06acee7c7916b263c1dcc99386673963b4f835806f04c42e
110826,Brick Mansions,9e63be76803f423f6e016b009b0fa49b188ccde219db9a7fa5e4d8f05c318dc9
110882,Locke,817036ffb54a8d132ee5ad702d1f86500b97bae2ae68498f3471658d6e6a398e
111113,Neighbors,99afe650b6c558f9c5ae924f62523d216bf466b31258c1eec7291e3d26526782
111146,Alpha and Omega 3: The Great Wolf Games,e55e9e706b91e0ee1a2c197836866e005ce2650f2d617fc7b6534b9784b4f0c7
111320,Mom's Night Out,ff9fe029883161d4bcec1d92e107de6fc2e81f4593822bd368424ae8554f4fb8
111360,Lucy,aaa09bb9a544e5463dbdc8621bbcb2e6c6e27e1ce8c74f18694c2ce1e42c35e3
111362,X-Men: Days of Future Past,ec05eaeb0548a5a01ab5983b69724bc6edab9c9d3252bb751fe984564b1c616b
111364,Godzilla,c104c7adc3444b0f0877acf07cf1c183638fa11e39b8db80bbb3a5df379ad41c
111375,Walk of Shame,c4921604b36d4cbe4c80b3f8a77f4865459aa7db19e4e71b76695986c832f4cb
111384,Blue Ruin,d8ac29532f12d4acc0f30e5e3d81c108d0f63b769f0cc1e36f70b8cce4b74b97
111443,Chef,bf993499bb64c066c0645a1d4f1b6f93c7fa4de63cc62c5ea81cba1f93249302
111551,Afflicted,94e32f18c1eb6a142e94c06f3e50906f6e1cb5f2644c96f06e6d81e77b14d1af
111617,Blended,cdde92e993264b48aca4b493b0456a8e156911b67a728d4746cb66be1a573fa3
111622,Begin Again,cc738415f3ec63da9c535fc9c13cc12b9ee122c445fbc420372dbc4d8873c3f1
111659,Maleficent,d093a4f62e6009294b2dc7cf33df3073dc65cda01936ca682edba39f264c62d9
111663,Zombeavers,9551b471ea65c91a998ec6a67bced1c6dcad0ccdb630267b878d13d103d9c331
111680,At Middleton,a4d4492f1e90423cbecf69a05ebbd475e304b0926be91a1c65fef60b38743ec1
111732,"Dance of Reality, The (Danza de la realidad, La)",ead2d1ef852a1e90c39d606f96363903c340e76a95fb93ca856eceb1b18d312c
111743,A Million Ways to Die in the West,83ff9401703e0d911b4b30ef8db07ae03f0f01fef3da9c1341242ecb23b7bc66
111759,Edge of Tomorrow,a400532b495669c696ebe4d45aeb3f7caece66d150119367ca542cba4f65956a
111781,Mission: Impossible - Rogue Nation,feb636d6359a36cba14561e992d84a199e4a66f3e1a5b5756993912f74807a08
111785,Midnight Chronicles,d891a6377d887dce7dc518cf02ee4e3866146c182363d2c3c3e4c39a7d5e3c1c
111795,Million Dollar Arm,83d2a4ad027a837270ad8b527dadc6cce31ac0efe85ee877146ff1ad0142f80f
111800,G.B.F.,af991a3ad07fcd417926a5dc2478d87672d83f695f8b4e9b4c272285835099b4
111817,Jimi: All Is by My Side,bb6417a42f179069961c05a34a5f485ec0a5c052b60b948ee4fbd2ddcef84df7
111844,Bad Asses (Bad Ass 2),9e359f708b4b808f2104672081fc58f37def3dce1ec72e304b15da813ef860cf
111913,Lilting,f4ec92b005f3ceee7008291b17f74a96f01896349be6474dcc39796237470f1b
111921,The Fault in Our Stars,f27b87933d0e69c0c31d866a15627d2eebbbc69b64931c619b6398c630c79165
112006,Tangled Ever After,9071fb28a49d87437a66541fdc9feb5941749ea78dd0d08a4e068f99312979bc
112070,Maps to the Stars,c9dc3d0340eedf983727c2642d9886e7da1821b3564f6b58b727f87107a01e1f
112138,22 Jump Street,e9cdd76746a33e5840d6398acf2fe8d01719939c39e0f8bba55b9f1129a0902e
112171,"Equalizer, The",b797d2df4978a10241d7bda4324a76cc382049fb4dfa1b5296a1c8139a6fc85f
112175,How to Train Your Dragon 2,b111f3b3e3a1e6a124870c4e0c4edcdccebde4b9a632277ac7625a21b8c5fa85
112183,Birdman: Or (The Unexpected Virtue of Ignorance),ba8afd540cdbf56dc1b28bc9f786c20b4e4fc473473cddb4d0a22213ed12207a
112290,Boyhood,9c14e1813fd6deaa63fb9effe030a381cc54be014fc26c7d730248ed941ab3a1
112303,Think Like a Man Too,d7dd84032e27ffecc4704c2e7fe9e450dc176891cad46f4400e18e6d2f1ea493
112316,Jersey Boys,c03fc07f33f813c00f823f811f019e07b81fbc7d97fc1ff06d38600df0c26b9a
112326,Nick Fury: Agent of S.H.I.E.L.D.,a541a38c2bbed6dff05542de61ed2171a46129381afc3cf159d387d8b728b223
112334,"Internet's Own Boy: The Story of Aaron Swartz, The",b79524b328a299545671164b95cae3388ae76d3cb5f158067ed8b57f6006b3d1
112370,Transformers: Age of Extinction,be39bfe815c554bbc2196b867ba63e75375af00778a69a910b18817c61eac125
112421,Frank,ebeb6f47b4149eb0c143cb49651c27a690d192dbcb0fc92ce4d064f3c3429b4f
112450,They Came Together,e45056001ebc88bf49f37b63bf2885712551728cfe8cb41b01d76294f6af54bb
112454,Honey (Miele),81fc8d78cb03530e745878f1cbe0cfc28b96531c634de84728e6943d95b997b3
112460,Planes: Fire & Rescue,d6c3f5927eeec0206d3ffd64cf499133e45c60cabb68135c48aab0f09a826dc9
112497,Tammy,f5dde41589b641b22db289a333273704a83c17f15e0169670ffefe905215857e
112512,Colourful (Karafuru),a779e41bc98e1db4e61962a99c1b1a724bacd45976e887627ad24c8d8dc26af8
112515,"Babadook, The",92d371e2644b6e79cd3c19864ae042793b4191cc0efcb5333bdbc4ec62d5d913
112552,Whiplash,feb09c78904fe3c7c10fd50fc47a6a7c807f9c63d46a79b0c0302b95978e5784
112556,Gone Girl,87364c9b7369f0e51cc9f3160cd2e31c3027cce5599ae67238cc933dc627399c
112580,"Angriest Man in Brooklyn, The",fbaa31a85038e6d48ed5ced798475b6aa9709350ca41266992776c6f36ccdad0
112623,Dawn of the Planet of the Apes,c664ee31c0cf80ae2df8f454b11b9364c3b12bb6862e1c6b96e4b2db38ccf21d
112727,Deliver Us from Evil,f1105e4007c760cf4e389f386ec79df0f07ce437d8a36182170e3676af639f81
112749,And So It Goes,98c411d4eff87e6bb42ba753e7034e87eaa4f1a5e47c927282594ebce00591a6
112788,Sex Tape,c3315193ecd53e00249c666cd728c6b00b2f5829daa6a3264e6bdf9216772dff
112804,I Origins,f9780ad097a5a16c695e55b3a233845e1dcb7aa16234a8d49dd8b7257027c8fb
112818,"Purge: Anarchy, The",8a3655c99464aab65dcb7e742b836a6371d4ab51c7249d59c69e9e63109bd4a8
112852,Guardians of the Galaxy,f517e34b02e979cef59625b9fe689a441a0f9da56d43c6b2669a962930695298
112868,"Signal, The",8aaf1ea56d99e74aa52a9988f14c632781c3ddc9f0716372c8d9d8b8e272a758
112897,The Expendables 3,935ca60d400118de7df7c1207a005ff7c99e388447eb7b5c9caec4e379519aea
112911,Hercules,a35c27e2fe40ce01cc27442fc9ed5e63d9c19c602e9a1d85af0f9ed293967c98
112940,A Most Wanted Man,db46e656403de02c70bf93cf16939eb19dc06c292cae2ccd3e8cd5c273312b3a
113159,Life After Beth,94f1c0d21ad13ec5694c3cbb373eef26258c398c6b4546c7c6cec0d984b39973
113186,Felony,d65a866af2c619ca833e3936019f719be32ddf03ec430cf2ca5238e429f0d3d9
113207,Get on Up,fc44f89b113b80401ff431fd47318c0778cfe39d5c7c2ce62f1cce18e0c7239e
113225,Magic in the Moonlight,d2423d5bad3941245342bf5b1287884eef3972f5a8c6c2bf4fb5b8805239427f
113252,Housebound,97d0966a6a6c799da5866e66d4592b11c34c32899db368e4c26685b3cd79d26d
113275,The Hundred-Foot Journey,c16410b80eda12cacd26df9636fae66fd93111b87c5e5591bfaf2ec3ec90c900
113278,Batman: Assault on Arkham,ced1952611eecad97bb16ccc78ec3337871cde221867fbec6598858383458748
113280,White Frog,eca834ab29ab6b8adc77b65583556c5d371a8d2e3ca2912c4a8e7617d2116ad6
113313,"Den, The",95299b8c63376c736cc6958bb3895ad8196b19316b30c72c4c8626cff12d7ed2
113345,Jupiter Ascending,8532856a1bc91abb6537690d36b4e7b660e46a9fcf986ac40ad3e8316b5e0bc6
113348,Teenage Mutant Ninja Turtles,9eda971561006c614887539a7759655262b59da712ce3b9d6f346ee2d0b651ad
113350,I'll Follow You Down,81cc63bc1e259ca336432fc99cc15236027c9dc57913a75d4fd9de1172fe8ce0
113374,"Old Lady and the Pigeons, The (La vieille dame et les pigeons)",a5544b4d782db7a15e0871f74afbed205aa62e9fa5f0492269b8a57930964b2e
113378,"Giver, The",e94893951e362c766613fe2b180d98a5cf824238b56933ab59dda83cd7e29a5e
113394,"Pretty One, The",eb2c11da154bcb9f183bbdb018b79b51ba53a43ab42cc3ed4bd08d40496f5a2e
113416,Revenge of the Green Dragons,8c634f986b8c3766333368e3b19bb199ccacce624e759822333a69976cc6916e
113453,Let's Be Cops,d0d0feecc20b20302fb4b40b7ee8c3e7b8351b9eb54b676b423c08945df6b543
113532,"Inbetweeners 2, The",8f91146ad06eef912e2f5a546af92fafde1084989d27cc62e49dd11173c6e445
113565,"Sacrament, The",c1d939ab3e66c3bd71c89c9bcb3461f994c0372fe0381e738166499836d9b159
113573,Sin City: A Dame to Kill For,e7a1ae1f107e5f6064781f066d1f43cacc8f9ec738e1c21c31673c9e602cbcb8
113604,If I Stay,d2aab6ad1aa962ab6a98cd537d1b49403d461b5a537ae73ede68de1698114cc4
113705,"Two Days, One Night (Deux jours, une nuit)",d8e5f5646344f411e471accfef5fd41f00bf1793afd88040a950ad9af09838ba
113741,Coherence,d01fda4862c070b074909f0b3f436c437fb1a724cf0f8d003ff66e7c6ccc87b6
113780,"As Above, So Below",d552545a8c52e77377dc4cee0eef3ab733af54cf1cb79c15b415f01c40124812
113829,"One I Love, The",df78df7fe15761d16187d3a25e7820791c309e048f87c149e1495473c0f8eea1
113849,Headshot,e9252c5286ca8dad9693b2359934b09af26db642c789d309f36c594ebedb504b
113862,"Guest, The",c1cb6f14787b98fb2704b46b7e3443e38dcf1d30d08b2b1c8ab3664ea3705c87
114028,Pride,b3408580c5bf725620d92ffd4bdd68db3a679602678143a56cbc79bef0c226c3
114044,Honeymoon,a4c5a5658ce75adbd918751b775a8f13a7703c6a312ca584d3c879ec30b2b345
114060,The Drop,8018c19df51cd71977c3f1f053f45ab4ea3d63a5a0a763db1a8496dc348636a6
114066,"20,000 Days on Earth",c1c897c33e37703cd1e08ffd8e2ed10271dd3ac99623c43f49bc7b909613224f
114074,The Skeleton Twins,bc7697f94dc6a714cc1025cf10bc2f704f2e32095913a5cf10eff8d23f611e07
114126,Beautiful Losers,feba1eaac122c970b3d4f30cf1030cddd0ade4237870c87d0f3c0bde92c63b4b
114180,"Maze Runner, The",d355f90e48a2a0d16d46dff72f99c94236b1e26c1e7c8e300e634cb3ba22393b
114184,Camp X-Ray,ff0bbe884f7b7ee08034a5b13c0483f36b80a23b38f69215867f3bd4816f2b4c
114246,"Walk Among the Tombstones, A",e644cee619fd39b12083a76cce6c1cd66193f1383f700667e0c7c18a9db85b33
114265,Laggies,c26b259563078be231fcda383c9c1d5ed2b3cc471933ce753c58391542cf8793
114335,La cravate,962c6d54caaca855b52ad6f74b8b66b569c6293d54e3d02993654e8ee85a496a
114396,Cesar Chavez,edfbf82a25f5b555caea87561188a6cb4a92931a44e3943de79438476b499629
114494,Who Am I (Kein System Ist Sicher),8762ebd57a3c44256987945a78d45022361dcc0ddaa399f8f5bcf3bd14d23c0b
114554,"Tale of Princess Kaguya, The (Kaguyahime no monogatari)",aefff00007ff9c60c3860efb1f8af0dc81e33f24784649ff9700944fc111db16
114601,This Is Where I Leave You,d1f890983e0667e265717c3f6b0fdbc41b51e59a989a18f4c67441704d8b67cb
114627,Angel's Egg (Tenshi no tamago),9ba66cdb1924ccd19926cc638c9d4b666c139b6e66d3730cc6b1712e727d6650
114662,American Sniper,bbe1f320c84fe37077661b9bc9b3d98c1c1ec39383130447c389ffd87ccc1e08
114670,Tusk,ca67fe8d6089ca668f68e0ca2dde259a70779f7dd00d14df2593e0330a72d123
114678,Hector and the Search for Happiness,b6ccc92e90ddb583cb4cda7293d931b9cd01d278b4903da51aed9ae692b620a7
114707,Horns,9da39c62733273933194c9bcca64c64d66d9ccd930cb19ac658db59b66493353
114713,Annabelle,aaa5bb14d9da4dda95aa91aaba44ab9969999518b55a95343bb5aa1221abd6a9
114762,Two Night Stand,da818ea7bd78517804272fbb5ae4db85e501246f9bffda586a2a268590a509db
114795,Dracula Untold,823783f28152e3d868de484ed7239613688fe8acf972bd906a08c20e2ff7add7
114818,Stretch,f1cc9f9b0e73744453c39518edd83a3351464e9c18a76178373794fa4ce14376
114847,Autómata (Automata),a4635b4c929e75a3c7a52c5fd94936b1e537484e7ed1a16c56139437294ac29b
114925,"Captive, The",c7738e7364c9ddae0984c94db949a79998d9db25933395caf6b56644294948a5
114935,Predestination,915999de6ca4622b3bb3a595366c5a64c9112fdac9404eba94b987655ade9794
115065,Justin and the Knights of Valour,eed0f26e3bee9fd81d23a5a32d84e8aae274aa25db835ad0f488618f22bcd620
115111,Ward 13,9e24c1d4e13d19c75e301307c9de34a9675248da3bc07a1376ea36bb696a25bb
115122,What We Do in the Shadows,c4d44f0d3b0034f22c43b29218ee996de1b82f4e4ef9469c4f3ea5635b3f436a
115149,John Wick,b67517790cd9ae4086630e490cc9867ba67d3ecc95eb2e42ae78c46d3f54254e
115151,Plastic,a26f1421daee33d30fbedd37706d0c685c60a3d7a0196f8ed421034cf1517cde
115170,"Judge, The",e644e24f97299b3259b64d26c21996d13ccf234932d37186433cb65d96f8af70
115203,"Culture High, The",f5738aeaca33e55530c7f211851cc13ab65889d8f4d8a25c659eccd31a654b97
115210,Fury,bd63da8943b02b7ebd0dd4355e5ca162618cd29e9a637acfc4b42b501fcb1425
115216,"Salvation, The",ebffb6dac052c329e42da50cd4c188e1c22626d33770dc781dbee8b33313da43
115231,St. Vincent,c5709a9706cbed321254d28a0d95a9767e633a8d25355f733a387ce52d4ea558
115502,"Rewrite, The",85e4f4e476c4af4cdf00ba059f2ad71038312d3805f568b7db1f8d8fda1a521e
115569,Nightcrawler,858f894d335535d62b7032b0696de2a7c6a7cd1f5a964b6994da4868cd619d96
115617,Big Hero 6,b0821f7d633ed1024e77666864cd64cded190df9e986acb321362d36e8b1c8c7
115664,The Book of Life,a870f59e569783451a29fc180e67352743d25a52bd3ca5cd68cf12e6d71396c9
115667,"Love, Rosie",cccedcccf478e323f333b930b186b0cdb06c364694443c590e5b459745f9cd1b
115680,Time Lapse,f46d174d9311e933cb92a4f284ec9ec678ecefcc331a493d557b93338c252e00
115713,Ex Machina,ec08ad7a3f6aa9048b8b684bb3cab56a6842d47c7a1fd63e1567258716895f91
115727,Crippled Avengers (Can que) (Return of the 5 Deadly Venoms),f55930dd1fee4c82ce122a2940a20df8e2fc93fe8711e3779c88f023ff26b443
115819,Mr Hublot,c64dfd0d393bc1f3c7e39f8525cd20780219282738758cde6dc2db81c279663e
115828,Copenhagen,c06489f879bcc6021dd9ee1f0f1f3fc3c4061abc7a43e13393e86a4921fbbf02
115877,"Simpsons: The Longest Daycare, The",9252bce665edd0ca39947b1562120fadfc6c31f28770fe08c0fc3399b90bc06f
116044,Christmas in Connecticut,bbbfd800a55487fbdc2b3ae5e350c0ccd29549312d6af162339086d6583b9fc5
116138,Leviathan,a01da3b41dd2c48df23d1bd74dc26229baae9d43687832ac1747cc737a3c438f
116169,Reign of Assassins,efef46e7c74e8457b0e11b0478f023ebcd306e28b19970bdf630958a8619365a
116207,Zulu,d8d72c8e9a692312009573fa3669f703c09761e897311bcf197fd96acd005b3b
116411,Tangerines,f0af80bb0b627da43c507a533685161cf15e33e567a2dc339d18c9844fccce5e
116413,Life Partners,dac1f57cef25212fda16d21350fbe1eb2fc19544954f3c58360b15b618b4a3a4
116419,Drive Hard,e4c3a4d78c2d5d2c8dc863d092dc921d98b1c9a399d2a987534bbd6d33745e71
116505,New Kids Nitro,91118bcc6eecf4333a363bce9553d1996becc0318c196ecc34cc99170b63ea73
116529,Stalingrad,8cbcd40ab343553205397ec5f4cef3958f6b409f7bc02bf02995ef5e022c70c3
116668,Dead Snow 2: Red vs. Dead (2014),fbc4d1fa9b39862d86876bc4c9d869db9ce9902733b5c698c59a2b66c0678891
116718,Volga - Volga,acaa9a95cef165efb116cd002d7102efcf2d5ba080c9961f5e261834487b72df
116724,You Are the Apple of My Eye,89b99eeb364a49b1fade42e131a9625ee2e83515a2b65e6895572204d6fa3595
116738,DeadHeads,d500d12283d6a93d5c2f0c580fb51cc65e9b13b1336a78ce7209b23357f26efe
116797,The Imitation Game,994e99da65b566b56cceac4c1bea9b50ba71d227cc3467aae00c6e035aaad2a6
116799,Inherent Vice,852d5ad27692f92514abe36259c8ae5f7735a0cd78634b18c1ce17a3b0716f0d
116817,Rudderless,ebfe83549cbb15f3eb1462e83d5f92a189368c0f7cc1c23f3741b40861a69e54
116823,The Hunger Games: Mockingjay - Part 1,a151c911cd5f857f68544ec4176a1e7e5e979cc178b0dd863d0aca9c4a1f4f49
116849,Sex Ed,cc4ce0cf31b3c70cde4a3cf03b93173b3e707be20983c65ce26949e562ce6e0c
116887,Exodus: Gods and Kings,b06483434e5bd4cd09bcacf81a83790f0694fb18bc258673df435ce721fc2dec
116897,Wild Tales,e08e9a7b640c85c7df31e5441af7773b086ee0ad1f5be88236cddb503a1885ca
116941,Jetsons: The Movie,90dc95fa3f966a4725616d29e8f9c7a03f2535c0db168b71c90e590e0fe898b5
116963,Ski School,b6529affb004781b6051002c52fd5260e2dff8d34ccb5cc0d71353f73a2d6aeb
116977,Dumb and Dumber To,925ae5a4e8719e09589621e32f2bf2f0d5c4628a24fe86ed9f41f0fa371704b7
116985,The Longest Week,faf6700958f66f19c9efa7344d0b87f48c91b8eaa390dbeb6308c3e587406107
117107,Miss Meadows,94d4c54a6cbf0bbd5b4564a46c8a3b923d75b56a9d294a95e136c4a66b4932b9
117109,Too Many Cooks,fcc02f08841f603c68f607bfb73d83fc8ede9f1bdf208790e3d94900552c7299
117133,Painted Skin,f0afb5ab0d0acb56b0a51c2abc58385538253871de5d3f173d4b0e6c14be136d
117176,The Theory of Everything,d1842f786eaaf147af7e68cb73458cbe32891347cd9a722386c16dec3221cec4
117192,Doctor Who: The Time of the Doctor,891549994dfbbde76249e66c3726a609186a5872699dec16ee1ac2c94ee59956
117364,Virunga,a18ca2cc1a6cc82c6cf2ece3dcd14c4968e9c8e124cc1e9e8e59bd7175b69e9e
117368,The Madagascar Penguins in a Christmas Caper,df3e28a4521bbdac425a18f0a6a70c7dfa18c7d09de5e04fce539761988ca3e2
117444,Song of the Sea,9d544a3b769725e463cb3d92a964d21b261a217e724b8de3947558213fe29d96
117466,In the Heart of the Sea,f25efb4ea1ce81a753b1c6f88e706c718d059456799edaa68a64a1d8f18b138a
117511,Hello Ladies: The Movie,c54278241f7023de06bf384737c0b7b7cbc771e9c8d2968c4c339ae1271c96b3
117529,Jurassic World,98d2763b7725e9d6692d97b136d285c9792d80666e72d22384156cfac2893d3c
117531,Watermark,e4a9bb768cd9a5aefb7155ae7c522b2581d7841b9404d551e900f872578925ee
117533,Citizenfour,86a282abf1a57925fd3cfc1c3c1e3c527852f252b09234909c75cf4dd30db3a7
117545,Asterix: The Land of the Gods (Astérix: Le domaine des dieux),b7f34a59e0bf17a6654460618f083573c82dd684e1d302bbf584d97f16d7f880
117572,Hit by Lightning,b59c4144eb67aea290085ab986d14f5771e7f4447e9c3390662e4aa989b1ba7f
117590,Horrible Bosses 2,e50a1fd5296acca5c156e5ab4bd038402add1bba364b62fd4bf649c93ae58616
117630,Double Trouble,8311b43c14ae9b9315cbda866905d74e291f93ff72f4913779b03d234ad0c2ea
117646,Dragonheart 2: A New Beginning,c8ccd1988e63f18a82719156e63158ce27392447e33767a5398d6321973fd8f7
117849,La Belle Verte,d50e7af1c52ed5437ef0d40f3e31f5fc5a41923e6bc1883b44b62b5991063741
117851,Penguins of Madagascar,f1358cdfbb4244a1381f6bff17e05a00340db1d3cea5e02e91d3de206d1932f7
117867,'71,e2bb0d969d44f279c546f06236b31f9c1af9cedec7e9b103e108708199566a6a
117877,The Rabbi's Cat (Le chat du rabbin),8d359a5475e38e3c5ade610ed28c7ce659ce34c7a6186e69957123294329733d
117881,Still Alice,eb4d14b634b2cb4976a5db5b77928b25934b72165b5274a9aa65295ad495416a
117887,Paddington,877aa677f5a0b8b10f9d1c4c7acc61cad993c9b582583e592533233377268666
117895,Maze Runner: Scorch Trials,a1186ecb769b8210d00571b54fa7edf1cbf0cdf64abc2c779c697d4528056c07
117922,Ice Age: A Mammoth Christmas,cb06c175b6bf521b8a83dcaa4dbb752ac94023fe117d5a9797422bd0a61b6e09
118082,The Voices,faa4e5612b9e9a0e5758d89f2d63f08656cb271af50588709f269d6762b06743
118166,Courier,9c9d6c659ce665d3961933e659d6dc9b325825249e129c0c6b1ca4b3ce7690fc
118198,The Green Prince,c461336913eba42d13af1e7ba4546940b17693b7c444c9124ef6263973cf3be3
118248,Dying of the Light,8346f6a2234db9df6b753971308fd8140ca8076d5c36f8675cb28b5d643832be
118270,Hellbenders,ceea6efa919e730d9d474cc72bc1f0182739fe25c20d3a5093814fb12d9adbc0
118290,Omega Doom,ade4ae5d531a5125cae71e7aa71a21b534e5295733d9f5e06a50821617a8d56b
118326,By the Gun,939c9363939d52164c986fcf39edc84ddc821f333767f498e24e23cc3720cf20
118354,Kill the Messenger,9e6a9c604d21c33125101edcd67ebd2c1b1eb998a5d846fee7646322db87bd88
118512,Bring It On: In It To Win It,da8aeee49915c2a8483bd95ad303e4c4f4c094bfdb48393b27ed3f056ad47816
118530,Fans,82176a52e9ec160df8bca5b58708d1e99563fc1e4f1f17af1ee024e0a3a76a52
118572,The Mule,d162eac0a6ff830ccb2f7e47b448cafb0f40c52b93952f6338a452ee07cc8957
118696,The Hobbit: The Battle of the Five Armies,a540b7ad55424a5f6d13dc90f2ac8362297db53074256cc990d327a6eaf7f61c
118700,Selma,e5928e581a68f5a7b1a7d32dd37d38b36c9066d8ae481d64b98631871631ee1d
118702,Unbroken,e4a1d74c7354f5bc0c3b11f214a74e236d136e960ebc9dfc79d602cd71986413
118706,Black Sea,fef5fd3e234047c1bd42d3c32c14d81eb31d0e7e01a7db812e06c4a168be7e0d
118784,Good Copy Bad Copy,c95bd7e516a4681a689a92a6f2e46fd9d55595a53ada2a1a69a7c046d65869a5
118814,Playing It Cool,be1e83ed52e1bc18e16d6582e1d3426a0aaa02a55aa8bc75bf3eaf4d2958f568
118834,National Lampoon's Bag Boy,ee26e97145abfbe92562da610436a4956cb8a5999e1e1cbab2d59e3293991a15
118862,Closer to the Moon,8456f0907c69c4e9c369b4d74b5729053eb6cbab90fea43a2455b456f8855ae9
118880,"Girl Walks Home Alone at Night, A",ec1595e89b81c653332b330d661e311c339cce709d319927cc70cde7398f6cd6
118888,Dave Chappelle: For What it's Worth,88c3d1dca3244e67371c53ab2f4518e724ab739c6e60343a78b2f460fa5cb5dc
118894,Scooby-Doo! Abracadabra-Doo,816f746c49c01fa336716f8439c4eae1793b985e679c1ce7e6914397c0669d38
118896,Mommy,d30fd38f0c668d6c4f3acc342cf9dc9b6c9d3718d0921ee69056309d67cae059
118900,Wild,d9b4e24b1061d3253bdb027ee2251c216d5d6cfa66a7d92437d3c1cc66df9824
118924,Top Five,9dc4998b6623e4e6859c33b9e22e9646e671693911d4de8ade03cb764c3f08e9
118930,Bill Burr: I'm Sorry You Feel That Way,cc190ee66b33f49323edb11d6ec2b14633375631f318234c3e15d43247bac93d
118985,Big Eyes,c0cb40c32574565a0bb7fd34570ccbcf9c6223acbd4a21b4bd3c5b8cc4b11fcb
118997,Into the Woods,d1cd68443e07d3b362726253978c9d2f38c5c0381a1fcfc96ad8742f376e3331
119068,"Men, Women & Children",db6be518e680622bd518ea4699cd1eb3c1e6f909d2278cf7e4cc9e80e498bcc6
119141,The Interview,ab07bb671c78bcd04183618bf39e9936ceee46cd2e119230906c4ce76e679c69
119145,Kingsman: The Secret Service,ba6a863fcb05a05a5d0080ee34af8da48277c9ffb1796b007fea1e155f090e75
119153,Bill Burr: You People Are All the Same,c177d3261f840fd2309b60dd2ccc2f68d36bd3846c64c973d33b18956da4f364
119155,Night at the Museum: Secret of the Tomb,940cd93253cc26f9ead2938c15276f5d6f681cd64cbb666b33844a88ec5373e4
119167,Paradox,cc9ab3b213754c55621e998a6c656324e198d7d256362aff06e95529f58da9e8
119655,Seventh Son,cd578c3f102ce3670e9515b8f9780e18131a79528acec8cfedc7dcc754a3a453
119714,Corner Gas: The Movie,c05487ad4fe3c95727b8da78322743840d5a3abbf276fb68016d3cb27a30a26d
119828,A Man Called Blade,ebffc8d5d819152b3faeb790fb4103ec94695a38b01ca507a6828b75c4116ef4
119964,A Merry Friggin' Christmas,d699c96e33a5c72b4d1e325985e8b1922e7cef01a8974f7441d750f05e15f0c5
120130,Into the Forest of Fireflies' Light,9ff5dd576d7e87fcc4057ae5030d61a0b188cc2f9206b7441eb5091d184d7d2b
120138,PK,f360cf310e4c3c73c58761afb43be3d20ec13b5c1bb16cc91c6be234b51a84f8
120466,Chappie,b613f1c699bc9c1b9be7f069324de70fc710cdb240328ba2c5f0e8e99c472671
120478,The Salt of the Earth,8711b0eff8eb43106e0d54fbc192231f94ed19c863b3e64794cec8b56d26173a
120625,The Fool,842c2ff7e02df2bb66a4c0cadfb6d44447d1f2401c1b0ad495087af71aec6cf9
120635,Taken 3,ce2f8caa0d90944f75cec15443543f38b23972abc03086770cbbdaa3dcc69df5
120637,Blackhat,c094cbeb8ad42bab26146fab64a2d4e954f85478c70e47465747fd163b65b854
120761,By the Law,a6c39330ce2d34cee112e951dacd1fa9a1ffe9177a21478814fe09be360f66c0
120783,Son of a Gun,f061cb1a4a3f87642bc47d8b995318b91a58e2966f0d2721e17b36f1f4e21c1f
120799,Terminator Genisys,8e6404a731cdfb38633918dbcec4674e833ccb337a53bd406a6cd0678fd30d89
120807,John Mulaney: New In Town,b123920a6cc6ad711ddf1ae658ed8278c76d3eec18cc894c54f41b1d133e25f6
120813,Patton Oswalt: My Weakness Is Strong,d9681896d85ee87503d7d47d2c69562b62f4ac4d5a36d812d380d3e02f2c7bf1
120827,The Hound of the Baskervilles,99c09ff0ed98621b73adf146419e61bf3a59b563cc66ce09b665d58c40a7420f
120919,Man on High Heels,da0be85f20a138ad07dbf341c37fa73266646ec932c3b0c6a98087bfcb726866
121007,Space Buddies,c152258b4725da463ac9b8731dae3fe0f78b530fc27454cad9703f2b76807295
121097,To Grandmother's House We Go,cc69501afaf6f96d27a97ed778150b6d4c02e9dbe710a64939031d1a8c5d86e1
121099,101 Dalmatians II: Patch's London Adventure,81a91e6d7a164f299e5a87c1402bfa9497d52daa02725d15682b7af797dc61c3
121129,The Hungover Games,ee8fd3ba08ff336631a9e6523e19919ff5a22f611c605a9449dc37126e85183c
121169,The Duke of Burgundy,88152f55d3ceb4fa5e170be8b41ec23527cbf05433eeb0437b29959e4a248f07
121171,Red Army,ec2f7f7378a8d4801f47a2ae3f10262b275789af4e96d5cb75a1ec5041c93b80
121231,It Follows,9d1783fa76cc70065bba864566ecd93391137ae86c45c9b3993376584cccc936
121253,The Town that Dreaded Sundown,c64ccd3039b3198f39993c336c7b93cd63ec8c66664666646ce0246f96576ce4
121338,Carry on Cabby,ffafa1d48ad45ab4fc184f2b81def85a542fd643d40ba15972401c238b778f82
121342,Carry on Cruising,eefbb110cc0d426fb2d16cd20f3dd245f0020efba5f03bec840f9f036bc4703d
121372,Bill Burr: Let It Go,f81895d197547c2a29d0c99887467eeb4ef76ae76726262e2ae9598d4b06c634
121374,Bill Burr: Why Do I Do This?,911f8155e64936663b322db85d8c5ac86eea6e6cd22df233e137c937919194d1
121469,Killer Movie,9324e8c14c5b933e60e570a536fe26be2f2f2d17871e852e9771dc55ea0d58a0
121715,Sebastian Maniscalco: What's Wrong with People?,c41591043f447259b8d3a12515a83dfe42bf2b757bcb6b5a7aaa15e42f2d14aa
121781,Stuart Little 3: Call of the Wild,cbcb5a3425b574c11612d9ddcf4d436639b72c3a1b2ca4de47cb45c31853cf18
122092,Guy X,8f17b83e43001c5f6fe1473d335825ef572342e86bb05e9dae51ad11c68af017
122246,Tooth Fairy 2,bf7611ba858d7a64d172be41c071a5cdc01d8953c00be83196435e7e3e923faf
122433,The Deadly Bees,daaabb13955a65e8c2f7d8ace57192573aad2d223a949a01e7d1348cc9556f90
122490,Wicked Blood,e941a7b7d24653eee9c7896b013050285e3af313f41fc0796e0e2f1c11bf60e7
122627,Oblivion 2: Backlash,904dc36f644ab49574b60e4a6f1939b43ac67b3177b02ece39995bb413e2c90b
122882,Mad Max: Fury Road,c29157d1b0792d2c71265e32a5db70db6e5835261b2684ce6f1a8f9ed0396f25
122884,Insidious: Chapter 3,9091d1956e15ec567834d2f3c1b26b184e9a4d7a0de825b237d336591b6d1d79
122886,Star Wars: Episode VII - The Force Awakens,d09f78177037eb070e4b3f09f308c8d82e7ed1b64d8b3738ee2280e4297ce999
122888,Ben-hur,a7bbbabb3c568f564bec36b02593c361f4da359f3b41040445689979bad1a08d
122890,Warcraft,8ccd4ace5206a51839e979e52db22f3b4e39e4142bca929331b639c6c5b765b3
122892,Avengers: Age of Ultron,c1d7c5d7942aaf68603c69bb3a65924737c279a05c383e1963eb63c52e969694
122896,Pirates of the Caribbean: Dead Men Tell No Tales,8202ef09c75dc17d6abfc69268d442c405e00ff637abddc26e4d3cca5855393d
122898,Justice League,887979d665a95879f86883f06fdab2ce4b71ba32d0ce20335338e3423a5dc8b5
122900,Ant-Man,e73cce27587397d9b944a1ce36983ed2b4a7962f296843986b0a71b446952e4b
122902,Fantastic Four,a21d82c68522857f19d8789828553d5d763aa6e692c4d2353b776b2ec9da2dd3
122904,Deadpool,eeba8750d8a41be7bc65d26a861ed292a5a7d0e994695a1a1f8648e71fe16878
122906,Black Panther,87b1cd6b5254b8942ccf46a7652543d8376c360398d7693ccf7198c3b18d4f1e
122912,Avengers: Infinity War - Part I,c4cc84445fa17b39101e919f6b20c1f368c3c65cc71f7719c23cef4cd9af17a4
122916,Thor: Ragnarok,fb239e7b02ce6bd0243f463c6b823b0f3dd1c5c166ec833b1731d0f53834a30e
122918,Guardians of the Galaxy 2,8def8cc90844758d72b80e3a7d1dea302d12dcae00773529d8b9a777fb8c1ad4
122920,Captain America: Civil War,d733ef1802ad294e005614b13f8280b768c5b06b7949d9e5fb9bfe1ae665c6c4
122922,Doctor Strange,c32674de3e5b8b7361b1658608ecd6f826f36e91939789b45969e9497602a616
122924,X-Men: Apocalypse,bbd1abf10f7c3fccb890dd006440c4365ba3d86c7d8bd53abe3182464c9c4bcb
122932,Elsa & Fred,ef338d3ea00cf2055bbb91934cc34aeeb66137246daeccc16871e718b54e08ee
123200,Jim Jefferies: I Swear to God,b58ba59b92d49a54384b68684ce526a7463697f26c3a9279198f79e5314edc87
123310,Tornado!,b81f41144607fe1f306032a96e9178699b8907b2eb6cd4d6693e1bf626d60f67
123545,The Blue Lagoon,c0baf0edfd246602e6da84f7a7e0901d9a4e4fa29fa31b18898f0887ea1d33fc
123553,In the Name of the King III,8a59eca2f28ff62fac71638b598d8cc6af1c493974c7273e8c181c8e17332e61
123947,Cake,b90cbc0296b910f6f970c74f61c5c1f08e3e3e0d89e33c78f89e638f0de09a3c
124273,Kevin Smith: Too Fat For 40,a920820157bd58936db3a23b5fa8d97c78cccf8d5696a072f223f681dd12887f
124404,"Snowflake, the White Gorilla",99c846e051350e476643393f0b9e68413e4f319aa9bc72fd7e164e2fa5fc30d8
124484,Kenny & Company,beaafbfaa1260437e3d06b098c019d96924f97651eeb7caa72b8214b692525dc
124851,Delirium,d3ff2cf1f6000b6631bb42fd1f00782064c69e1fa03ef7d0837f398f9c830279
124853,Why Man Creates,813b054eeccc6ac1bba1b3336c53ec4e5306e1b9e5fb61eb96c473a023a09e4b
124859,The Gambler,eacdd02b4bb0cc13b4cdb845ad3487300dd32ccf37ef331c351e94f38c51cccc
125221,The Beast of Hollow Mountain,85343aa0bf53eeac60949abf2c73ad47ccacb10af0a83485c4ffa331c3371793
125914,Mortdecai,e37ae26e9c850d9b39de7b4ac7212ccd3818f8d285a63f2e7a5ac0f035a36318
125916,Fifty Shades of Grey,87b4d6b878e06b5aa71a950d528bc98c694a694665e766a3a4b56493bde578c3
125970,Halloweentown,92653f08659a86f79a477b89e4fc83749a4b3c0d6724cfe3bdc9910d5c342076
125974,Halloweentown High,f518f03893b60dadeb317bc35b82250906e48a4e3c7eb57c6db4ee902d035f83
126088,A Flintstones Christmas Carol,bdee44143ad959010f00a636fce1f0ea2f915b28d4bfadd2286d365bdb2e0d98
126090,Hedgehog in the Fog,f2ce8b384f24f4cf34999a71cdc309c6324d771ccd347dd3669230995c619867
126142,The Cave of the Golden Rose,dd51708a3a656d55648bdab5375d926e5efd8d01a92a94c8d6a50a924d5b936c
126420,American Heist,bd2db50f4a4b7a612534eb92c09a96659ec2c43ff31587a193ccec5094abcbb2
126426,Solyaris,9a321d7aee691b25d31760da52f6c31928a39cbd365ab1b589221f29d71d1876
126482,Strange Magic,8544d6a418f31a533a3c69446c3e8f5a9bb339b969cee56c6e342eb3dae2214c
126548,The DUFF,ef8dbc18ea7241a7919d72f8c6610be6f18e61db98929c5c3678c20e2deec1e0
126577,"Daddy, I'm A Zombie",cd38e13132c7166e273c3ec498e659bb91b3938e2d4924e3738ecf2c9cb62334
126921,The Fox and the Hound 2,807baaae3ab096e94184bdb87e42794744a9e616742eb1f3db9c87a6c630395b
127052,Operation 'Y' & Other Shurik's Adventures,c65bbd8d61c5bcedb925478ed8dc1fe9681c43e236836cb83e114d615b059712
127096,Project Almanac,fa869c711d739e5a1cb09ba3667bc195008809b8fd556c5acae35aeb851fa06d
127098,Louis C.K.: Live at The Comedy Store,b95e03d4fee0be6112d3e91b45a946a7366312f1d819f924ef168bd6f8e01849
127108,Brooklyn,b4d2cb8704187b374c6138e7199c638e767179ba4e2c466439e98dcd5336a53b
127114,The End of the Tour,9b64cc8b93ee999944d1ce66d99be88c119c199cdccc66312d193733eab26663
127116,Experimenter,fa9387cc99246b33c4cc3aa1e31fce609960dd9f64f2e36c1e2dc91a4cc233c6
127130,Mistress America,ec3f43fcbbc21c01141cb7bec6e36cc399d439f23220b15851cd624a93e43fdc
127132,Zipper,ee4e8348701b58c40cb5ef3f07ff33ff10613c387f986fce43cf00610231f866
127134,A Walk in the Woods,f994a952466396ad818c6a733872c8dcb2cd96abc1062f341ebbe59dc7cc5a43
127136,True Story,ff0d9ac63ff8613bc711e224e622fc195a80c104986e99df17be85d3e114e39c
127146,Kurt Cobain: Montage of Heck,98d608bb964976682cb6aa95d649196e909971996b37ecb225b7933694722b67
127152,Going Clear: Scientology and the Prison of Belief,c13b6ccbba0493b4dccc91b49b25d8db6f53e6703cac36146ed0c5c32f813d0b
127164,"What Happened, Miss Simone?",ecc6eb4bc73994a79c8c91bc6185ca52935b3330e47264cfcdcc6dcdc098ccb1
127172,A Story of Children and Film,b7ff37ff3383c103c012c83a581dee08e609ce74987c18ff07fe6c89cc90ccc8
127184,Eden,fa4d1a1ec57bc5335a955ac33d262d49869c35e89365c395c8f2993a1e076ccc
127194,The D Train,e03f9ee2eea78779d1face812cc78c5eca1869082d6ee0848cd8d279939df310
127198,Dope,a6e5f904a49d2bc39f0ac6b319b0d66343622e9dfc1e3ac23a6686b67de01a1e
127202,Me and Earl and the Dying Girl,be53c1ac058c3e73c230c5ae27c9d217253e27c85a476b3cadd885c77a3f9530
127204,The Overnight,911bf13b6eee9af6a9856cb42c5969cd3a611f79439ac6c88449c03bd03e459e
127212,The Stanford Prison Experiment,fe6884b01112ab078debf38f6bdd9d78f0e55b952d222a87961264524d6e3b2c
127298,A Pigeon Sat on a Branch Reflecting on Existence,b661c9b199d9366fc99abccce67719901cccc66eb19364dd46601b31cc1d2566
127319,The Loft,c8376996290ec00b65149f80770bdbad3fc57952dac035efcaeba4f3c1710ce8
127323,Vice,b019e5bc87dab3ca50a5b88374db42e123fc15830f138b6177245a5f3e0f30fe
128087,Trinity and Sartana Are Coming,efaed0023df5068bd3724cae8a1da46bc2649916e5c1b0178f26e1c7b6395ba6
128089,Kevin Hart: I'm a Grown Little Man,81c630d6622963016aae1d5f9c775f319cd8945e503e67bd6b991fd29f568c02
128097,Jim Norton: American Degenerate,fabe8eb87550b1109e3dd80789631c63a0d6ad67d26b879eb82546bbfd1810c9
128099,Jim Jefferies: BARE,c4e7ccc73d0c39d8b3303327c72767196c48d8fd93733b878d94c4b36c0d984c
128197,Hard Promises,ae24ac038dee14ce989c5dbdd7b95331cb636d72d3bff324c004f200d21ee31c
128360,The Hateful Eight,ec56e1b603b1b7c11c4fda5cead81d21944d4cf80b62e6476c27b566e6d27498
128366,Patton Oswalt: Tragedy Plus Comedy Equals Time,cfa6c190a14d9f41b5cfe0c35ed27da178680e7c298ddf42f696f4e1d0860d29
128488,Wild Card,fd8f84d502fc6f62de51a51f3148dbf0c1d36d03613ef0fac4c3124d1f4b441a
128512,Paper Towns,a5c8de1eb965864066fb71cf4eb9382093271cdde7e33279cd8c8e17f0539048
128520,The Wedding Ringer,b4c9c8bc4b16362348b4a9d3d5ab36684b666abf2c1359b9abe1cf46a40c94f9
128542,Wyrmwood,e16b962d1695c3d243eb7c343c523dcb9d175292f1d0997c8e8f64cac8893d25
128592,The Boy Next Door,ff02a5f83900da5e00f03efcde9ca2d528f1cb06d7b0343f809f4bc66bd60d1c
128594,Boy Meets Girl,81dd488c6cab0377f317d5db146633e65c7029b9a20c671415e6628f0e6dfd39
128620,Victoria,b8c6cc624d557eaf241bf033e28dd2fd2eaa915499a2194024d99c6c2f2fc6be
128695,The Dark Valley,a44eaec114bc803fea09d63a4fd9c857e0df50c662e7a5b3b1d119991f993899
128736,I'm Here,c2d4cadfbe5bb550b12441a64ea31f88f4dc68574b539b1299a4702766e5e6d8
128832,The Last Five Years,951a9abe067136717b103a87c90769df749949691c5a5b2a3e161fd0c59f03de
128838,Crimson Peak,893999ef7e866e30b0d4b1c7c737c66c18c8cb33389cb49dc2165a72c6692727
128842,Dragonheart 3: The Sorcerer's Curse,db07db06a0703d383d993c8d0cc68c642e6a96f73607b767db63593381b12799
128852,Chris Rock: Bigger & Blacker,c540b9593abc6f913726942e4afe2b426ea9c1b53fd91c6eb01702dde90c6ca9
128900,The Natural Love,945ede06be262b3c5278b1f1f9767072f8f9239bc92487686bd801b0c5e289d9
128902,The Forgotten Space,b864d1e10ecec79bca12273179256ced19cd98d293f23236cd29672de5583b92
128908,Cloudburst,af26b3267b249a0c91416e41ae49f64c740ca02fc007ea1786ff07fb2fff826d
128914,Tom Segura: Completely Normal,cbc389493c2d3cb762f8d2d43cd2cf48d34bc873cd2f33cc0d24c13e3096cc3d
128944,"Honey, We Shrunk Ourselves",eb3a34fcc5c9b785d68598727194e78b9c2d187861746c639d0b929c6e599946
128968,Stitch! The Movie,e8e381ea1b296a34ad186e811294332f65e3069f5c9ce3d1c6b59a1e72f9b4e6
128975,Hot Tub Time Machine 2,a38c4fced4dd50c11a631176773a29b66790ec030a4bd769056cfcfe7033c3b1
128991,Johnny Express,d4b6c3745c845ca57d8c8d8c97bbe3cadf3271ab6b0038ca1a4cca6d7541453d
129011,Eddie Izzard: Glorious,95596111f1331ae7cf3a3cce5b8cb2b036d3c7333ce464cc89982ec9c339b836
129229,Northmen - A Viking Saga,c463c273c2368f320d8819cc19997c9b7cdf7ccceccc866c036c3f623c93e19b
129250,Superfast!,c143cfe73de43c9a3e10b011313dd47bcacbf0c0a9cf8fcd4624e60cb01e19df
129313,Reality,949191432766f49d8cbe0bfe3bec3c3ed601c9538443f401e98396f6776c318d
129333,Julia,8d645048b4c8ace8437a3b3b3bbb48f646b7e791198518c4e6d76719993e386e
129354,Focus,ae6dbfe6179f847b005eb38d7a31c4e494cc3652b75262f2689554097af09a4c
129397,Marvel One-Shot: Item 47,8dcdd2732ccc63337ae409d25c39f3cc45c6b471432c3e9fa463623833678d9a
129428,The Second Best Exotic Marigold Hotel,9160a6734e3dd3b972d01d0a8d1eae47742bc238c3795f0bf44ce87c65e222e7
129514,George Carlin: It's Bad for Ya!,8556d1854e516e703194c67739ef463258fa59eace22318c6eb939c8376266af
129657,Tracers,a7fcb3cf5217e128dabc0b1b65ba0c71df83589bcc64c43319cc2d350e9bdc40
129659,"McFarland, USA",8ed1475ef92e9c8332d1e364041a7895f36b8f6b0e96509d1b690f5eea943aa2
129737,Unfinished Business,cdff80a812703dfe2483eb8042d95f102d8c6e153bcd224ffa25e1c7d9a3933b
129779,Ghost in the Shell Arise - Border 1: Ghost Pain,d1a5f89604bc0c223b1a83682e4b969db9b2f1b6c4f41e4b86f90f58c8df7f30
129937,Run All Night,bfaec4a1cc04c29898551f3bc5113947c154d3dc910e3d4eb047e2d794f73ec7
130050,Digging Up the Marrow,9cb39ee630d5638d6708e1316f30953336263670c6e7aecea8c94f18513b7963
130052,Clown,8e7fae393a16971c95181dba4a8f43cf694f261e07a6d1a2f20ccf801b4bad4e
130073,Cinderella,920d92a935bf45217535695672a433c61fa8d109796bc75b6d526c6eca4e4aea
130083,Kidnapping Mr. Heineken,815548e37317563c76aa379c4e7b77030f2bb4a96d8d304d3f1db8bcd0e24942
130087,The Cobbler,9533950694dde7d86922bda16af0e159ba65d876465a55817b062271e666fc36
130444,Ruby Red,941b951b4ee45eb42f93cb4e5b18a171b96b71ab346c32f462f0c5a56f928e09
130450,Pan,bdada29f255248e543977d3a486da0d7e28a175c77a02b611d7ff0ba93c09f00
130452,While We're Young,fbaa3393c9074ca9a45da0578567c9111ed81febc187349d7208cd6416b372bf
130482,Too Late for Tears,d09058490fceee7c45733313f821418f4edd6af92de56e0c961918b7e32f2372
130490,Insurgent,996a3987439db60ef8f2c9d92dc486b466352d0f62cad2c89dd405b3c2dbca4e
130498,La vérité si je mens !,ae833bba017916a718ec6fcad90e98fdafca3b8b3f9c46fc5223c007e4449074
130518,The Amazing Screw-On Head,95b1e7b130e6e4664f1d39193c4e1aa4636e963b63b33c462cda62316e4c9cb9
130520,Home,81d94e4d1e6669a6471bb65931e5c94634b673b962496cce8d9d1a699934c99e
130576,Midnight Special,cc666ccc307330392f1cf39f33898c72c4ec0ef3e7199c4c38c6f1234b316f5c
130578,"Gunman, The",fc841592967fea694109bd052efe335e7ce2909472a547f28b194c2ad93c2ee5
130634,Furious 7,aac7d5112a81b5eec4b9836ac5bfc2c13c1622cd3b213f1eb1e38710d56b83f3
130686,The Final Girls,9307a6042cf0c9cb49f868bc3acf1ef16701b764603b398f64f6489d8f6dc53a
130840,Spring,853cb9417ad1b69eede1794d990ec7da32b5b1a4cc4996533982c4b5962d6863
130970,George Carlin: Life Is Worth Losing,d5a5f5a527801f9e183cc834785a725a6b40cbe39bd16b4a625bc7b485a73a55
130976,Legend No. 17,e59de58ce1278b773e6c7e30d29e86980e32c6a46e19397644d88e919272e3d9
130978,Love and Pigeons,98f4290ae3370ee42e637a0eda238d6dae54127493990b9c65a8a752f7caced6
131013,Get Hard,eb81d85802cfa5752bc25bba5ca5cb4eea55a685956aed179445a565c23ac6d2
131023,That Sugar Film,e248061d9db57df249ca414f1fb44a26235821d9f6ad2666ea72df209c8fcce6
131098,Saving Santa,a3bf5d050cd023d0dd4b4afa31eded2186341d476e92863cf34b60fa3d0cc3e3
131104,The Brain,faca61ea8179d2395e8c0dc2ad737a8dc606bf009e53cd85f02eca910fd139ea
131130,Tom and Jerry: A Nutcracker Tale,caec2553132e34d2f74c2ab13d2a53da6c340ba9b65bddb6a0c8331de8e835c6
131237,What Men Talk About,fd892915947456e3c2d595c6738b6b1f3d2ad0a4c2712e42693c1d1e3e4be0f9
131439,Kill Me Three Times,af6ad2b4b8510cbbd4fa8d24c606d32e965bc3ad5d940cf44f20866bac52b796
131480,Poker Night,cf3234c93986cf30266139b26dc9c66319b366899b33c4d966c70da36ccdb327
131578,Reckless Kelly,ae3a65a23121cb59cd4e3075c9759a472ed438e1bb0dda59f24de91543b2b19c
131610,Willy/Milly,be8b93fed10b1e10857461a7b4f6fc11ec6321ec7390de11323b81bf49847674
131656,Shaun the Sheep Movie,f8d3fb464d0cd55ab34e8e95ec6b3fc91bd0287426694bcf92b4f35028018697
131714,Last Knights,b993a913f5a0c46c167e95789c364814ccc026a197a197e52fb6ccbf6ec41e97
131739,Batman vs. Robin,81160c8d53eb2d8e3cc263236e9c487ac437dadd9b53b3383cad9d970f1a7861
131749,Libre et assoupi,abdfd308d4202ef76bdcf1089fa92cff96121b2443efc05b7c10d380c06c26f7
131796,Woman in Gold,fcc41e4f863c493c4bb3238343bb68be345e6647e5c37661b26c1f0e998658f0
131826,Iliza Shlesinger: Freezing Hot,c39319929cc7664c383c1c6761d8338ec6f36f4b3c349c9d392c9e27c733c9c1
131920,The Road Within,d5b406bc4d9678a9a25aab473c8d60b24227bf8f51da2a49fb63c6b1119cf236
131934,The Malibu Bikini Shop,c4f004f059b1d9b48ee5269e361e739ec8d498604f69d73991ff45cf6c267205
132046,Tomorrowland,de198ac761fc7f39060ea2647ff3099d1061e6a2c9ee71f1e6314a4e0f86b464
132084,Let It Be Me,f299cf261ce9e2d04f36b0e94246e8d91d879b5d471124ef93ceda3c61914e1c
132153,Buzzard,a1d9caa84ecca4e6526627ce59ac985b25936ca8b25d19636d9c34b6784bae6d
132157,Paul Blart: Mall Cop 2,c8b4b645597a664ac92516932aec1a54b2d8cd9b62d7db34452f5ce4336cb63a
132333,Seve,c266d24c0d992d99a279a2661b4c9366e8dfcd991733e35e86662666ed999991
132335,Breathe,ec904b4793642cb94746b1bbc44df38eadb396c933498d25b652c68b1965b396
132362,Patlabor 2: The Movie,fc5a07b13c5a63e43e2cc8c24f1b3e5badd35d09d0e0878cb66cf626d33180f1
132422,Da Sweet Blood of Jesus,d1217a42c4983a62539859b93b6384bc3a4784bf3ad681ff3bc5977b8492d62d
132424,The Longest Ride,8dc6cb2bf8dde49fb5c1b054163e37c7854ae4d4c7abc92368323874122ec30f
132454,Girltrash: All Night Long,d2d4c635d7021d2e2997f94968b9d49a267bafc5956c70a16c6686d2469f341e
132462,Sword of Vengeance,f005f004bc249e285a6b47e04fe042f762f4705698f686daa79b99878fe994fb
132488,Lovesick,9d32e798cce9dddb3f7b6e974a2d2298b30a98604cce8e78ccc3661937254648
132496,Danny Collins,880ab0a5bea28f3c817b6abdaf24834f52db2aa5ad66c2da1bbdac0535c3d2c9
132584,The Even Stevens Movie,a5213750fe66fe668d186139e01d34ec915c3134af339b7b539d871c72a4d4d4
132618,Kite,af962f96c469c469d42cf04c9149d069b032bb56a552b14672b66eb64ebd4ead
132660,Man Up,b888d19c67159ce36e7370065be2673102fd6d46161f4bde6ca7fa13d4a8b250
132796,San Andreas,d12701b22ef90ff76f1cd2ca3520f1cf325d85b36d88e76c325446948ccb6e51
132800,Welcome to Me,b9c19691463ef9b830c98ca7eb0293396cd6c9cb3635e6120bcfbcb442726b0f
132888,Comedy Central Roast of James Franco,a869e5b6561cb91d5e5af1b1a4a5064e8f9ad8644b6f0db6638c8e42d646cb39
133115,We Could Be King,8033887b75a14c0c1fc47574c67aabd31c3066c76f4e6b0d3d757ea42b94385d
133195,Hitman: Agent 47,9783ee0e40b161d9f6643c2bcd9367fc9a3c80d3647c8e011983e0edf37e5c70
133217,B/W,854ae1bb1af48b1b746e949c4b8d34e1edba5a6662960be55fb1e88828463f95
133281,Ricki and the Flash,bc87c738af03f00f41f44397bc3cb5e3571cc93681b046f9f83ebc67909441d4
133365,Partisan,8d7788b674fde53a2b1891a666654e43d96673a06e3f9d622a55b46a886c632c
133377,Infini,c587d185386d6ce366796358c857945338c949cc4f2e871d33e69da437897e19
133419,Pitch Perfect 2,8550917ec1af64c11f407b20cafc26dafca33fa333f85b6d7c82a0b3216fc54c
133545,Just Before I Go,bee5d54f61b03a099277cd6cadc138f5d806a00242bd7b59a7d0e7eb7e019c05
133645,Carol,ccffe20142403bff3fc4f4088ce78663c7997b1670195cce4fee8d882623863b
133712,Office Romance,93303dc770f22a3906cf4478d92eaa44bbf09da3fd2fb81b2c9c84d513c243fc
133716,Bootleggers,9155f1f13ffac08c95b01f6d7022bc0a3aef44b616443e0f74c8d7c822f582ef
133771,The Lobster,fb47b3e635a59b0b485accb0c4b50e0eda7a31a425873bca70ec93c52e27e478
133780,Güeros,ac1069343bddda926090de2536ff90848de9334ddcd2b666379e076df906b6c0
133782,Maggie,c0615f9f377e60865e0985f9ed0164634ccc631f67c2d87bcf60c90b733326cc
133798,Hot Pursuit,cfeabe6c0d02fe0b970e67874aac19b31d95d8b2b13324cd48d8f0b895f03927
133802,Slow West,faab0ed7b01d59a8c56472ae84c1e444b15d919942ba93f5ac35e458bd43d997
133832,The Green Inferno,914ebb7c72a5456b5a5297992d389c9594ed2dce8e366239738dd78638609163
133867,Barely Lethal,ce9d1953f211ca54e64838bb485d3d96973997259cc4de52c67306d3732664ba
133879,Carry On Don't Lose Your Head,ed92bd23fda9be55574a82b696f5094c2b79d8a2a4a6b50897a51a66564c14d9
134004,What Love Is,eaa1d55513ba4c054b4907f868b54c0537aecb6294d1e53a794ff6928f14355f
134019,The Monkey King,952910b1beb68ab9c96a696e825b3656f25665290df9b556c5491d29e24ea3f4
134021,5 to 7,cb681a6c5b95f132a5916c0c766cd749bc0bfcdae494ca6c9120f1bf8d8af03a
134041,Afonya,acd19f6434b2c38b326e6fb4ae961251c9b52e4dc444355f356bd33433874c99
134095,My Love,de79b4432008a9a4f29ae0fa497e0fed94043f4f87d2e4325f2e593f081f10df
134109,Radio Day,b81683e0381fb1aac6c29e4987f166d32d29d333e30e79de60ec2e4d3cb1cca3
134130,The Martian,9ab0befd6d4ffb7a45a1ac250a46a4127d19748974aa9aaeaa856b0b6545ec07
134158,Return to Sender,8e732a62f08e739d23155dce0dc831725c622474d675b99da759b6062bd7c709
134170,Kung Fury,d705e5b665ead1af338b1ca21e942e957e415b2a0958cb454f3fcdba20da0d83
134184,Elections Day,fa8dbefec432156aa7c99814bef54ba1010e2d4ad3c2d3b12ab5422435caedcb
134214,Youth,f0f83f6443a79069303acd920b4dc4a34fc3b67d58bf29c1b7844a39c59bcb38
134246,Survivor,9417c7ae634c207b6ce1cca939d0137e865c2691b53b3bb3c9666e4672ef6811
134248,Hot Girls Wanted,b259b07dd3e7cf81cc188e9f07e738783ee1c046627633fb39836b9680782c19
134252,That Munchhausen,e727d05894ee7b0948c66d9e331d36f11924cc4bc9b8346c6712ce9f187b1e6a
134326,The Taming of the Scoundrel,bffac3f0c00435dfd80efc00376b029f4f9cc25f3216c86c27e49dd19d216732
134334,Phir Hera Pheri,ee7388f891f8ac63d00df8971f8287f11ba6e0aec934d225c3e51f2cb3814cb6
134368,Spy,aab0d17bbf4da0b1b5234edcefda4e21f8a491563ad854ad0fa091ae85d08f58
134393,Trainwreck,d80ba5f55b961a1aad7572c92e1ba534929a4961345f65a46ede9d32934b6b41
134515,BMX Bandits,f6f213e7b1e132f49972b12b6d0b31d3f8107e188c1eb10ee12c30c7ef87b906
134524,Turtle Power: The Definitive History of the Teenage Mutant Ninja Turtles,85ab3cac4f80ebf67d1fa5c0c7bf869334329480655a8b952e0d5bcbb489494f
134528,Aloha,9e5d9542b916d83dfde5b94e71b8c2d442c5a2f483920fbbc961e321c2315ec3
134775,Dragon Blade,f833b83b0d684fc92fd530d6309613bc6f206487248eb16ce9638de39ab7523b
134783,Entourage,ef21805e140f6bf92398d626027fb9891d94a22fcc7236dfe2811598397f7a63
134796,Bitter Lake,9031914d6fce6eba96b0b945a14dc4384eb37b877bce9170a43164cdccce9b32
134808,No Way Jose,d012411e9d8c7eb22e73cfed5ae1a24b148e7192a19a591d0b73a48f7edd8b70
134847,Ghost Graduation,befce3b3f40bd90ec9d0d625a74084cc97ff1a712b340ded4884c9168e1b9a63
134849,Duck Amuck,c2f7e196341b4be563693e976c0cb269738ec3a93efa371a1b629140ed16c01d
134853,Inside Out,c15a817c3ee59f41274acbf6f0a534b14d78c14f5d07663496dc0dee43caf052
134859,The Wolfpack,bd79ead66287156dd8724081a72fbe70789063872f6eb474d1938362267cd48d
134861,Trevor Noah: African American,939eaa7da8610ca7ce5e7b99b9a1267066c94d2630673319199ca9663679b399
134881,Love & Mercy,e91c17a9def75453566b6afc93802b1005bb3779d7c0362b4a6794c4691c8b8b
135133,The Hunger Games: Mockingjay - Part 2,f100e9b06ef76ef952fe11ff11dc6e587e389e1289818909287f807372371687
135137,Pixels,e6d3e6fc48608f2f36b6304052ecc7076d362d96d9491b6cb259a79e469264f1
135143,Fantastic Beasts and Where to Find Them,b53013c2442b9d9227cae17f39446ca78e357b495e17338d868578b8c67cb0fb
135198,The Hairdresser,b2264d3b1cd933264231d9f974842cde5f21a25edd7aa88ddf7e266219830778
135216,The Star Wars Holiday Special,941110db37d9b6c0581c69bc17e627766d2236a670f78d037be217727b052dae
135288,Mr. Holmes,a7e0d21f85e107c35a1f38f8b1a191aeda965864496f1c7a3c967885cbda9b4a
135436,The Secret Life of Pets,d42beb6c14b604597bca24a6ca4914b673f68e1de0f21d67841f5de0350fe27a
135456,Ghost in the Shell: Stand Alone Complex - The Laughing Man,c09b650f278fa5dbf7b9629ec2577034630dce20aa2925ec48277925678cf0bd
135518,Self/less,d8b99d0d540dd0d933db57926bb080260f4495b4dd356f8696f83e93648b87d3
135532,The Last Witch Hunter,b1c15fcd5f7caf1074c681b14e164a12a4f33be16b41107d19ebf699098d0ff8
135534,Krampus,c7b6385330d9e93ccc2d24e16192d3864e6dc619199c93e763e32e3bc3b0338f
135536,Suicide Squad,8ef9c122b28cef5f16682a9961e386d29b0b782466d0378f9db11969636e4db3
135567,Independence Day: Resurgence,c08c3fd16232c1e53d88ea5b973351edec0291db47a6e85811ff6e2681f91e4e
135569,Star Trek Beyond,c9b53d8d3659d2763524c2482f43f076b7340f59e03a1fe73470c1994f677168
135777,Golmaal,98e360482557271858ee0ac7a7148e84ad5b171dd8c3bac3a7b88dfd3de23f4a
135787,Bruce Lee: A Warrior's Journey,d41163dc3cc3f01419f94f42a40f12f87bc0321f1e7e8de58396d6333d6fe18c
135803,Five Element Ninjas,813971381fb81e5c6a4362e142c237a5dab7381bd52eb5069ff4a5bc5aca15a7
135815,The Magnificent Ruffians,8f3f9fdd07b6ac9071e0676379d5c599605138e1120c401c5da91fec2d4b9d8f
135861,Ted 2,b931fbcf4e4e6c3191c9cec6c43091cc912cc7b06c597973b2e3963991f132cc
135885,Absolutely Anything,d95399a056adeedf0fc0916373bc081c9d8b2f811a47c8786becb19f1821de6a
135887,Minions,be56699669860e459381c2c712f1b0f1e42c59f9c16d3e18b49966d39f86978f
135937,The Silence of the Hams,a54ca9affacfb54e4e2e324520f7642b10b31c9d27ca33f992786372b3603531
136012,Bloodsport III,8671a69c730c33712171618b4eedec3564e269e3133b253cc9f189a77f8cd4ac
136016,The Good Dinosaur,806c3f886db7181f70e9c44d6bf69b93a7e23e1585b98c44d41764a34dd261b7
136018,Black Mass,a9e9ac4ae6560eca19c9bb65f63cc498cbb38b32bb69dc19ce928b069b4cd049
136020,Spectre,8e4bcc9b618d7274da61658fc6528e7a39b13226634b6dc92c369d9293999e59
136024,The Professional: Golgo 13,c631f4b8193631c73fc9364c5b01c9b00cf2dedfc24f936d6360d97039590d6b
136297,Mortal Kombat: The Journey Begins,ba3b9251e1546d2b979163d418ee4d2b63bf34dfcf40d92ee413b6d1e148c302
136305,Sharknado 3: Oh Hell No!,d11e61ce1e725bb462e7931831bd8de30e9c6ca192e06e3b4b78619195915cfe
136341,Scooby-Doo! and the Samurai Sword,cb8c95d43531fa6b178a15b078eeb53c2c9163876f6acd64671d209796e0655a
136353,Scooby-Doo! and the Loch Ness Monster,c1259065461fe0b536af966919d82b9d3fa63d7829db2b46316e6d2e7a2009be
136355,Big Top Scooby-Doo!,95c3c7a87fc9e8c7653f3b5268067c7c31a1862fb1d18d0c846e37911f0d495e
136359,Scooby-Doo Goes Hollywood,b6fca28b448369e2ba9a54de6766893339135afc2664a14969fc72e1ce40ed95
136443,Gabriel Iglesias: Hot and Fluffy,904074114f0fc34e1a75383e31cb66c127a78f12187e337137f8e7b50fb798f8
136445,George Carlin: Back in Town,b66ceb5be89b3422d2660da5f1b381ee67a5965c4b7c91986e4892358c96730b
136447,George Carlin: You Are All Diseased,a1108defbd273f29c1fc709c5efce84c90dc87dc601236ff3d4ad941d833c822
136449,Ghost in the Shell 2.0,b359488ce7b3f4dd1867671879ce4e3e6dc31b2664c999c6b0c4db91c1989351
136469,Larry David: Curb Your Enthusiasm,fc81bcf8d0f8034fbe0b9b160fa6c7d0036ba943ce17264f55acdfa01ae0dc91
136471,Kevin Hart: Laugh at My Pain,d835d884264a074a69a5e1ef6618360293723a79b1bf4b874f89c7d968f1f49e
136503,Tom and Jerry: Shiver Me Whiskers,80eb644d5d145d34cbea9ae9258724b67fa85b596d352ae0f291b5a5a51547b2
136511,Jeff Dunham: All Over the Map,8013714111749ec76c1b84ce27a1ed986a7a9b562fbe43f93d286ab85ab86edc
136540,The FP,c73baf3338c538c43b36c30e650cc429cee50ef48bd03398b133e12fc4cfc2dd
136556,Kung Fu Panda: Secrets of the Masters,e4a48611134f9ceb6ea3679c397ab8405b1e9d4ee0a167f45a9f9919c6eec045
136562,Steve Jobs,eb59b5a24b5894a5ad5a4a69b4b64b4996b6c975c54ac2b52d423e4a56b5e54a
136564,Macbeth,8811972094aec9de75a17049fe76ad2a14c5eb95ad1e16aedf10ce41653b52be
136598,Vacation,f1d2c541040d3b3e3d51968ccbef78d36260c7b196362b5e369c0d699de7f012
136602,Creep,961c0cb469c5e35d256303f37963618e778ade649c6a19cf609ea45d966618b7
136654,The Face of an Angel,9135d85064644b76b4b9c39ac1aa35c34fbf57af640e9ba199eb240baa3f4a19
136664,Wild Horses,9371b8d14edecd066d1e666e8db9a39166667bceb45423482a5b86679b621ca8
136666,Search Party,c560a3b60ad4bb55356e44ab5d8937b9b6a662f390d935a414279c977ab8e390
136778,The Squeeze,d1238335fab6f92b4319bbe6a914315d7148f5bc07ccc50da1e932d8b29b80bb
136786,Careful What You Wish For,969298c16924c96d38db6692323732d965be2de6295b4c7794b696dcc2d77320
136800,Robot Overlords,8704c87951fb87866a5052b870ad2d8727539f2d7ab470d1b469ec37b374a559
136816,Bad Asses on the Bayou,d4638ce29226d73fd05bf809e9bca5206782e35fb614883499da3bee3e8e3621
136834,The Eye: Infinity,e050f0a27b81967ecea44f83c80cc00a3b831271c67c3da73b2fce7c55ef3f91
136838,Kiss me Kismet,a74beebf96aa62d1fe743040832d9a62f1889ec4d042c13d3a30b119e1bd1f7f
136840,Da geht noch was!,e918e93a94b816a11789b31e7f1e5dc10cd3b84e34693eb18cb21da7e505e63e
136850,Villain,eaf41df895a9e0c19cc28e766eb1876ac51e38b593734b03b1337809c18fda87
136859,The Lovers,8c70be381a0f19d319c3bdefcea7589301db4bee619f201e5c197c8c32e8a30f
136864,Batman v Superman: Dawn of Justice,ca8ecb7ae619ac8f14a6d161d5e9d59954be276c6f3c3f1c1a569c013d01c507
136912,God Loves Caviar,b1fd9f31542722c4bec0dc8062d9e0635127431769dcb4f89f631be21cd86e9d
136958,Mortuary,d0fdde7c4e3de94715a392b07a1ac4b7ad8dd09ac2c38d83c4ad2d8930635a69
137218,April Morning,eaf36bf4b52dcd09dc98b423931048584b1b0e7c364f349eb49e3b1e9a711333
137337,Amy,910093b62b67626b5263b5b8e88956dab6446a666b556aa46eac6da54dadb959
137345,That Demon Within,d8b619b63f041cb5b1e9575912daf1d1df052a95d11a0f010160ff3fbaaaf8c2
137517,Carnival Magic,d804454d3161da9a2daa10f04e5e2d9fcab33f566e09d4b2a1f78afe569b9095
137595,Magic Mike XXL,aeba6b37914516daee72a94c13c8edc21c8f53d9d7918c99c01dd488c1e9f16a
137857,The Jungle Book,96619e8a6b9765616148789e2ae1d09f9c1db375e3856ea8856b6cc1ccb41b67
137863,Dragon Ball Z: Resurrection of F,8dc82dd869d80edc368549693f3e702591f1c70f9e1f449ac7cc82b96623ab7a
138036,The Man from U.N.C.L.E.,b3bc8d83c64d2df47353b41e668d994bb53c58f5ce41a584d6784a4e2d381e23
138186,Sorrow,c1e3cc7063e331e0b41c7c384a3891f8bd246e0e421ff13fa83e4af6dcf361a9
138204,7 Days in Hell,d0f10ad67960320f3c3ccda56c30cf03241f60e95bc6d0fa3bc7d09e6663b537
138208,The Walk,bf3fac4edff029f3908c1bfbc40277f8b82d98030b6848863ee3f2e4a9d20e11
138210,13 Hours,b292b7f2073784245d297c23c863f1636bcf9fc7d2071bfebb68d0401a848397
138396,There Will Come a Day,ea5395ca152e8a7548d9c1eaf92216c49685ed3a4d4a96a5fa7549da176bec24
138546,The Opposite Sex,d3b9a58c38d48ad4bd68d1621343e02a0fef4ec5d75b2f21c21b257c66f9c233
138610,The Gallows,d9c003b8162ce9c26cde342fed53f6cd113c123bfe4cdb149ab2d6a66194cda1
138632,Tokyo Tribe,c5440dd01ab91abf38ab5ec863fdc96b394e72bc96a596c463419959d962e272
138702,Feast,d03707e0ac2c7c9eb0e0180f9f9c59306767668f379d385c19f93dc34d03a4f6
138798,Joe Dirt 2: Beautiful Loser,fcbe9ff34be379ba2c01de0ce0c6cf01c139d286bc4e097ce103a6d6270578e8
138835,Return to Treasure Island,eab78805034c035afc7adaf05d857f1ebd0b68611cd520963f632d4827b73ae6
138966,Nasu: Summer in Andalusia,fff8d14fa0ab5bb12b8cd472cc13b30ce44e0cc61b13278c91666bd2953d684f
139052,Dark Places,9ad29b92936e332d392d69256d30c6e6669634969c9a98933973e37963496789
139157,Massu Engira Maasilamani,8ebf0115d3fbbb4a504e4de6cd653aab7912c19e261a46b84c6125673bc439ec
139385,The Revenant,b91ef98a85f1c6b1e2e29a5aaac387544d4c7346ae3929a716891a3c337f0d59
139415,Irrational Man,efa1af1f0fdf8461a54ab15af5a5d102339a27a5ce50d95ad4a1023a0f1e95bc
139511,Exte: Hair Extensions,c92cd9a5e861c876bc192789664ed8789fdeb5e6c2365c997991d212e00bcec3
139640,Ooops! Noah is Gone...,b2b5c1b94de880b4c17f25cc7f383c6d6fc131030dd343c67fe3dc913bc01c52
139642,Southpaw,cfd9e07330f109940bee7e631c3b1c081d8f0357c079c0e9b7a8bf22b7e3e2d0
139644,Sicario,b9eab0948445df0ad79a8b290af4e8d6ed0976e030be2e9ddf09db222af6c449
139655,Goodnight Mommy (Ich seh ich seh),a8ba4f555b42b5446cfc26c2640b6d1113b0119b9b426ef54cebc6c2f4fcbd0f
139717,10 Cent Pistol,ac777168478fdf02903c66f29c6248e9337396c86c5f1b9c9181b67ece81b11e
139747,Before We Go,cebaea987b04b3566b57280da7c8867a3c5b15d4d1e62eaa86287bc999c2d156
139855,Anomalisa,a767b0bcd88b2f76f0b19f066958b6e3c90e5a113d6ee0bdd2408d3a34c1d2d4
139857,Colonia,80c3a1d1d274d7bb6dc68df7956f3e45de6187e807f087649b3b4a4c5701f010
139859,Ghost in the Shell Arise - Border 2: Ghost Whispers,9ee5bc43853157b87b8ed3a46c4ee477aff10889c0e05e4a943c1f54b85e67a0
139915,How to Make Love Like an Englishman,bc81be04a638e3ee61eec8e3f2fff259c15dd93589e13b058951dd2218a28ee0
139994,Fracchia contro Dracula,911d64d36eeb9bac3ea06e647275b419616fb566c482d2ef1fa162261a5a49c9
140016,Always Watching: A Marble Hornets Story,8d3e8d2c9ca9bc6a7048325d325cb63834f094b51c97d499799b675ba7363634
140038,Madly in Love,ef905719f013916e506a36a8859769fdddc05a112e7764769d882d1cc1e53f53
140110,The Intern,ba9acb26c1d2bccd6de954aa36097a15743576386952a056fdcaddc0e9c480e7
140133,Hollywood Chainsaw Hookers,925793d7bd99a9911998933c1e5f9cd86fe03d9933311740c8cf6042d74e6633
140162,Love,e0d6a529132ca24e1dbb6bd237ee1ed99a921e34694c674d2e7165240f33635b
140174,Room,aed4841f50bb7ad50f70c10ece8dd2b5fb528f42e4bfe13e68608079b50a7493
140237,The Runner,d085d4949f790a7929e279c6359ea5989f294a716a52895636bd609d6f6b8b4a
140247,The Gift,9164916c5cdbab9faf105e1b1a17e7d24861d0e224ef8545519ad28da9b55b7a
140265,George Carlin: Jammin' in New York,bf66c4168279cdc839f73ed138208279433099c735e733913bcd703bd03764e6
140267,The Witch,cf368d2438d930dbc767961e199ac966669826319e6671cc39999e1367647366
140289,Men & Chicken,eadb7aeb356bb55f91e4e2854a1181646758d570d5e46287c083c40f4a1fd87e
140301,The Escort,b064cd9bc38667666c78c69c91b3986ccec9868793273b2d31993cb4e64cc65e
140359,Doctor Who: The Waters of Mars,9dcbda7662b1bd912ff0504d960e8372cdb220853be85a7234174fe84b16d63d
140523,"Visit, The",9c21f1c3103343fc0300420f43fc0e20e7f766658776e7e6a7eced3ea5e23c8e
140525,Secret in Their Eyes,c4b0ec1a734f13e16e62af18c39c6e1c3f3489e399c3d0d7c49db53e0d62c8e1
140541,The Electric Hotel,fccca2798f2734d9434676b3c1c98ca5b348ae31e3cbcd64dcb397269cc008da
140561,Jeff Ross Roasts Criminals: Live at Brazos County Jail,b13412ec4da2ccd312fca9243e6f88d9c991bf868e2b6c27362eb170a1f85bdc
140627,Battle For Sevastopol,9f7fbbbda288ccc0c4bcf12e392190327b1f925e3a070ea1cf8fc18f3093b541
140711,American Ultra,81b8834b57c6799a6e3962a4d0e43f076a19b5f8a569d92bd89262da4758eed1
140715,Straight Outta Compton,af43f83850b0c6f4c03c99af55ad82722cdcd372ab422c5cd7d3a10f248df753
140725,Cop Car,819b1acb7246cd642da67234e6fc0cca7a999255cb4e992d306463dbec9b2ccd
140816,Tangerine,cae975d40ae9f39a35d6cb2b35160a297e120c45db3a94c5cb3c96cc833c7738
140850,Every Secret Thing,844961667cbba24cf13ce1866eec3f0b13709dd0227cc667f3631c99e33c3c6c
140852,964 Pinocchio,d08579066f7a8c429a855b9e6e1596ea3c6c81f81dd34f7232cad03c5cbc7c33
140928,Joy,e1de417c7ea5c1672921a48a9e549cb82284015d4ff36a5b327a7e715ff4ca8a
140956,Ready Player One,bb75ef5477eaf1bac5958a958a1a73407d585c07ca2fa8496dd0587099c3990c
141004,Victor Frankenstein,a731a529b4cc1cc67cce451f773397730f1a1d38df3932ad1d8e78a54a33c022
141131,Guardians,8518a10dd8e7c08b6638cc3526e58fb54eb356639e4c1c4ebc1579fc39ba7313
141400,Invincible Shaolin,b6fab704f92585efe3109448de90c9339f46c232986c5a2b96f319ecc17b6ec0
141408,Scouts Guide to the Zombie Apocalypse,db19e4dfa4e79f60003a24ae3d99724580fd19face4675a7319b921632cdcda0
141422,Suffragette,cc26e421235953dfe9eea46594205d30491d18bf1fae1f92771ae6ea2a4d174e
141513,Fort Tilden,e13599c29ccb12dd52de6531cd27a8c452d8674b6d2999362a36d2de764da163
141544,Turbo Kid,d1d3d9b34c85469a265a93cd39fc573a3733b46122446b4cda9f52b2d2e26718
141646,The Unauthorized Saved by the Bell Story,afb9544ca1f7de2a291c42b47d6b3a0445f2a6355048a58ff256f069cd92a9e7
141668,War Room,cd90ec2639e6db9834733318319438e7d24c49b33c63b4ccc731337b6ccee49a
141688,Legend,ab1895bbbb152d93d2ec7cce3a65da659c4ab532d291c426666c62d9ca592549
141718,Deathgasm,e7508f3cc0afb0db645ea49a1a743b74c96c85c98f87924f40b7d27d54c4cd32
141749,The Danish Girl,b1ccc3c54e333c39d8cedac63a8738b934948464e57113f119ef494b968a35fa
141799,Cooties,c552fe1b58acf5cc7e1bd2393b17b4ec30413109d1be4fce82c978708f7200d7
141810,Autumn Marathon,9e49699fe3349a692d8ee6e43199392664e13c9bc16437638d9be1e496426d1d
141818,Ordinary Miracle,d626c649e145356a8556e90b3dc944bdc2d87ae8576e0552a880f3ff95fae0c9
141820,Old Men: Robbers,fbfa34fdac45f00091f0e57f46870928ca3f53c78d24eacd995284346aec9c4b
141830,Unbelievable Adventures of Italians in Russia,afb6cc3691895bc8d276b7378d31acccf04a43bb0a2d34a4c56b0d52d896a9d9
141836,It Can't Be!,ccc2101cfee1633e3ff120468de678094c2be309991fce5699df1ee8327e25f0
141844,12 Chairs,e4258f7dc5770fa74f46a5df2795d02870f3f0482558e6884c3d4cd71ce2b503
141846,Steve Jobs: The Man in the Machine,ce4c4b9f31d134f3ce3ec74c199bb8d13234b266ccc34b9ba44c789f99609269
141866,Green Room,d9d1c221369e99d6cac39218991c6e8b93e159687c6c646f47bfb5336ab85492
141890,Beasts of No Nation,bbbbbd7942ecf8446d02c0664876f33b68dd97ff469380788498cf60b7600ce4
141928,Bloodsucking Bastards,841c3f8421ef8f3cb604b4c73de1c13f2b4d8c6336a871984d5ba25fb4cb9cb1
141994,Saving Christmas,960aa49019f9eb6b0eb40d926b33d33d3dc0ea41972c3f9cc75c3611659786f3
142020,Oscar,c544644e9d60307b139f1eb6607b3b35687949c833771db933abb2164ab9b784
142056,Iron Man & Hulk: Heroes United,b01b1176cfe0b19ba43f36d825a27ad5177a342fd9d07e043d53988c46348ddb
142074,Knock Knock,f2c2c44ad539b75c2f9ca8b250b30cebbdb1458db31498d16d2a953597176d62
142196,Cornered!,a79279f05a4c46e3593952ce6db34da12538925e695e98c666c399b66d89d2aa
142222,Demolition,afc4fe400703b139f03ea1a532f470e6e07ea770db8382d0c1f0f6ae602bdb57
142366,Cigarette Burns,8ccc2ccc3215633397339a263ccc244ef1b1d9319b9b3c9ce4eec6e68b663ad8
142372,Our Brand Is Crisis,eee797bbc1d8385d52a1e944c06494998f91bbd5951b8e23a965d14cc60f4ae9
142420,High Rise,bd93c17bc6623ec4c90c493c35b334937af09168cf2f4b16936334c9d8dc2e72
142422,The Night Before,d007815b84cb7aa47bb191592fec6c0b32fd316e4f03ce917abcf14a2d272e38
142424,Into the Forest,b87ef92513d0e74ab4a3c29adccdc6e196d36dc48959cb81c93bcd83c9346470
142444,The Editor,eaeb045c2a6ab9774d04ba23319e31a8f54122c7dcb2909533bf6591ccdb5e1b
142448,Everest,dc71e710738b38a71a3196b9070195cfc5477b58f9fc7cf085bf838a8b028b4a
142456,The Brand New Testament,e4da4644db6c790b2d91359b1a1a366de4645a66e6422ceb21b633a03fb19bf6
142488,Spotlight,8d46c20975b51df68a4c281895a3814b6adc5e76954b699572f495eacfa7634d
142507,Pawn Sacrifice,de3e6f0a50160b41b0e717fb1de93f96b3009804102964bfd96f66dec68dc671
142509,Hardcore Henry,dfa1e85a23e70b1861ff97a4c850a3afb51478712927149a5b27893e34bdca56
142536,Burnt,f9dbb99837f8ce318e003c425c47d64cdc16f5074e76c03f666f83b8e039c132
142550,Ryuzo and the Seven Henchmen,f393eba59c2d1e7a4ee061a7b85a305c9b05c3c6c27ab533eccdb3d903cc1888
142558,If I Were a Rich Man,c8d46d5a37fad121928750fa6f8b44eae6a0d7038775c58c68c07643f21c1ff6
142598,Last Shift,fc83ec790b2c0e0e81d381f36a7e783cfd81bd014b2e7a0e84df81f1fb606a2c
142602,"F*ck You, Goethe 2",abd288b5903d2b0b0494bcdddb41d22c38d9eccf478c3968b6b290b3d32ef267
142831,Garam Masala,abfd7324c3f90b5082bf3a29f553f52295b2861ebe7206fa0a20edd5592524e1
142961,Life Eternal,bbaaee5644d9ebe8d63490b9dfb4b423fc2b67c1080b15069e89f014f1d63e09
142997,Hotel Transylvania 2,c57dfeb42ec21b8d281d60625ab4cf1ed7614d90a942b23d90b46b6b6a9e90f6
143001,Anti-Social,efeaec4fed623f0632eb9364f60541b29e9d5a8991d42654e7221c7ed4081993
143031,Jump In!,fbd4bf665664ca1c64a6c8975a5b97cb95b51e1e8c603992150d723571f015d8
143245,The Little Prince,a8a1ce1827ccf4631397936752facb1378462cdc25b3b7ce4e2c70a3239d6c59
143255,Narcopolis,8510ccb15dbf31cf636d97309c924cc6913d613c62339e776ecdf19ca61a2b22
143257,Ashby,d9aa4352a6527e58d8deb2d310dbc87d2613d18d5d297f21c22f3689a656c0dd
143355,Wonder Woman,e5b3e1994e69273835cbb6b3324592e54e7e5844c87147ee8da76c30a08c8be7
143365,The Circle,aa88ff912555cd98f5fa9ee616ae3f8c92d5c8007e5ac232934ad272786ac8c3
143367,Silence,f0b4333c8b0dd3c39a6b0c366cb3ccc348c386dbc70f9a6d98786cb699cd60cc
143385,Bridge of Spies,98c714d93b7b4966e326f13634b086db5289b331693b2f40c66664969db7cb31
143410,Hyena Road,b29ec14ff0340ae13e395ad985dc3c345272a4a09e5be1fb9f848c7e70619f83
143458,The Great Hypnotist,94adb5a925299bca4adab4b49aa1e02570c0de366bc5e4294bd6612bed647adb
143472,Into the Grizzly Maze,c405d57edcf24df23b34e085347835f864f02f2227a6f25c3e1794b929ca1fc4
143511,Human,fdddcd894f8885d921fb0822bc00f018623cf38cf284f2e6f8e79cd54eb54ec4
143525,Chasuke's Journey,f199c1940f4f1668b8e11c87af1e764263511a109b9050ee9dc9e7cf3a70b7ee
143559,L.A. Slasher,d404d08c3bef3ad34eb16f32ff22c6aea4c770ccd1cc8d5d1d909b306a2d626a
143859,"Hail, Caesar!",e3e6598b1a6bd239e986e664959c8cd18e509b568cc66136c53999778764b7c4
143896,How To Change The World,c948adbe169c04c437dfd33964265cb7e69a27c2d8496fa4bab430914666da5d
143969,Er ist wieder da,ca41a5803522d00b9a2dda57caf44f68cbd06f039fab38850ded6cb77c763678
144210,Just Eat It: A Food Waste Story,b1d24973cb49634a78d2333492e794d3b63c3cb525a7cf27cd093349336364c3
144222,Bros Before Hos,fb58b6d2dca74149a69bc92db864278576903cda5d1991a77946a2355ea9485d
144262,Slow Learners,b700ccf970fec36606793701489d381ed12f87e1c64c3699c651399f6966f0be
144352,Unforgiven,e7009fb8caf6c497bc85f6459948e16935a997f84e6a3cac4c3649da61958bc1
144478,"Sex, Drugs & Taxation",bafec50806ddf81e4da017f968146ce7835a7c782447ca95952a1e55eddf1229
144522,Sky High,9261b6668c334d930f0e8eb979ced199798ab093ce303f1a87ad608fb2cf6962
144606,Confessions of a Dangerous Mind,a89236a34b6dc1bd9466348dc6cd6464682763364acb6e96912ab69f35dab5b2
144620,Goosebumps,94b596b54bc9c95a317e3b751d111cbb3613335a92cb36c59f3390b134a5a49c
144714,The Perfect Guy,d81fdc6a07e03781f91fd1be44e0cc018c5f156a73a05b95e15ff522f3218b17
144716,Rock the Kasbah,8a8db8be05f34b68783c32834e8f79308152876d5eba6a29274d95d27cb7ca2e
144734,Freaks of Nature,ffaaa25ed140bfb90c3f4542aac5ffb1c33aa01794c08debac4466cc42bc325b
144976,Bone Tomahawk,b534bc25368f971f1edb4a38be2fb058401e52e7fa1af803f050c0f937c67609
145080,Extraordinary Tales,9015d01467f146ed787f914a87e02e5f0ee62da43d7b1bf13af178eae0686d08
145150,The Dressmaker,f3998624ca761d93b3c362ce8d987db98265bb48542ba2936ed8952d48a68fd3
145283,Nowitzki: The Perfect Shot,9882073d62619e1e59e1eca3365e79e12837e5c81dad699357efba4405aec29a
145418,Trumbo,a4ecd6d95b6329366d93c3c12a4c953e5897296b52641e17adc970cd32ccaf52
145491,Our Lips Are Sealed,911d79b0ad12d6274a2b31d03de8bc1fa73666e098dd674f7e6c885035901fa7
145724,Idaho Transfer,cacd35633a364ec985323bece61991122bedd612a8d1eb6db4aae0958f69f02a
145745,Witch Hunt,d5519312006e84f499df079b06d34cec6fa2cb2e7b4c664f6e176370336138de
145839,Concussion,899959bbc643e6757c6ec6666a99d51b63e3aa6c7ccc51e12e1c3b8206660e16
145935,"Peanuts Movie, The",ad181fe171a59819071ed7e2d85ae014969f73f8c2b471f39879121791af3e49
145951,Bloodsport: The Dark Kumite,a058ee384e76a6f25c86dd2513e9465e063611e61fc96639cdf40f4d366ec0f1
145994,Formula of Love,d1572c3993a7287a0eb673420dad97c37e7bc78562f39c2883d2c131f48e50e3
146024,A Man from Boulevard des Capucines,c431935d19c81cdba193a7371b09a041f899edd4d277a06537c995f21ebc3ab3
146028,The Adventures of Sherlock Holmes and Dr. Watson: The Hound of the Baskervilles,c27c9ec778c1c51c9b3f01ee3b8872d02777c5607c0a3a04c264d70f3fb94db3
146210,Blue Mountain State: The Rise of Thadland,c1b5eb162b04b24c314b3ceb5ea0cd1005b8c4ee0cf7de99bb53788d30de23ed
146244,Dil To Pagal Hai,8702978f9a959e1c0d7a94875c8f895a5852c939352d6c65233d63c8d6d73677
146309,The Boy and the Beast,b1ce1d3b4739e2c65e72892d35111ed1b66cb33b0759c8c6b89e7331c1268c6b
146656,Creed,e5be9d7fc00e78007f912dc12b51dab3968ce02e474e6f5ed475c1a582a9d0ca
146662,Dragons: Gift of the Night Fury,b7fa4814c7415f268029359fcff6254914113eb5c31a15f90fdc26e0bd27f343
146682,Twinsters,f8c0c725b8d0e8878779388fc679b5cf4831876d3c93cb64359a7ab0914e2e93
146684,Cosmic Scrat-tastrophe,88f38833b3c727d4170c8c0b341fd02e2f7d1ebe63f83ea45fc0b0d269d55c23
146688,Solace,a23eeaaa548a41ee29980a211ea2a06e036fc71b2ef83fd079e3787fcb0c3ff0
146730,Lost in the Sun,af9ebb4943d543ef21e28494e52fc816783890365e48be315f29e609076f99ea
146986,Le Maître d'école,baefb044973907b3c0cc4a6597d1b5ba984433596cac08794b74df1d14bb5a63
147002,Eros,92a0fe9c2d5dc177d0ab962936566d9448a89328b75f64d748b5d1a0b74a3e56
147142,Those Happy Days,af66dcf0d1892f6ec430e0c58ed9f31965060e72f0c3c6cb0bbd6c8d6b12b266
147196,The Girls,ab9c9443c7b518cee15046fb85c79a1838fe6f0035abc2159f5ad8cb37b56462
147282,What Men Still Talk About,b88ea97ec67176d8948fc3616b8a7b842d72c43916d82d68d92f3aca61d4c2b3
147286,The Adventures of Sherlock Holmes and Doctor Watson: The Treasures of Agra,8cc79b33e2142cc7cdbb87260cec34e933a3b331cb8cc4c51279331e76f03ace
147300,Adventures Of Sherlock Holmes And Dr. Watson: The Twentieth Century Approaches,9d0cb1536adc99b186ac0ef34e7e336d25cb9aa712996da2cc207299e0ad6c6d
147326,The Adventures of Sherlock Holmes and Doctor Watson: King of Blackmailers,b573d5f0c2a8428c480e2c9f6adb4b410fc31e982b1cbd36b49bc9686ff236d3
147372,Doctor Who: Last Christmas,f2d8787b5a75d28475a29d840d7da971ca5c60a6a4a31639555bbd88b47b4a5a
147374,"Doctor Who: The Doctor, the Widow and the Wardrobe",937e9c431c0167bc73e660434a7bd943c9c8633c34b5a4e6b638d39c3bd1e1c6
147376,Doctor Who: A Christmas Carol,96362a8d4a45073236aedc5cd53b56ccc0f74f6625c0bb111bb5a0d5e89f2736
147378,Doctor Who: Planet of the Dead,fda7c2cb83781e06c2092d746cc3e07983827c907e6dbb30c3780f8ffc112dde
147380,Doctor Who: The Next Doctor,e998c966d44791186328f66d9f599c68d623a3a328d57ac46dea0d8b9f179274
147382,Doctor Who: Voyage Of The Damned,b584d03442db0fd18f336c173c6492dae19965c433267f33d998b25cbc49cdf8
147384,Doctor Who: The Runaway Bride,94b9c29146c7963688b49dcc3e2ff02d65ee658282c9c3dddb1bc9a06d83b497
147410,A Perfect Day,88ef83f2731efc99f40d16c38e23ef8dc790833261e831c39276921f46fc2c33
147657,Masked Avengers,91c659990619866669ab8753fa98f0cd83063c7296fb6f1db1318a60c7d7c739
147662,Return of the One-Armed Swordsman,fab0528c96153c139c0e7879d05f30736cf2e5e7cb36c366a16c1b38e5670f60
147936,The Lord's Lantern in Budapest,c360368bcc96387539e5c9658346e39cce593e933c394cf471a6c3c4bb4d361c
148166,Hitchcock/Truffaut,87024f1f4b7db4d2b420796412dab59c792416e918fb78d6b4a5214b4bd6f2b5
148172,The 5th Wave,c751b9f34aa5c4a5b439c0ef7b5f2d19345f760b71e8842e9193a65eb4439406
148238,A Very Murray Christmas,e050687ac7a4a78d35e39e3e161c92c69ad29a5a9b6e499d6ccbc97231ca2ce5
148424,Chi-Raq,99b9684666ebb21299568cb9684685b96e72b24cc4bd49e295396a4496cf6fb3
148482,Truth,d13fd3b33fe03cc42c450e6e72fee5939dcf40e44cc8ce5a831324906db1cd29
148592,Just Jim,dc92a36559d9da0661d3717d1f80a0d5d569669a6ed1b14b6ab01f05e15a59ae
148626,"Big Short, The",baaef0138551bfec85d64f38f0001f8f602187f668ec9704985f31a13f8f78b9
148632,Applesauce,efe0931cd04f6ce49f996c97cc4264bb9c669e32c63243183bcb306db199b19c
148652,The Ridiculous 6,d41464843eefb2a533bf19b837eeb67d36abc4d26b2649a44bbe0f1798409844
148667,John Mulaney: The Comeback Kid,fe9be550856c5aaff911917a1a64c881cdb32f16d4386ed184e3b5467b04d2ec
148671,Saw,9b637735b1ba0cca664125b694b04ccc6b7794a394ac7a4a7b3195259dce6e1a
148709,Mojave,c541a05db70c37bc3cb69cd13b919f403b568c52e7484882d7297aa7c76971af
148775,Wizards of Waverly Place: The Movie,8581a5002bbb4aa77a76d8ce75ce55d277c96b1c8a39bd31e1e1c9cc2686a60f
148881,World of Tomorrow,8c680993b31f63e66ceba41dc7246e9c6c0b43535cdaf8b3704e69d855b49c3c
148888,Zoolander 2,ffbe8ca6806173759028714a7b9b68ff1ee99e4c36640f70c831c19af9981caa
148956,How to Be Single,d360844f71843b702cd966b41bb6a14dc62d9d836bc4bf3c79a3e2121dbf78a4
148978,Blue Exorcist: The Movie,90b670186a4d43cc5c980df32f4799d41faf436b98aa6ed641e12d13cf3f916c
148982,Devil Dog: The Hound of Hell,b3554c49d8be0fa2697a918166483a7ee1c3103f8ff143bef700f0112d1f1ff8
149011,He Never Died,e3ad955af883487a1720f21fc7e21c1765ece24f3e4152f3c83ccd89603f3343
149144,Parasyte: Part 1,ac85edc691aa93db73244ac4ec5ba13b932458a2e245137cccd36cb8e1bd1b6e
149146,Parasyte: Part 2,ab1c273cf5a4fcab1a53c273499989cbce6276635bb9d8ccd8e659649128019b
149330,A Cosmic Christmas,c7c93abe7926e54730face1b6c9c13e5f36796b64a182d492c4bc882912627b9
149334,Nocturnal Animals,c458c2213fb70e1e7ce828cd7d2e0392e6730249f9ed09ed678e02b6df230677
149350,Lumberjack Man,8727c63d4a5c597038e13dc731a673b262d9730913bc32d5b56a3863cef14e23
149352,Daddy's Home,eb47bc0b03957ae49c2a9939d079c06e2da0cb90d3c7e43234bc90f3e3b4e49f
149354,Sisters,e959c66e91a34edc95a36a30d93b92723666c858c6583b386dc96de93c9b29c4
149380,'Tis the Season for Love,bbbfd513ac48f2fe72ac490006799fd49da6e008e071a867bdcb39921e25ce19
149406,Kung Fu Panda 3,a713ec2e51c7d1cd6a197f191ce696534e3d290c33603ef0798d2c8e64c313d7
149508,Spellbound,d809ecc7c47007c2bb0b1b8989b7b9399656b77cb5c7615ec7c42641c4ce6c1d
149566,Unicorn City,988e47331e78b8ce6371b83e789581e14f1b831b78872f0dce60a3618dd6a5db
149590,Standoff,bedcf42d4434cff25242914b6fa5b3072b57caa74092a7d394816ed9d50913ad
149612,Swelter,a4bce5adc943f362b6fdece6a952a3492d53c91df006561814a756a948acba39
149830,Pride and Prejudice and Zombies,8339862108e6b9cef3194f362ec7a29d5c3cb9e3b1c742317ae306ce0f0ebd26
149902,Garm Wars: The Last Druid,a010bb22572ac0dd2afd1f486d0fd83584f24efeda7473303b83981be1cbe175
150254,The Devil's Candy,cd314f30664eb24f38cb91b3c3b3c3262ec49ccc7c587070f330e3a42f971e4f
150401,Close Range,fa68bc9ed071d0f88f9e49617883f60dd0ea80ec1b516fa2c0cfa41b272ecf1c
150554,The Love Bug,ffa67b26940024d9c0d9b19d29f84df15e254e2e83cea2c7b2773576edb00889
150596,Doctor Who: The Husbands of River Song,c6d2f32e79ad84d0ce37e9cdc7cc71b75885c654317a48a0a43832fc68718de9
150604,Moonwalkers,9aed9e6db24b344af6c8dd74cb31c03a6882489bc3316779e65c07f289329db2
150696,Tomorrow,9ff0a00f100fdfd08c05f27f5d902fa3334f549aa9f09a4c44790fb173c7e42b
150993,Anacleto: Agente secreto,be7cb40fc3f1cf01f0fccbc06c0f329393494bb4e4d211e6bf0416eb2b194d98
151311,Wiener-Dog,f39b8ce7939d7392ce63b38c446363389cccf133e70c4c63a18c373c683189ce
151315,Ride Along 2,9ff7ce33400210d83aff15ca65087f8195c7a163973f887463365e373e60d788
151317,Maggie's Plan,8f99ba27b1c6ecf0eee7056e1a195b881851ad57d5c88412e5a0935f78466de9
151455,Eddie the Eagle,f50f841b3d4dd2b0dfb2752d8b50753893f0aa9655698d87126c78e5d04f84e5
151479,The Flash 2 - Revenge of the Trickster,92d365c95b33176ee2c87594793b6264c0dc5cb37fa6944a91480a53acd7d5ac
151501,Exposed,8cf0493359339cce64ed31c7371b18c77b66279ce74c1c0ec63c72753319270d
151557,Stonewall,8039c08a7dc67f71003981eeebdf7e299326cfc285fb81557ec22e0c20af7f42
151559,Frankenstein,aeaad49a805b5eee23fcf010c42709ff3d049582c8af2bd93ff0300a5ace4d7e
151653,Welcome to Happiness,beefbf39dae0c6eea546781be5311c679fc433d8f0194880c0311adab20748be
151687,Risen,c17ecb1e0e8136f1323f2db4398e70cc4e65392b33994ccac5f2c6368e16f1b1
151695,The Survivalist,c4046af83b5b15f7c5e7ca0c2750b5815af8c94f276746b1ca183b5bb5a50ed8
151739,Dirty Grandpa,ed1992f616c76539c3489c87d5316ace39184d33be8e91d86b6394e285b57a2c
151745,Reptilicus,df0bee1d019388eae8fe68949ba3db01f330b06ea64ea61d94b13ac2b732e532
151759,Requiem for the American Dream,9458973a972be1886de31dceb8ccc246c4ae8dbb8556bc423ad95cef9cc49894
151769,Three from Prostokvashino,afc59035c07a4adbb2302fe60d1bb3f2da24cc5842c2339d259bdb9fb064ce3c
151777,The Finest Hours,84837c8b718396830b1073e26c764a787274487c3add257e0b2ff2d5853b7be3
151781,Ghost in the Shell: Solid State Society,94ca1389c3776a76ea391439b5e6858ba98d34c3349d78fb6a106886e38f4bda
152037,Grease Live,eacbed34b6020df798cca3a9de2ac3f9e0a2bd5c35733282ca155f082c3ce8a3
152063,Gods of Egypt,ec26c70957899be7191076983e632f5b619fd32b927fb69f9a66f50038a402e0
152065,Embrace of the Serpent,c38a47963b0e387d2c69cc792e2b9b16238ec3d7e78247929cc66177b123730d
152071,Race,e8d7cc61956cb29e4a15c5be63116ab5c5662e49aa9bb38c3806cb379f6938c2
152077,10 Cloverfield Lane,9249cb6c9496c91636ac95124b6634a9495636ad615136f5ec6cf253eeefc472
152079,London Has Fallen,e4cdc6cc161ab2517a31baeabdb44134bbf9cb94193c903813e0bd4ff8eee084
152081,Zootopia,8d559bc33b0ce7092712bd5659dfdd469d94c394621185df21aa7427aa917578
152083,Whiskey Tango Foxtrot,ea5c94230d926a8cb67912677894735d1c6b772cd8e6289835b170e62c76dde9
152085,Desierto,ee3540fb11ce19d5846a3e35e1abc1cb4e50ba75913a9d4e6ec0c4e973b97b00
152091,The Brothers Grimsby,b9393be766cf4f9ccbf4b00bd103ccf09429b442c31cc64ea4e1831b3e979965
152105,Dad's Army,abfdd50346442f7a9983b9ac1602428839efb0ce77784cc93fd82f5450ab3e78
152173,Michael Jackson's Thriller,d889f9812547823e3e36d45929f929c704cf40dfc3997c28fe40bc58693ec73e
152270,The Wait,dea8920e21dff56036834abb6a482b559535b49ecd22da4b668dc9253a5be6d2
152372,Southbound,dfaed68bf4015cafab0136d2a474873d85fee3d0c14ec854d87af850914e16cc
152591,Ip Man 3,8cf28ae37b05e61484f1f952439aa6b1b074038d7211b873dd1eea38dc69f9cd
152658,Santa's Little Helper,89def7117c810976c0914e86f15528ea5fb50f52e269f1eeb69246199b265ce3
152970,Hunt for the Wilderpeople,be29ade340e66798bfa139774017ce85a65999c4778c4a736073f5c49daa0e18
153070,Rabbits,8f1780033b745ffc12c87007e40b40eb7cf14b6a86b57f5b3da8c971996a70ae
153236,Genius Party,ff7f57785b09c5c2a4ce58d39a1b3c0c747264a453071879e7425ae4bca5c3c1
153386,Long Live Ghosts!,ba2eab45b5ed075b2792f0e80b17f06223e79bf26c12302986f9c7109b62ccaf
153408,Tears for Sale,f9892dcd86745b3681e3c9c2c25b274f962d712d0bf49a46b042d0c984f97db7
154065,Dad's Army,fea22c1d84457bfac11c96e45d2a29c92ea7c13efae5d0ae3918b4a1c64ace56
154358,The Barkley Marathons: The Race That Eats Its Young,dbaa4c10b194cab46d29357a0ee791afc42d335e1faecafcf811c71ac0d2f844
154975,Merci Patron !,e0474e5ebff87421c23f39814e81d2bee5ccd1439e743d60634b4e879b03c633
155064,The Neon Demon,c54ab30b3a8508f44e7864b8798f71c7666bd6181386b7a6b5856dd9c9524afa
155168,Fraktus,c1c183d37d012d65ec0cc678906ed8fa73fb730a139a5a9b03fefc240fe66c14
155288,Eye in the Sky,c1f8bc0f3c234bf09f0ff07be0fc87070f0058f4b1c6261f6a9b4be01fe485c6
155358,Camino,90be2f41492fc0b66f4190be3a86ba59c0bc6bc19e3bc0a47b7bb40cc1c63e7b
155509,Mr. Right,f879c5f91d1c56f30647e127c5e8b09190469176c4c3cd0f673933383e3169db
155589,Noin 7 veljestä,eeef66b3ad6325ae939cc255e6149d2c90d33a5043a6dad6a50d83d9b8548987
155659,Florence Foster Jenkins,ca5bb99bb924c924d6c916c43b259d1b6adb6c6c41a6c1f597719631a51a1a9e
155743,My Big Fat Greek Wedding 2,aa1bd507fde063c07ad1ad3a812f1e3d3896e01a1439a36dc3945ec267de7869
155774,Neon Bull,85878fd0781e78f039c33123a3f093073b74911e6e70c37b7e2195f7b4272c53
155812,Get a Job,facefaddb9191d26153e1731b661baed78e4945416cc88fa22586a58cd5254ca
155820,Keanu,904fc51c65d9383d63c949611fb16e92726a9b634da6b61a36477876199c363d
155892,Me Him Her,d243cf2a5fccf0d7483a831c13c91feeda16224184e352c6a6954c9853debbbb
156025,Ice Age: The Great Egg-Scapade,db642013349e5fac694346bda1fe5b5d2906948332fc237acb5f9d093ea1e154
156371,Everybody Wants Some,b5b9f739c312c1c36193c312fe38be7915e345a1e399660ea70e1d215cb203de
156387,Sing Street,effb6f24850463991afab446911991bd929d96d36bc62b592f930f0bd423c909
156553,Zoom,cf80b4ff4b802429cbdd9a68ce9ec3603c1acb6c75b0c96c367cb3b14f733130
156605,Paterson,c1f678663e99a719ee5348a1b16cd0de6b32a72934c95cc689240b19d6df2e63
156607,The Huntsman Winter's War,b176830e052ca4725a9d4b53f873b4e407e9cf89fd17587790c1cdc94c5f9446
156609,Neighbors 2: Sorority Rising,f2c1af38cb2eb0d6c80f35fb14eb3e812f14ca0e2056537e276a1ce9daa1a4b3
156675,Project X,d751f3eaec57346ccd3e981433e8c1c14bc8cc215e697e2ecb964b6ac0a30db8
156706,The Trust,a694836f13cb2811596b34f2afb5c2eed68aab0d9bc811e920b56876c672dea6
156726,Hush,e8d59f941e3a8837438797e22f70e0f3f03ee00f1e117f8507c3ebc8f0e32078
156781,Jimmy Carr: Telling Jokes,fbdea7621cfde46385b15b4ce312e72d6808e48c6c25d4a58cda9cc5d8da8349
156783,Jimmy Carr: Making People Laugh,8773e1c83ce68719f04ebc13a70cc0e3dc310b0643e1c23fe48fe740c7f843ff
157108,Texas - Doc Snyder hält die Welt in Atem,b2d9334ecd26cc99986379e6c59c38e19cf2e609cb2695da7063a716e1999265
157110,00 Schneider - Jagd auf Nihil Baxter,ed69c239c7961cce98cb7326e66c6db371886f1c12f3f2629e660dc9e80704e8
157122,The Man Who Knew Infinity,bb966bfdc659b0059d048d50937716bfcea15b209a4c9cd63b769a4160cac9e3
157130,Despite the Falling Snow,eebe4ebed94970436e2ada21b1c72f788e6674a35b895ba864c68c4e191eb114
157172,Wizards of the Lost Kingdom II,8afd956f3bb5a1de26c3e6798056dd0e8835759202d0fa6979723a0f650544ba
157200,Money Monster,83f1a7331d1e02c80a6195b63c1e9b7c795b54c292ec29cdc1c965c9c5d3cfbc
157270,Barbershop: The Next Cut,e3cc4733be33b8cc28f2c03243cc2dba16c97e0d9738c124eb36c3f3255c8ef4
157296,Finding Dory,96459c9b3188e6e6ca6a8d157796362e3cb6d9f942436a4465ea9d3c9e50e4a9
157312,The Boss,ee07a55c91fa6e248617399b79e1493ae6169ec9bb39919c8732c6615b1e9846
157340,The Angry Birds Movie,81596d41eeae1baed3bba06128411bbe1f8ec69ed261e8641926359ec7d95e61
157369,Bakuman,b0ea04828496106a9f6ade92cfc166e8c6382df8da9b139ff318cb0185ebf7cd
157407,I Am Wrath,9102b8b898e9c1d04bd327696db092539bd6c968c49d169e8a4bce6f9f27ce87
157432,Precious Cargo,d043162b641d321bd48be07ffba031d85b7727ea039565f0ee2b9fa49c1b3aa0
157699,Snowden,cce78c66320cb391e39be339ba303d87f1cf4e798ea30c404cc8fcc4c64e91fa
157775,Tenchi Muyô! In Love,c01f42fc2ff0f9e3db83c918361b649690278279dfd4298ac352ef4ac7bd6031
157865,Ratchet & Clank,917690387e4b4dee6512fe1178e0817a37973867f0c36798ca1db22697686d3c
158022,Kicking Off,bc2bd3ba4b542e6f5e94c1ccf049b4d2308d434c0f761a154b7b7b38073e2f34
158027,SORI: Voice from the Heart,cbb5d658d40491b753cbd4052e5dc949331af961362a66b0ecf33e8ce3261477
158035,Gintama: The Final Chapter - Be Forever Yorozuya,e9eb47e41e74f94b59964c3c69a116df463e19e3448a3ba4254535b2b718626b
158238,The Nice Guys,fb419696e169cc32936e872cf17a90b5d0d33d0b2fe460fc381c6b0b3e9333e0
158254,Kindergarten Cop 2,bfccc83162d93f8ee930d0fbaf0cb282bcff19606a8d0f1e586ce59389e2d00a
158388,Buck Rogers in the 25th Century,abfa448a72aeda1dceb8bd53b5037ba5b07b4fa4c955318a950aa07da524b413
158398,World of Glory,a1f45c0b7707a3fc19c36e25459c905aa1cd56112dccf3e36af16d871e3891d5
158402,The Crew,812695877e06687870d932f36a19cb1c37f176b19826618b46f28e509feb9fc6
158528,The Shallows,88b78fb7fbbfe3f9e753a8d8cc06b04c1ecc440c18e05e0ab2a8f203b339b313
158721,Gen-X Cops,e2d9e25d6d30597311e621a40d8e879a4633fe33be0b7ec893c8138d2d9d5d0d
158783,The Handmaiden,abab89d1bba0da36970590bbbd1fb0c89f0565469bcaa0fc959a203bb74710e5
158813,Alice Through the Looking Glass,f29c9a661462f9912f19a67fa74dbd01c7da4c3a3e24e38640f29c619c95694f
158830,The BFG,d654291f00ade667651a18f2798ec5a07856cb2d69698e9f72f48c9f0b25b2da
158842,My Scientology Movie,f666bd99ace8f266699996268d1b81c668e3db99a664cdc62578681c32936663
158872,Sausage Party,ad90c5af4a651a5472cd64d18db83925e365867c3c97f0db0f9a3933d0660fcc
158874,Karate Bullfighter,f8036087c5f6857a1ea9781c22d607ab2b65af210edb0bf7a5e455dcd2269f05
158882,All Yours,89b9d6e7870538d056fcad1b4fc6b13148caa607cfd58391d0abb2da4c78933a
158956,Kill Command,8d91ec34624b83db25b645261bd99fd9e6047326b1132de91ccd9cde6a76c425
158966,Captain Fantastic,e162964e56246940ebd2de210b3463ddf79a1eb309957bc8663f0c331de9790b
158972,Toni Erdmann,af43bd29d6b543d22b401c2f5c2d43d443d33550b70dd0ee4c6ead096da5b8f1
159061,The Wailing,b7d2700642adad7cf544d2a129deb658720182a70d7a7d2ac2a52d4796b3b6de
159069,Comedy of the Strict Regime,9a75c98a17b7ecce7a4587325aa8da486cf32ddf0e02533cf01dcd8b8d522855
159077,The Meddler,e5fa9a253200c5f709f773744b2c388120970df25ab87604a79dc9f9e1e3c1f5
159093,Now You See Me 2,add0ff30452292d7222d4baf7a53ee030bc866e571a1d3aadcd8349691f4197c
159161,Ali Wong: Baby Cobra,e9d3aedf1e6791adf1b3d320cc6476d376d8e0188519d0b2c972694262ecd324
159193,Café Society,a297416e2b8835d05b68ec37e42a9219393c6c4b64f69b6599d21dede2b3f312
159403,Neo Tokyo,b4dbc924a30f96a2fdf50b89708753263e79a18af7e3cf15302271891ed4895d
159415,Swiss Army Man,f59cc51d0c6732cc43992e6376670bb2bd18906d2d86dd1d12c9ef864cb63ac9
159441,The Do-Over,a73cd8c36d283253dea787b202d868ed32727c4dd316da7835a5c93678c14da5
159510,Death Smiles on a Murderer,bafb8dcfed0053bab01db72115eaa5447299e4b4cf255249d0d21fac495fc851
159690,Teenage Mutant Ninja Turtles: Out of the Shadows,b8748c16ae8db06903e1a69de3e48bb290192fe385021cbceb34cb9f30dd6dee
159717,The Fundamentals of Caring,e1e39e1e630d30b48c97ca733e3463cf2596671919e6b2cc6cd9cd3696129269
159755,Popstar: Never Stop Never Stopping,bbefcc7087dfb3904c3e2dd8f24130e495860e3349a16cd434f9366bb324a396
159779,A Midsummer Night's Dream,9d21d62c06c768322fb89947585324fcc6629f7dd18564933cdbf0229f6d66e1
159811,The Bremen Town Musicians,ebf0fafb272d4cc4f150923dc837c5cc2e1f1566d1f19853863bc8b37094e062
159849,Bo Burnham: Make Happy,ce723589d9a4d648219dd8e676790d9ef8670e79019ef866379961ac784a86d1
159858,The Conjuring 2,d0679f2f13f843046c072a727d0b79981f9d14f36ec3e4e33696661ec478c20f
159976,Pelé: Birth of a Legend,86c3f92c5bb34317332c82f32c6cc4e36dba19a6861bb21ce179669b38d38dcc
160080,Ghostbusters,e135e2b651da61d13bc290647cf89cf00e7aa73cd9b8429af06c387ec01636ef
160271,Central Intelligence,a4facb2118ee81cbec4c5b31bd34639c86d7d0b941afa43adc4b2783733290e7
160289,O.J.: Made in America,962b92e56b53cb5e49b0cc2a24e594656c6c6c95b69e7ad668d2949b62c29379
160341,Bloodmoon,9306cd9aa4b5c54a18e96b7d4f1eb38636d12e34499d36db4b3d094679a3246d
160400,Genius,952ccfd94b8795a7135b903c312278567c20fc48fa4c3c9534fa496b6871dcb7
160422,The Wooden Horse,bbf53fb6947ec04ac6996c89396485723b443316c437c8c9c6c95caf3b2cc165
160438,Jason Bourne,cc32c6d832cd39672632333039cd2ccf9b26ce6365b199d96426c326ccedc6e3
160440,The Maid's Room,b181c3539c36ec6874c6b187181a89714e77c4634ee34ea7cf3ace388e7342e7
160527,Sympathy for the Underdog,bfff4b7fbae82600cfabc4aa91a43b84e785d180b004ec93d89d94b18365e1b9
160563,The Legend of Tarzan,d0cddf8c0f1ab0d96cc7c34693434e23c8f7334d172ca1b85ed94c6d21ee331a
160565,The Purge: Election Year,ee5dbbea5b2ade0fb5c6e1a420f121d25c0d843181d8dd1fd6659b40df1aa027
160567,Mike & Dave Need Wedding Dates,9785a0509c9d0eebc651ae3c19ae3b30b71671e83419e7176aec94692c97dbc6
160569,Ice Age: Collision Course,f0da190348cb24deeba41667bcb73a644d2f31ad85bac5bda2d376196d901a52
160571,Lights Out,c9b636cd2649cb321c8ef49e632147613eded882377db5093f7214f4d8a11bc2
160573,Pete's Dragon,e1e1701a1f31ce396d078b536a37a8e188eb8f9a31069bcffe91e2045a9e8cf1
160644,Indignation,9103c0c366e67a9d3b094f6c36fc3e982f1b474b7aec6cbc3b181a4b06cf618c
160646,Goat,8b9e0b00ebbe65a6c32087f2c712747209c77a76c2dbcf86604ddd34f8d56899
160684,Marauders,f85df949134213a65cb7ec15607c626a364b3e2d4b641bf69993dd83249d26cc
160718,Piper,9f31f68c3034a84fcf1b5d9079ccd07fc41f7f022cc826e46333791bdccc9390
160730,The Adderall Diaries,9d75d9651b77a49b528b22c264aa85ae234da4b94efd6a29fe51d840d876d852
160836,Hazard,c5512bb9857bd5ac1490be456baf264790645eab6aaf91aa72c2752635bbca44
160848,The Red Turtle,b30e4c750cc9d4223316332ea4555cc95ebe23578030738edcccb6ef0e73d3b6
160872,Satanic,98b86a0ee4e55b2380d8dc967cf6926b6b92e19c1a63ce76259a631da2b79b42
160954,Nerve,801fb8504fe74fae6b2081be3df4fe49d28f2a7a2a7da17605215c8ed83e6941
160978,Hellevator,c0064917b2e430757af9f41a790335ea0fc96e912f37eec78c28cb1587b7a166
160980,Sully,89e6a5e60318d319c608651c269ee609761bd773972c19be1dbce68e8ce69673
161008,The Forbidden Dance,fbfb057412d2e910062edbdd0976b0ef20b5365b0c592f073c043dfb3d506dc8
161024,Jim Jefferies: Freedumb,a995551aca6cbdec258e6a6591733df12591c3cccb1c163b1666f39a683904e7
161032,The Grandmother,c81e32612d81703eb3c6e2d80f2f4d396cb316f268eb2fcf336d343c6932c361
161044,Webmaster,938793964bd468499c69192a791348b36de7254de60ccb6c1966f413679bc7dc
161127,The Infiltrator,c4409d14990dc4403ece7beb1eeb6bfe3b30940661e6c8343f8164e67a3f1bcb
161131,War Dogs,b99ba6e946641b1a327dc164b9d284d3c617ed6cd22438d639ca32ad64e4e373
161290,Vigilante Diaries,c02b91fc357c6a27229334ca3f0c2f277bf06e405f1d53b8e9e4ae49935198f2
161354,Batman: The Killing Joke,951d56e96eb5e1305886a65b69ae7a646b52a59bdb248c83d2b2db4d3743630c
161580,Bad Moms,afe4d2368da9f053c34e4e3b84c9b10ec0da36a91ee566b4c958930c3f274d73
161582,Hell or High Water,e242a5281dbf4aebd94d9cdc9da6906516ec9a56b99264babc5d601e7192075b
161594,Kingsglaive: Final Fantasy XV,fbfcc3b42f42b5ea8285a705605bd75b953ddabd50222d467f81d004a8296f6a
161634,Don't Breathe,931ce9446504b54ce5b61adb1b6919a64aef2eb32cbb6aed9ae1d9136483e681
161830,Body,a0d396d3cb433d2cc4b46b548f2cdb3c9f0ac9a433962d8f70b40d4bdbb4cd09
161918,Sharknado 4: The 4th Awakens,805166bd7b3798c3366857302f8e7c6a52abcb1e3c76e1c58876b411c537a9d8
161922,The Edge of Seventeen,e504a5114a781f783d0658e638b3730433ffc8481a395baeb5e41fbb5b8f21b3
161966,Elle,c400f0087ab726fd36dd986aec02199e39d16b118c664ce76eef9648f52897be
162082,Train to Busan,d66fc19509b4c09e6e6be76923dd35228c302fcc953b1cf331b2c32c2ec499e9
162344,Tom Segura: Mostly Stories,95c467091c92e3f4ccdb3327cccaeb02b4445d93e665299b16354dbee360b4dc
162350,The Magnificent Seven,ae17c94191cb16b5c460c17e4bc936933e3c6d6c4892aff18d3e5b24d6a98e95
162414,Moonlight,ab6e234bd49bdcb523e4345a5c5903a703a4dc40d4f450d5b5dba32b4b0d5f3a
162478,Masterminds,d7838d552c7a52b32d85b1ecd2b0ac13650e53f96c8a62f6037ccd0bb1c679f0
162578,Kubo and the Two Strings,84f75b8b918fcc7070c9313c6c682635b96ec6c69632dbc7879af0869f3920d3
162590,Bridget Jones's Baby,98d2a72d49e1e1d2161cc171c587a83876591fae85f5fdcbe03c43899f97a0e8
162598,Deepwater Horizon,ad4a36951a19c4ac34b69b5b4f5f9342b9a12ce8ff2df19252d2cea427996149
162600,Miss Peregrine's Home for Peculiar Children,d411c5701fc6748e743bc710f94530dd0dd3c430313d3fcdaf0688bb39f83f0d
162602,The Girl on the Train,b2a5b2adb23eda524b933cdc9b60932d212d9326952725a9dc09349df6ae96b2
162606,The Accountant,c11123e66ae8e2fbb9159c05679b0dfecc0d73061ff0807d629e4fc3f07184dc
162828,Imperium,99b6b50d26492af37632663a4de6cbc55ad55816ad19a548356bb4c1b6a0ccbe
162968,Kizumonogatari Part 1: Tekketsu,cccfe66c12338fb06cdc393669a7b9ce912dd991315e2605e991339916c2733c
162982,Steins;Gate the Movie: The Burden of Déjà vu,9588a321a4e268e4e86976956accdc869b74df3b9f9e6743c62113f14c6919ec
163056,Shin Godzilla,df6834fba000c85dbc6523d7c7cd8c367e8293d84da5d8167c092df8c9a28cdb
163072,Winnie Pooh,eeb19ae8e571e44b91130f9698fc391c4a199f3142f5746c0f496af013f4d4ea
163112,Winnie the Pooh Goes Visiting,caf3961460cddd4f974dc0f29d3278b0f88ee5489d184af337306c6d62c83e0f
163134,Your Name.,9461d3d73709d23041db5f0dbe66411d49eaa61169063cebc1fa8f447a97257b
163386,Winnie the Pooh and the Day of Concern,eeef8b8b5103e460f110d985c5cff19e7baf7fb2f4a0c0612f30d02de41a7130
163527,Comedy Central Roast of David Hasselhoff,c444944431913bb96bbe4cee4ce7d463f711b314b15136ce26366cb3d063df38
163639,DC Super Hero Girls: Hero of the Year,876560dbf3ca3625a099370228ed2b5167c94aa7f430a8c931d09cb7e74759bf
163645,Hacksaw Ridge,c3a8b2063cb70db93f52e1ccf6264a138ff930466845b62cc7b36373962cc9d3
163653,David Cross: Making America Great Again,e4c19b34ce1c706b931e86db79e3c6cc96322c2c5b3266d1718dc65acc5e948f
163925,"Wings, Legs and Tails",cea9526eeb753c54f078a5a2d61b432d91e26c1b9ba466a59c7d4390bd16127a
163937,Blair Witch,d366a3671e26e9cca784de0e79a507965e78d163239b94d9bde2ce266c085648
163981,31,96ce69a4ec587b2472a3b1d271a4b2cda332c79cac65c69998f1ce34319b3c63
163985,ARQ,c19943d074f0b66e2a0ed78f3d8789c187813f78aac446f2c43a79c4d8dd3d69
164179,Arrival,a8e2ad55153af8e331d5159cd0a83bdc2b55f2b6069ab7327b2e62272712a6d8
164200,Storks,9fd3526bfbe5ec64266c0dd61e5a35b3a690b23a2181838c5a5a5a7cd2a4de4c
164226,Maximum Ride,ce2fe194f5c53e3509968a6962f4d016bc2bdf4e0751a3d880764e2de28c6fc3
164280,Endless Poetry,b8f0d8f1c71b230ff162279ed09ef8f28b91d84c221d5d1a2dc4d783ea17585a
164367,The Girl with All the Gifts,ad06ef484d068b4b4b9324d2f4b10d3cdb3ddf2da25b1d33dda38a320f44669a
164375,All Roads Lead to Rome,daffe31972005cd2c77f829f5aa149d0e17ab48e35a54da64b485a81e856a53e
164540,Amanda Knox,c674c9e47989b31956744edf0f88c9883093c277365c89684fcf3057cd927fa8
164647,Dirty 30,c35e9cd265e36335588c40ae1b2d42eb3dc2350cccfdbd24e41fbeed812c5a4a
164655,Gimme Danger,8baa76d4d2d6bda96d5692d036a5c5523a516c2e972d3956c4b43aa9745a2d31
164707,Go Figure,ed9f5d8373e1e3870e301034f23d4b83af4305a79aa508d6ad42538d76bc2ed6
164753,Anything for Love,8afeae5ed619766122e1bbf6a1c6a1c6b8c49c84cedfe72d250da1309a949296
164881,Night Guards,d030f3b8885f0d0e278e4d8761e3c0e1b1a1f5fddaff13fb1ef226f0e420f004
164909,La La Land,c1507e0f12a5a5f23d4e91e1caad9e0f21d22e1e1aa561e08f1e28c756bd6f1f
164917,13th,8aab1aaad54cd597e5142b448c552a952b6dd52a76aa963a9b6acdb3a5553b44
165075,London Town,99914a9b7b2db262328ee4cc6ccc1be4d1330dbde66e98621d95e989931574da
165101,Inferno,cc8584da333123374ce20cef7bcc339c3661966359129b9cd96cef23c7236574
165103,Keeping Up with the Joneses,b2eda3ce7400fee42c441d503eb4a0ef59fb2dfa7609ca400ff0cfbc5d108c5a
165139,Wild Oats,faff2d2a72b53cd9f62a85a6b8d4432ac9959a59c2281cd3e115ec6ac2d5b824
165343,The Rocky Horror Picture Show: Let's Do the Time Warp Again,d3199c51ed06612626261ec75be90fb24cdb2cec603c269986dd0adfcb3e4b63
165347,Jack Reacher: Never Go Back,bc77ea620841a4530f5b6b3f333995d845a053edb7dc67a29ba46649b15861b8
165483,Joe Rogan: Triggered,e837581687eb05e33a179917619864d91e5db7e69326625f6679b6281b10659b
165489,Ethel & Ernest,c331bd4cc68a671398d442ac0d79ddc6e24f7a5b8d22095d14ec64e6fa53b731
165529,Flowers for Algernon,a141c59646cd4bcb17a6fb41f924b25f05de80d3f1553c2e3f2c370e158fc893
165549,Manchester by the Sea,a636d9e9181f27f2d8673198ee9711cdb63c49a3aede5801a26705d2dc41e89b
165551,Lion,d8a65160a21d2a9dedc8ac77ad70d3db942d8ce0949b99474b62723ad9866aeb
165635,The Thinning,f4bcbc43c3edc2d23e13cb1f3925c1ac78e698ca92ce3f81dd1c633341906d92
165639,While You Were Fighting: A Thor Mockumentary,c02a48937c3913f633cc266aa39e9c7587557b2a35f38c38cf5ec1853db93e01
165645,Bad Santa 2,81d0b403760f4b563768c4ea0c97326a91ee3f92b2f8875f358fb2dc2f13d1e0
165671,Ice Guardians,ebcc4be48431350b914ac9de34b526696f58d3a5538d691e8566a5c8dc1bd697
165843,Risk,9992ddf76e4d26699532e3186acd1224913279536acd991d913269ca6edd958d
165947,The True Memoirs of an International Assassin,fb09b31194b6d46e4a5ccf9125e0ed3a181ed6c56ae5cb138f92358c91bd1a99
165959,Alesha Popovich and Tugarin the Dragon,b41ee66811d682c80624bd8d61f8d9073fcfdc163e39b1e0ca8f1343f4e637b8
165969,HyperNormalisation,a807abf5e44ee5eec53d3915af39a73a55229b64ba6436483640a3c355a741a7
166015,The African Doctor,9e38836747cb5cda2926771a1c6128e06fce61857bb618398c7397cef1ac9874
166024,Whiplash,d6070b7035876e49a2d83d2d3b783da4d25c019ec74aece61ce5e0e3c6e97398
166183,Junior and Karlson,f31eb4e1ce1f7372cce58c9e7163cf3c30c8c8e7a728ba1944e42f4990b08ecc
166203,Sapphire Blue,d20892a515b4141a5fdbcf1bcd0c6ce4307a32c6b3c7f3316373491ecd9f2dc4
166291,A Silent Voice,aa87a528d5381a85bd45db9e8053c6f05a1aeb7b4972b85592adf5a445c56a6d
166461,Moana,d2de23764b13290964d4fe223c4ecf8b4eb33c29b805690bb2b8d3da78abd744
166492,Office Christmas Party,f849e398ee95397527fcca8ad129ad134ad4d8ae3c0b2751df2141af4053f1ca
166526,The Space Between Us,f264d719499e2ce0a4e746dc3332b1b63999ce0f0ce53ce3261c6336399c33b9
166528,Rogue One: A Star Wars Story,f041e0e305e7cf0e3b3e9308db1a353c9ef8c87129f1959c5ae3c4c914e7c936
166534,Split,b7d9f649644f901d5935b6674a6ca5cd13f32db310882b36449b294df492a2db
166558,Underworld: Blood Wars,b8715d71cf83668fe01c183c6b36e515109d0bede1c636e33a73d93bd5c04e60
166568,Miss Sloane,f213f061c567c39e69b091914e8d3c0e3c2cca5c61f0f3638f9325e1cf939b1d
166635,Passengers,dcd254d0f6791d2f798fe28f4a01a8d028f30af3acbb5c3b7c71ec914a55a250
166643,Hidden Figures,baac3d3a845dae459798e086d8268532c8f7487ae9fbe09fc40b58d29dc76227
166705,Fences,954dcd664ad6b6cd69b96b3966e366374b2a0ad82dd295626a696a52f1866189
166946,The Founder,8eee311a05bb8fe0ea54646df39b6e97b9618f14944b857a91a7cce8b8504b25
167018,Why Him?,ee0280fa1fd5580765e8a819c593a756d86cdd28b389531d0e95366b63fb4e96
167036,Sing,d94734a620b43e7bf9026b8766701db8676f0069dd80863e89d01eede6fa9d0e
167064,I Am Not Your Negro,cdf16dbab467120064cd1d86d337e1fd4898ba310fce7a01fc6c5a85ad7a5829
167296,Iron Man,fc2e6e2fcb5a7a9bdeb5626d30b498d67a41936a0aeb9d02e4092ab684d97c10
167370,Assassin's Creed,f71ff4c40be0c3f8c86e864bcf181ce70da1ce101fc69e58d87ac06cfc799581
167380,A Dog's Purpose,cea0d5dce85e677e9298d9a628adae119be7a802975920231d63803f54fb175d
167538,Microwave Massacre,8555959e16a69cc26b42ea7a2a7e443ebe84bc1c8f5de3078303cdc1e3cc3b96
167634,Fist Fight,9508c2e3ab76545dd1ad8d52a2dd192c4d7af2db18b38d0c83c754b0e8eef133
167706,Shakespeare Behind Bars,dad8a9acf692cc604ef3876341a572d2a6395f3d2e9e387c58343eda92c96124
167732,A Street Cat Named Bob,eb639c92b98c8b5962b6d46bd198a4655a862e99556a7a94accda2329b2ad47d
167746,The Lego Batman Movie,f318cce71a61b1849a18c0e5e312616d6b923c7b1be62e1e9bb6e649b664999b
167772,The Spirit of Christmas,f87a34258785cbde781bb4216c66685e939993816c4e2c7e9731d3126bce94cd
167790,The Good Boy,eeeeb1389051cb5ed6816ee3e54c96369133e10d6c1a3bf1498a0ee662cf30dc
167854,"Dana Carvey: Straight White Male, 60",c5401eff3980638c2e3f9c7063ef4e1c9cd469e3de0b32ec71c68606e17a598b
168026,Marvel One-Shot: Agent Carter,d9252c9e4e6638f9099056d36f0ec069368eefefb9194ce06671b294435f8d8c
168090,Kizumonogatari II: Passionate Blood,8182962e1c9561ec777ad9317d2c29e9c4a3a157aaa1cd1c6ac45f5a525fd2ea
168144,Joe Rogan: Live,c55474aa3e4389f768aee712e4054c0a08d935fc53ee0fa23c1e7a1d375c077e
168174,Jim Gaffigan: Cinco,f69c88ee0c23e61932c639cd2f344a700dcbb59a365ece394cf319c9f7252364
168218,Kizumonogatari III: Cold Blood,978eed36aa2044da1af6da9b58a93e48bb5bd87a84fca1843149f8a4bc662d66
168248,John Wick: Chapter Two,8986bd99767106633a6ef07c69d0ed81391509954ebe6eceb7677e06689888e1
168250,Get Out,b547f01fae616ce0c5cfce9c5890963348f272e59f3c86c363396889e521e2f8
168252,Logan,e0e1e633073c2bc27a0bfc3868edb5a5361796fc63529f231e4dc9319ca718c8
168254,Kong: Skull Island,e41aeed5d140d43516f9d2db3a858d6c09bd7bc49e5a01b4793e0d236a84d0bf
168266,T2: Trainspotting,8307cf2794d890d869e9c5ed2b26c6163e4b32f1531769042cfc22f85f78d1af
168326,The Big Sick,ab9f96665810fb8b1eefc1186ffcf367b00906b6834618c74cd9d7481326ab13
168350,100 Streets,fd45e31144bc2c8dd6b4c36c6b49db4612fff31b2fc2c491321a96aa878cd855
168358,Saturn 3,d25b4cadc45267257426a3d23b89901e39e59b4b34f4fdc50d7d50f08a07dd2d
168366,Beauty and the Beast,e921e9ca1e5e16a527a1e37b795a3ccc68edcf648f125933d1bb678a87002463
168418,The Boss Baby,e969b45e9685c79093c327b3921e78678d2c91e16e35984e6a39dcc69a61c799
168456,Mercury Plains,f0c3f8d24d345338f329b1abbb7bc9be4e96a4512cf10ce30846db0671aab30e
168492,Call Me by Your Name,e14e9fbd6472a1ce7e31e463399de448267578c0c20c7bb79c2383653789cc72
168608,Mudbound,aabdfc2b9400835a77fa89b4a542f551ca98c2b9cdf288c77f0b2c8f1d8f288c
168612,Ghost in the Shell,c1f100643f0e6f1f18907e73862399ce9184a71d65dbc9f271f993c79e1b91b0
168632,Bill Burr: Walk Your Way Out,c1178661307d3df86667c7d13c86660e1ce170ee13a3d90f9fcc9c1b1b9c23c3
168712,Fifty Shades Darker,cc11e630337349904bcc1e6f3b399d9f357e60b748b94e6cc667772e38c21898
168846,Neal Brennan: 3 Mics,c1bac0ec2eed6f0339533fac362191f181fc4e0d6ec76766686694a1c7b8d825
169034,Lemonade,c30dd873533e28e9e4ccf7d21cf08385783acf029a78c1a7601a3ecf87b071f6
169180,American Fable,ef5ac6ec99fa262619de7f89e0729f1f90e41c26673165ced59984c2113d2886
169670,The Void,832438d87673cb3b689cb6070e6f91a71ec9e7694f32d0d8c4b4b26db0b0cd1e
169904,Guyver: Dark Hero,a697a97d5b70561a6c4d6d6435ae92ce3a5bc12965acb63546b12932934f0ce5
169912,Denis Leary: No Cure for Cancer,c0f2c3363d0b3c696b1c3de0c6e1cf96399c3bcd3b451a719e9c64d0e71b810e
169958,Buster's Mal Heart,d64cd51addb35ce7d19ab34c3b4494330ec7c8ccd19b6b44f26682334cc5d88d
169982,Power Rangers,aec455ec511b2a187fdda7912224d16e1a5eaa1e649857f9e12709369d4adcce
169984,Alien: Covenant,de19e619e209d9aba5672ecd4eb4d60a44eaea536233c689c132c934d99de1ba
169992,Free Fire,d4082df409f77b0c7609816d6d36d4b29ad39b05fd04685cf46b37e98295d374
170289,Species III,95b5aad48c1de17936c93b1425a6034a49da17e92f4bb69b6b707a64d3c59692
170297,Ultimate Avengers 2,9eabd2e5a130a214e54fcdfb42fa4d6c9297df27a4dd28ec677801553ec05c80
170357,Dave Chappelle: The Age of Spin,fadc8509123a6e677c0613b8e6355ec69d8bf2b1666dd8d30d68f434e46b22c4
170399,CHiPS,cfdfb2e32060f41caf2dab6ccc7ad697813ad16f2d59594338de4b91c4308b04
170401,Table 19,9dfa1c38bbc5bac5c2d6c17ee13ceb785e415649b4853ca77ca6703a92181a43
170411,Dave Chappelle: Deep in the Heart of Texas,84748075b155b7932e9968d963994f996e9869cc39e41fe41fe45fa2592259c3
170551,The Quiet Family,d03c97c00f46c81b9c91d47c694279c33c9776b0c379b94fb6c6f1924e19dac9
170597,A Plasticine Crow,bf1fba8b9863a7d0b798512053c6978453c8cbe0caa0f278cf57cd07cb01b95a
170697,Gifted,bdc0c1bfc4b4cf6686eb1ec1181ee01b61a5b2f21933e19d670624e47acf8d2d
170777,There Once Was a Dog,93494c7d3c35930ac89a7ceddb80491be51ee4b26cf9335619a176a5c6b76650
170813,Baywatch,beef14bcc301eb4550bb50bfe80e365c9107d5370ce0d8e96731e7748752078e
170817,Snatched,d040d9bbb605a9007c5befe03c0689df8734f6c3e9acdc329a8d416796ab8bc9
170827,The Mummy,9fee4e9c0eee8ba3e60d111a71d1ff6237bb6ee0c87096150eba2e31c30f8406
170837,Life-Size,eb93975f9424f2a1c61e2d5a79a193a59dce0841d27ef881cddcc661b024b7d1
170875,The Fate of the Furious,b1d9748f1ec20cf6e1a061c18f72583484c13a6be17cd70e635bdb0add0d9f9c
170897,Sandy Wexler,9b13aec644ecb0f825bdc390ced6c22d9e5ed90966591dbee04d17c4cc256b38
170907,Betting on Zero,e4b292d2196924d396da396d96c61b7cb0c64c6e927924e99e6639e4c71969b6
170937,Win It All,b8459064c5869869001bc0bb8a3bba3f2bc326641f8f997764fcf5b3d3c86e3c
170939,Captain Underpants: The First Epic Movie,d44c92da4b1979273c714bf861e59c67368487bc70dbf68193a43b48ce0fe433
170945,It Comes at Night,c3603cdf231c71e31c13639cc3e38b2c30cc933c1cb3cf972f9338d36738b0ec
170957,Cars 3,9040b7ba6f9d288543b6f6dd2897c7727e48998d72635946ac1156496bdd98b2
170993,Mini's First Time,df227f324167905f36df22ef2e808b881bdd821c30029de2f13f6b4676d25da2
171023,The Hero,915ffe4060a63f0d33d0dc6b1dfae61107de36e072b00b1ab90554935fe8e0cf
171251,"Nobody Speak: Hulk Hogan, Gawker and Trials of a Free Press",caaa0f37db926886b55bea457c4d9b39a5069016cd9385c3c8d0c7f992c1dee8
171631,Maria Bamford: Old Baby,eb1deed62499e43fe72417aa3ef8a1943242f239d3a613839698309548e7c778
171695,Robin Williams: Live on Broadway,b99acaa10cc49d9a4667b264675af725f3b5711af19ca2c49aca484d24f6d8f2
171701,The Death of Louis XIV,98da9b42633d656f4c62d49d33913958ccce6e66733d9b9349d2c48d33866632
171751,Munna bhai M.B.B.S.,eb4e95b5d22649d9c6313a469f9f6c4990cd03693120c267919dee478db703fc
171759,The Beguiled,96408c644ca68d9bbec9798c19bdcb3dcb349d86ccc70f9b31d171b1833acb32
171763,Baby Driver,adec33d0d20261372e7df6791c23c8c7fb6f8534ce9848c83de5a026da735185
171765,Okja,bee6b8dc4818efa32f9d2458926690dd49d7cf033458a0ffc2e531e02dd2c91b
171811,Embassy,947aa05e6b84c586c73a3e792a5f4bfd3da13f013bc88fe84c3d7017a00685f6
171867,Rough Night,afb67061d04b0fdf3d341826e2f762d01da9f62c0cc5fdfa91148c6fb64c6250
171891,Generation Iron 2,a505658216c1a86585a52bf73cf3c789cf277a771f59e8d8c34d32a234cecca8
171917,Mystère à la Tour Eiffel,b950723b47af155f40a348329c18b3adbb442dfb7277b4446d985aa26b436bb1
172013,Stefan Zweig: Farewell to Europe,f90da63458d2b3d02c4dd98da6765190b2432ccb733c8caf39b264ec3393cd4f
172215,Saved by the Bell: Hawaiian Style,fb0146e8a3539c7dd229d8375d0da66621dcb90c6cfe685cbc212bd394c34d63
172229,Plain Clothes,a5324a34310f78c99c9521d2cb15f54e4664eedfc6a2630f8bf3b2755b1c3b18
172233,The Prime Gig,e323d66c39c8a695993b39ed789dc333dcf23ca6ca4598618cc64cd8d9c8d984
172253,The Night Before,ac9cc4da87e33b60c1bd3300f66dcd239918db6e6cb234966636987c5a8664be
172321,Late Night with Conan O'Brien: The Best of Triumph the Insult Comic Dog,af58bf5050afd4a9ac00cb5669438cff2788776a9e54d29589e54cd2635ad90b
172461,Get Me Roger Stone,b8fc0acf530e750464b2b3db0a99e935e696e5dbe6ebec315c50c646b9261244
172547,Despicable Me 3,8e02919ed8f9e021bf9c6d16d6998f296a42659853d274e5e1b59b72cc5c253b
172577,Last Year's Snow Was Falling,d596c9638e49709e8c33f2c13638b82029cdb8728f9c6869e8e68f9ee33935cd
172583,Investigation Held by Kolobki,e83595ee321019a445faee0bb5af12574c4ac1b9b66665b8947f731609a36a2f
172585,Karlson Returns,8371ec0c1107c3f33e1ee3c4871f18f8e70f133c9aeb851fc2e53a622e985b87
172587,Vacations in Prostokvashino,9917a4c6d7e9b5a904060a37c5a83460f6db0b867a0c6cfcb3db32080fefe937
172589,Winter in Prostokvashino,badc3b1485e92deb97269260d0515ab4d4f12d688fe5928f3b9bc4d7b42cce01
172591,The Godfather Trilogy: 1972-1990,cf0bc70f30f438f0cec6cf27e73b331931cc99c62cb264308b199b8b31e664e6
172637,Priklyucheniya Kapitana Vrungelya,cf98b44f538e49f8b433c7c05a471a7385d46789b15e8635c1c2f08ca5eb9a7c
172705,Tickling Giants,c9cb96766b281d8d36663c11329766cc30b1c0f7c7cdc39fd3409f635d0a1f28
172793,Vovka in the Kingdom of Far Far Away,8579f962d04c561f1d8687cc4f30a1cd73535e79e56e1b323075c8a6d43929b3
172825,Adventures of Mowgli: The Kidnapping,c812c91237d83748b547cc074c3d70bcf16c63a762a572a5d6ad5ea66a9fc28d
172875,A Detective Story,9733961150cd69ce6d3a8b338a459ccd3e84a7b43bb539697e68d822c102e1ff
172881,Final Flight of the Osiris,a5d8a7c8dbe2d26236e4c7a46b0c6b44b6134f91ad8c9d0d5f0b36263723d70e
172887,Kid's Story,9f4be4da445b10e951257305af846f853af47bfd3fb40f1160b14232863ad4de
173145,War for the Planet of the Apes,ae94b5c9569229d5d16f4a5964cd963263499ab8398dda635c99a56b4e9061ed
173197,The Square,914369839cb37a986b9c9adc635895f560c38543ca2f2e889bb46b3c1b7cd1e6
173205,The Meyerowitz Stories,e2441f4f4032b4f98df3ccb839630be0c81eebcf5ab148976b91fa2c2997d780
173209,War Machine,945f3afd4723d3a02fb8940b6a26e177a0534ef0dc87348f96f8c94e2b28b913
173235,Tokyo Idols,ececfd202f15a97e2debff5f72264917fd5276e0c69986034a47d18ca18008d8
173253,Vir Das: Abroad Understanding,c513e5ecb74d86118efc921f98e27965699ce12e6615646a33d396fe1e21c454
173255,"Norm Macdonald: Hitler's Dog, Gossip & Trickery",be8b6c74068f0b077072c2cf7a5a7f24f24ac34535fada59205ea8bbd607ad10
173291,Valerian and the City of a Thousand Planets,beeb3e071eafc38d41f348f3b4581ecfc9466318e411c4bd6789cb4260e625b4
173307,The Gracefield Incident,92d994d96766eb66591e699669a553357252925a50712669968f9ca58f6d2d4c
173317,Shadow World,e44751ce8c7ca63859197fc76bc33b8d2e302f316a4cc0ced1eb947ca438aa3a
173351,Wow! A Talking Fish!,b38fc57cbe80342ac2ff2786195b3ed4cc31c307cba53439a4de122761a06fba
173355,Travels of an Ant,f1151c4d1ea556b184c263aa696a68e9327768df6a3d193c9ccb351a9c9a9e1e
173619,Fugitives,bbbb46fb8471390eb497e4f44ba6853b91617942c48c3a1d7859cb493962b167
173751,Tiger Raid,ae03d4fa51e86b45699a7c272617a3dae7699c8d98ae9bd0a913603fc672a6c0
173925,Seven Sisters,97db9e57393c39a92ece4b2e9314e4d9ed63b53213c903c30e38ba18e864b0e5
173941,Atomic Blonde,91cd8cf66e7233493d32c8b96987377ed899c8f7b7284988b3669903c8c8b64c
173963,Empties,ecee936e99916ad0a560ed85dac865ca5aab6b2f35379edc9549925062a059aa
174045,Goon: Last of the Enforcers,e90cb49595ba9f22c2a56b5bc9427cafbe4d97147e96c3e1b5706858c82c711a
174055,Dunkirk,add53df54fce772ab420848be5a81226d2ec66a195b3d2de6e4609d6d852b261
174141,Belladonna of Sadness,8d883296e7583c44cf9731796c9cd1083664c9f997016cde9f646c7eadd07949
174479,Unedited Footage of a Bear,a8a1c75bd84c2b95d4fa6b05a47e59aa2451fdaf839c745e8fa1509aaf8430f4
174551,Obsession,9ce9b4d84920c02686df26dd3901f320f0fee51ffb91e66cd58e39103e170ce7
174681,"Oh, Hello: On Broadway",cd18cb6d7a2c2cb3a592e3c264bb6c343db634d370c3670d71cc361a3b81ad47
174727,Good Time,d00b95473bbb4c156a8d7cba4ac539eb3545908b86173bda173ac9e1ce2343e5
174737,Don Camillo in Moscow,927aa266a5a42ca52db517907a1ad2e96edbe1cdbce8b109917393bccae8d8e0
174815,The House,ae72d7ac44995153338e4d45f627a5121b9932622cec6dbde016919f93253f53
174909,Logan Lucky,c4e6c40fd389cbd23a1630a42c696f783bf03d3ae5cc24cf3113cb824ec6b79b
175197,The Dark Tower,ccc36c9cb2cd3926b273db2bc736d9c9279cc9d931246193322c3372659c3719
175199,Annabelle: Creation,89988ec67766599959992265326695f8dd99ce1d9b1f918253aa5b2978d13c63
175293,Gena the Crocodile,8ceb06bce3036eb81696b94f87b46683c05c296374bc6ac2cb69f28663c3e979
175303,It,cce66739b3194cce939c6731dcd1218cdce2ce733199b4cc699996624cfcb308
175387,On the Trail of the Bremen Town Musicians,fbd3e4211cf00759b406499f3723c236354fbbf0cd3572c522aa1f8c99ef0f10
175397,"In the blue sea, in the white foam.",c143e2e0e1386e07d423e9eecfe42df38e667ca10cfe96c4a54b9268a56fd848
175401,Wolf and Calf,ab4eeb1b36d331d9059965ae52b9d2f9e0cf8734953a992c139c4a4bce1425b1
175431,Bobik Visiting Barbos,b7263eea3c59bd11c990e378ef4ee94e60ce46d107a127253e08f21e91778167
175435,The Magic Ring,95418ba934d2f9041e5afa7d680434f76aaab540e0a5078f7be53c025b29dff9
175475,The Emoji Movie,ad7ddcf25aa66358640a211f70c27a0d071f37a337979f7002cf0df7e5c0ea04
175485,Death Note,d713b9ce60ec48b943b7e74c625b600736201460ff0e0be30ceffc7c00e75f8e
175569,Wind River,f83faafd23d707dfdd0ea14a23f0d7f4d7a027e08df21f543504940ab02af028
175577,Rory Scovel Tries Stand-Up for the First Time,c2fa9d2d390df2983d114a536c663ce26ec03b39b5b8919cb0cbcc70b1ac53db
175585,Shot Caller,b1aab8dc465385e779c8921cacbdc4c4914285bf4ead192a386a4af82bd7bb4b
175661,The Hitman's Bodyguard,abc5b2e9952adc5254ba8392295457075a6a22ed96ed7e280fab68d46dce1cb8
175705,Themroc,ebe461cc902bc6239fb91bf8d85d5aad1622e07669c21b478f1a6d18a57e38e8
175707,A German Life,9abb56dc6d26ab437b19ac27b4a65319a250a5ccd2d49da7e729c2c78a279170
175743,Self-criticism of a Bourgeois Dog,9327b55de4c59b36522f644d0dbbc2b2326dccd9249212665ad92cd21db65b99
175781,Der Herr Karl,c5309e1f727466e3b58f52380e73858e3d1d4a73cce79d8ea3387291a50fc4c4
176051,LEGO DC Super Hero Girls: Brain Drain,970cac921269c6ff09de740926624b3d6d93bec2e58dc3257a865b832cd3f90d
176101,Kingsman: The Golden Circle,ad63d85fd29e25a02ff1d25fbe071d20c9f828fc7c07f24a37d10797c01c3868
176371,Blade Runner 2049,f592979b4f8dcd2f087b946b3e4ee26607ea4c1d2d749fa2522f0549f40328d4
176389,The Nut Job 2: Nutty by Nature,b0a5af6947c4c2c73e780b3c618d68e21219b71e792b58f8668ed3975f7a4c18
176413,Bliss,e2631d73dcdb6800160c26fee91ae88d3765197564b2fb289287b4fadc8b6721
176415,Alles Inklusive,bfaae09f8d517e28a3178ceac68cb951d0080e9eb553c0eeb7157b519c2c3317
176419,Mother!,af46aa4752b03dba94cfc73c3a58e22535a3484a6f1c6ecd48e738f14a58e396
176423,Icarus,b13b319b32c466cc999b912b6ec43accc45b94bb398d6ec698ce913b30e6338e
176579,Cage Dive,9410e5106de61aef72eb669a93588d24cd1191cd70ee467c327f39774f0a3d8a
176601,Black Mirror,944294476fb56abc1b399f198523e4a6f0c6f04633590f598f5d4e3c6ca66da2
176621,Boniface's Holiday,f4f0b09b33c81c78cd07c3a1d34b1b2d73952c528c38ce36c3b438ec9cd1e4fb
176751,American Made,bbbd6ee5c11b9c66c30e8d1a946343e99c07c70ecc1fccbbc4f2d88568da300d
176805,Little Boxes,aebad850d92ef18da44f5cabd89072fa25fe2c136c0e7a8cb0d105efc35142f8
176935,Geostorm,8debc3a9e2b5ce74d0d891d25876645cb45e79372273a24e618ec1837323cf15
177185,Maz Jobrani: Immigrant,b97186925eece3969572e486f8422f217a8443da8e3e42f8873b7866ce19bb61
177285,Sword Art Online The Movie: Ordinal Scale,d68b96ab4763c748c617cf354d147734f7216dab6daa82233a216a256c05ddc5
177593,"Three Billboards Outside Ebbing, Missouri",eeab845499146ba486c87efbe10725b7906e1beb84713686e18d697f6eb04e18
177615,Lady Bird,b041c295cf2f307470a5c7ca1e3ecd7972d3259eeb1edc3c287271c7705c0725
177763,Murder on the Orient Express,859ea8fe7ab53541250a0b9682b46273786b7ced5a808782af23bec5ddd5613c
177765,Coco,94472f49ed285069071dfb1158f10f2c7729f0d422f547ed9b39cf893ec48a17
177939,"The Night Is Short, Walk on Girl",ec7045bcfa431187a941bc7d4d9cff0b58a43786b4c6c0f2d81bc3a53ed2e138
178061,"I, Tonya",b20cd8f37ee0fe0843b19cceb11fc3f0de4639b958e3679863b8c207001f9fe0
178111,"Fireworks, Should We See It from the Side or the Bottom?",f1657f32a5c31f696c4050d79a1b113447ea0c16de5813c75e1e40f71f87972b
178323,Gaga: Five Foot Two,bac6e9962b13e339b52cb1b23c55324b32cae18bf230c951dbba966691969d62
178613,Dave Chappelle: Killin' Them Softly,a098ca6119e7b59917643993567cb7669190cf0d362e9b33a41762c46bcd5adb
178615,Front Cover,bfef2d579e35e021e1429ed6d6917b2ac142c2b59959c6a2e554712ad8825acd
178827,Paddington 2,cde3eaea3278af984b99a279866bc9452d5a9c9878c0e59ad6393260a3c61bba
179053,2048: Nowhere to Run,e14caf66961cd2d88c68cb1249a7b8f368d6c4973cd9121bdb223b6d84396fd1
179073,Male Hunt,8d8c8af373eeee1d140158e5676231a00e1e857f1213d98864cf4be97c5477ee
179119,The Death of Stalin,a4125a67ebad2450b06033eff2a3c61a9744967f6e14e9a92f059cf61aa3f30b
179133,Loving Vincent,c61843f064c7bc6e39279709c7f9c0f940de670eef06fc301c38262da3e3b3c3
179211,Christina P: Mother Inferior,bc0386e3817c9d14343952bac4e43d439954eb9f748b948c6b544937d6e3b6cb
179401,Jumanji: Welcome to the Jungle,d008c00e10e73fd02fdc1adc7321e522331f8794c6a16def87da731dcb7036db
179427,Dane Cook: Troublemaker,9586d552ee7a6733d3b396923d4cc9cc58ec67872bc118355e2926e1ccc79854
179491,Mayhem,e3c486111dce094c7ac1d42427696b5298767de747228dec34578319eef9d25f
179511,Emerald Green,941391b04bbc49cd3cce9c4706e30719a7196e9e6c366876697079c93bcd994f
179709,Wonder Wheel,c71fcf1f78e638d830d9a33d632474e238d989ddb364326664da619939319c64
179749,Creep 2,958c6a94b37b6b2d18d7696a672332469ccc98cd7235e09bc8cf851a73217db2
179813,LBJ,9919b1969139403866e64bc923e78e796f1d6707cfc92c628c603c0ec70f77bb
179815,"Roman J. Israel, Esq.",b303ccd8cc6433c76c98c3319367ccb3c4db91cc6e387d933a636e6c39cc1991
179817,Darkest Hour,c413ccec85e8a6573ba731a63a5fb21151a06a3b86136fec6f2c8c526cedc599
179819,Star Wars: The Last Jedi,d4361f9d01dab2627e6d4db9a721312d7b479db826cce6664c930c33b4ac52cc
179953,A Bad Moms Christmas,c011c10431e7eadb0f5c7629d0008fc42e3c337a2f7f1f4f57bad6382155afc6
180031,The Shape of Water,a2f1a87d355fcd921b24d28e8e740c733d3e814c38d9f1867c74cce5439bb11a
180045,Molly's Game,958895994c776a466a4c1e5c3db941b943b6b3765373963cec8c6cc338cb3364
180095,Wonder,887e8f978795a679611e4982fc40db4c513984f18f682706d61f39b2d9e8d64f
180231,Daddy's Home 2,fab94a678164f318dd87b5861eba20b5b45f7832c1d1a0e57362c71b3c78d858
180265,Jim & Andy: The Great Beyond,af952f95946af42a7d0a98d060bd612fda6bc2b560b569889b5263d661d6cb0b
180297,The Disaster Artist,8490db463d2e3192635e252c48d9871f676cd2d8a7b3e2c63d1cd9317a5a9d2d
180497,The Post,eabf34cbc0576bbc95437ab69504c6429155c524969391453f8f95504eee95d9
180985,The Greatest Showman,8999c1a556673e513dd8167e6831c9bb714be74c0a1c3d371f0330e9e3e546e1
180987,Ferdinand,c2e169399f90334f70e3c5903b0ec2e96c739660330fd9b670db6f6c86e43c32
181065,Jack Whitehall: At Large,9b45196b6492669663bd90c59e4b93e2d9244dbb2db3f03213db3049e5e60f2d
181139,Lynne Koplitz: Hormonal Beast,cd3f5be09a2f85d9b24196b424f6335f55392425f9825b90124cda4f4bb8e21f
181315,Phantom Thread,c0dac9ed65b237123f499d0e1c1f387db03c649ac4c9d365332617926d99c94f
181413,Too Funny to Fail: The Life and Death of The Dana Carvey Show,d218639465e49a4b2dab25b99e92e1b0db14f145b8459e4c25a0cf9a61fa6bf7
181659,Craig Ferguson: Tickle Fight,da4c053b3611cacd3ab66ee516c6c93696cc60acad13932dec91f13b0f8af06d
181719,Serving in Silence: The Margarethe Cammermeyer Story,e177e3271a1c39dcfcc2c8376b3873c4a81f1c033d61381f1c4d3d403d5d075f
182293,Hare-um Scare-um,9d34e3cde0e67e27e78c1c76b1db250c9f12e1c14472d7189e83007303f9fec2
182297,Porky in Wackyland,d980f36de92d4964c0dc4ba5b80ffd1763e7d9c023c5f4c95990b237c487a88d
182299,Porky's Hare Hunt,9efcc703ee53bdec5503a1d6d80d5ee323dc78054ceba7183817c4e195181cd6
182639,The Second Renaissance Part II,821aa52a454b74f759405ad2bcad8f8daab40f956b7c7ea43cac58d2539bc529
182715,Annihilation,e4c5e4e4160a19330939f17b7bc6934e1eb8c365b14b3c74c48f2699a434c7df
182727,A Christmas Story Live!,ea4fd860859b950a9af052f7d90d687c97b034bdc0fb6385c2246ff08f1be216
182731,Pixel Perfect,c593dffa6a45e86935ffb60a930b79a411b24b01eae8c1db3691c26d360ebc11
182749,Judd Apatow: The Return,993664c92736cc7139ab663336cb9b3c5e9b1ec6e739f1c5b964cc3082199246
182793,The Purple Sea,93844cdb1f63e994f64803a4bc7d714f48b484d613cb8832f70f65b3ce5a1bcc
182823,Bright,e8f9ac8985c4d661523706b63e479337f932d1c896c83bd89ab4781f824617db
183011,The Commuter,b5dde09d626660663406b4515a99da2fe97d095ea4a825a956a7d2a5bb45eb15
183197,Dave Chappelle: Equanimity,cc144e2c26d36fc30b38b17136ee3cc638c66598e4199e6db84931ce39f6e636
183199,Quest,85938e697b62f59e024cc19636731c636d93f163926e05dcf19c8a3c64477793
183227,Dave Chappelle: The Bird Revelation,aaa9af276d52b57094c4ad9928d24c4d5246da62899d57cc7472a59aaee6f135
183295,Insidious: The Last Key,d455176f18c7e23819ab223a4f9bb88463628ed9d0c6bc617696cc67729c6f38
183301,The Tale of the Bunny Picnic,fe03fa1d0388c3710fb0f9d4c49ddb7d2621c7bb5ca1910bccf2240fd9499e68
183317,Patti Rocks,ee2aee1241fdc13c1d0e92c34ed1e22d303fe2d948d375af972483e2c2d73c19
183611,Game Night,9c5055b2a58d0ecf5b292b68cd26e9360ceed8ed62713ac173b112df32de660a
183635,Maze Runner: The Death Cure,de443cc90999e322e3630bf665ec93573591d399cba0dab27a5e6a4bcc4d6c01
183897,Isle of Dogs,b5bcbc32161df24d78e18f412f420df278f6d82fd407384b8fd0497801ecdf25
183911,The Clapper,e2339de4450aa69f7bc4405125eb1bacda17e45b21ee1da0dc57a75a5b29d885
183959,Tom Segura: Disgraceful,d050fa327e0f6c446cfadc8d1e119b5bf1c6073e1e70856541ef698ec8d82ef0
184015,When We First Met,afa36082f4dc9e578251f929b72f04269cc23dfbc231d231a8de4f8c2725ac6d
184053,Battle Planet,91ec911e324340f14db14fbc4f06d9b494e66e97fa9a9a60627826696bf72e15
184245,De platte jungle,c92db6d2492db2b652dbad2552d2a92dd4922b4965b6d25b2d2562d2974d6cb2
184253,The Cloverfield Paradox,d65b32da0d73d0a4625a2fdbd7a4e8483e5b97a4e5683c1b978467e0381bf00e
184349,Elsa & Fred,ecc11b94933ee46bb3cd933e2c506fa7c9366c981292906b6ced930cc13a6ed3
184471,Tomb Raider,a638e79349470f3ece38c4612de34ec7cc7e84315ae3a965a5a60ec36c49e1bc
184641,Fullmetal Alchemist 2018,aac9bc59141f16f456fc950f52af46764275998f598c6770563230b6e3834be1
184721,First Reformed,b4d1b9ba48a626d626d3518a5b7ff25137eab48126b14b4d674d27ccb44316ac
184791,Fred Armisen: Standup for Drummers,dc0568fb81445f20327fa3041fbaf83565fdc3d26d25b48e182b9c7573e6c311
184931,Death Wish,fad4aad51409d42e836e86e976815b86cdc6d8c9321f2037e5f1df08932f20df
184987,A Wrinkle in Time,94d1d6616b2ee936c11682ab2ce19dd172919f1a8d3c31e4c2afe0ecfcb33c0b
184997,"Love, Simon",84dd901966f65da21a66a754899f98eb72997235af620df664aee60b929929d1
185029,A Quiet Place,95d4919c673997293c597e339830607766d900f367ee3d64294f72eb5ca20956
185031,Alpha,b30fb2996933d33289b10f7e06c94e838b66f4e56c4bbc6c1c7e0d6798e0c986
185033,I Kill Giants,a1a9aea51a16ba5b227b25e595d51627e85a99f96f07c9161c9be5454465b1b1
185435,"Game Over, Man!",90b3e1930f6f167672d44da8748b7ccba1e32b159e2c86262f523373907f648e
185473,Blockers,c43c3446cb128dad74da62f92f2b7ce9e0f0a464f9076d6194c87b9c0b9b4bca
185585,Pacific Rim: Uprising,b0a7b02d3630cdd2c9c243d8b37cd22138a3b9ee7dce6606e611c8f340e97f71
186587,Rampage,890dab9c95d390c7ba6dcd274b3ef01c2c81c4c134cd26dd367a3376db32ca19
187031,Jurassic World: Fallen Kingdom,bf55a8c76c9a95da01c64b3112bd36a1e53af82c0e71c0d67f0342e3a7de6d44
187541,Incredibles 2,e44c4c5c9bbb57a762d63a523c6d292d618bc49e0eb19efcd94c53829271256b
187593,Deadpool 2,ffe9afecc035c773c00297caba088814fc1793cc65b827f12f053b8dd740905f
187595,Solo: A Star Wars Story,992eaec556541267c9bbe9d9a6cd44667330b91bca4dc17a1da13626470665fa
187717,Won't You Be My Neighbor?,96e625b16e5296cc31396a766ccc25391b76498ca5e997660b85cb5a691af276
188189,Sorry to Bother You,a3949c4b29bd27ad1a7995c67332c648d9b6664ddec6993126ccc871c96370dc
188301,Ant-Man and the Wasp,9066c57417b3ca03a84c5dfcdbf285e3292f902c6c5a675ff719b2644d319836
188675,Dogman,e2c64f1819355ce706dbf799592cc61981e6b074ee1979a214e3638d399dcee0
188751,Mamma Mia: Here We Go Again!,ff2ee4c571011cbac26dc4135b9a3f64a4d35b822f757643c19a339d8c6ac0da
188797,Tag,bfabfab401509d29c2a68554386f7eab0f9191c2f4a825cd4ad6b07bb14d4f32
188833,The Man Who Killed Don Quixote,d1219ec266de803d3f286bc2215e65bf5f8432598c73d9e7f18b2c0162d07e3e
189043,Boundaries,e7ed2feb9052985d4da7a7a4329818538874d724958da8da7e62be00611f81ff
189111,Spiral,9b364eecb04331f3e44e9b3cc61c995a64d134cbcb3cc64e9b3264d336ca6394
189333,Mission: Impossible - Fallout,eab9a51ba55436e0d68b3a3169336d6668cc65ca969098fcc347be6b56da6188
189381,SuperFly,bc3d9609c2c1c6d08c432d0b0eb364382db77edaf1c2b0d45b0f9f06e17ccfa6
189547,Iron Soldier,c5ad44561bc2a01a71adcb9e9a6374a754ec4e580b093627367469f15e8fb379
189713,BlacKkKlansman,cc9edabd31a121ce409ed48e3719e74cf8747e31972583f663f2d8023c2f83e0
190183,The Darkest Minds,c199e71f0e628ccef18d19f3d8b3f2313a65098e65de25d83338f130782656c7
190207,Tilt,f043c9fcb94cb80144b31f89669346df2e424676e60fe7396731e3194f303d2d
190209,Jeff Ross Roasts the Border,c26f41bde994166e16abb9990e66b640e911c17e84fb25bd4bfe3e021d84c2e9
190213,John From,9a0a606b74f09ba833e068d40b07865e2b1c3eb64d2a7b127de5fbe1a4e474ed
190215,Liquid Truth,e5ab6cab7672935d096d1b58698785260f1299926f198c998ca14ee3f8d03eeb
190219,Bunny,cc580ce1f13f2dc4b2db59b961c1387486c33d7b8d7782a9b628535149b92dae
190221,Hommage à Zgougou (et salut à Sabine Mamou),d4bbf4ba34ac2d0d95354f2b6b698d2f5f034b4328caa9cc4b48b252835378f6
191005,Gintama,9168b73f6626a442b38ef92027b0d0dc186b63dd0ef78dbe7c08c56999e71316
193565,Gintama: The Movie,cba1d25e941dc5f389d6f60c76298350628c3e8a31726831fd41decfe398536d
193567,anohana: The Flower We Saw That Day - The Movie,d9555cbb2f6b676550b42b6ed66b90c16c00d472277a2a84326ed09e36f9e256
193571,Silver Spoon,b110fb0b4c849c9073ebf64495502fb5ee5846bb1bbb85a827341a2f78df7870
193573,Love Live! The School Idol Movie,94c1bd3b0bb3c3e871eed9ab674c47ec95810cd56736f23e5cbc24d822168385
193581,Black Butler: Book of the Atlantic,848b79705385ac6f43f3b90c6cd847e7393950f8c60670c9ad7053b37656c96b
193583,No Game No Life: Zero,973444fa041bb9007ed469573a5767c49b4c942ed9ca97da491792c7719a963d
193585,Flint,e93dc6bd9aad36296555cd0ad842db03b5c2b05ef51ad9a22ab5783c263487d1
193587,Bungo Stray Dogs: Dead Apple,d4951389ba51f8c26ef5e2ab7b43fac4aad3e898a5b48cad5a0a37c252b680bc
193609,Andrew Dice Clay: Dice Rules,9eb46533394b92ccc1b4cf1a6cc9927234bdcb4dcb526d2334bdd2cac34c3934
