movieId,rating_count,rating_mean,pop_score
318,312,4.42948717948718,4.402427591171241
858,188,4.281914893617022,4.245362042207775
2959,217,4.271889400921659,4.240447948709865
527,213,4.23943661971831,4.2088864769378445
260,250,4.228,4.202237247527459
1221,127,4.251968503937008,4.201326163190799
1197,141,4.24468085106383,4.199216452696287
1213,123,4.247967479674797,4.196102889903305
750,95,4.2631578947368425,4.196016041496566
50,198,4.224747474747475,4.19270040556317
48516,106,4.245283018867925,4.1860490030787885
1196,210,4.214285714285714,4.1844622016233615
58559,146,4.222602739726027,4.18001079716115
2329,122,4.229508196721311,4.178649123917722
912,100,4.24,4.178015312337631
904,82,4.25,4.174800916925428
296,304,4.192434210526316,4.172234663557769
1198,194,4.201030927835052,4.169518060574213
1104,20,4.475,4.169389478571314
1208,106,4.226415094339623,4.168807623768443
2571,277,4.189530685920578,4.167532001244388
1193,132,4.212121212121212,4.166068199698165
1204,45,4.3,4.165121533766171
1089,131,4.202290076335878,4.156607690476166
1276,56,4.258928571428571,4.1527527932899915
356,324,4.160493827160494,4.142460132805806
4973,119,4.184873949579832,4.136292126799531
593,276,4.155797101449275,4.134900994255732
1252,58,4.224137931034483,4.126201240546168
922,27,4.333333333333333,4.123829306949714
2028,186,4.153225806451613,4.122865736516018
1225,74,4.195945945945946,4.120020051870707
898,29,4.310344827586207,4.117479086080499
1136,133,4.157894736842105,4.115955834665311
7361,125,4.16,4.115419884126959
68157,85,4.176470588235294,4.111386151127784
1210,196,4.137755102040816,4.109619826976405
1201,69,4.188405797101449,4.108628915913157
246,29,4.293103448275862,4.104658573259986
908,55,4.2,4.10125668241753
2324,86,4.162790697674419,4.099809212053536
1041,11,4.590909090909091,4.099127826530449
3147,109,4.146788990825688,4.097325078631424
1178,12,4.541666666666667,4.09462201623361
7153,185,4.118918918918919,4.090162483882766
1199,59,4.177966101694915,4.088140353002021
475,25,4.3,4.088048124489697
4226,157,4.1210191082802545,4.087315475192451
1235,26,4.288461538461538,4.085602343253873
608,180,4.113888888888889,4.084640443984944
1217,15,4.433333333333334,4.083267374285577
1233,40,4.2125,4.081633687142789
2019,47,4.191489361702128,4.080380427318236
1203,54,4.175925925925926,4.079401318080303
3275,42,4.2023809523809526,4.078493929944989
4993,197,4.104060913705584,4.077689296411301
6016,75,4.1466666666666665,4.077431580672228
1267,30,4.25,4.077042108928485
3451,11,4.545454545454546,4.075318302720925
5618,85,4.135294117647059,4.074544045864625
168252,25,4.28,4.073762410203984
4011,88,4.130681818181818,4.0722620852769325
541,121,4.103305785123967,4.061692247001065
92535,8,4.6875,4.0600935753966345
913,44,4.170454545454546,4.057068228835916
3468,18,4.333333333333333,4.056488727040694
1704,139,4.089928057553957,4.054239492329795
1228,39,4.17948717948718,4.052687435859989
111,99,4.101010101010101,4.051208113368252
1242,41,4.170731707317073,4.050621261904695
2360,12,4.458333333333333,4.049167470779064
1222,98,4.096938775510204,4.047052632936476
951,14,4.392857142857143,4.0450701815474766
79132,139,4.075539568345324,4.040816673537849
3435,17,4.323529411764706,4.040062383597757
2502,94,4.090425531914893,4.039246964972494
1258,107,4.08411214953271,4.039159695360166
1209,18,4.305555555555555,4.038631584183551
1207,58,4.120689655172414,4.037965946428521
926,24,4.229166666666667,4.031814245798219
1212,24,4.229166666666667,4.031814245798219
2858,202,4.054455445544554,4.0310456809299025
78499,55,4.109090909090909,4.024333605494453
60069,101,4.069306930693069,4.023258417631887
57669,40,4.1375,4.021633687142789
1262,43,4.127906976744186,4.020409138813952
930,20,4.25,4.019389478571314
933,23,4.217391304347826,4.017626798701195
1617,96,4.0625,4.014921550539052
1172,33,4.151515151515151,4.013527543189289
3681,33,4.151515151515151,4.013527543189289
1219,80,4.06875,4.012018715079327
1250,44,4.113636363636363,4.010771932539618
1266,45,4.111111111111111,4.010576079220717
5995,46,4.108695652173913,4.010387220663204
1270,169,4.035502958579881,4.008836225458879
1291,139,4.039568345323741,4.007259626557983
1247,79,4.063291139240507,4.006535779293701
177593,6,4.75,4.005105272321214
110,234,4.023504273504273,4.004433132611227
7156,12,4.375,4.003712925324519
905,14,4.321428571428571,4.00340351488081
1248,17,4.264705882352941,4.003025346560719
3508,18,4.25,4.002917298469265
1245,20,4.225,4.002722811904647
1945,23,4.195652173913044,4.00247528354968
2160,30,4.15,4.002042108928486
778,100,4.045,4.000742585064904
68954,103,4.043689320388349,4.000722870417163
5952,187,4.021390374331551,3.997876570340809
92259,37,4.108108108108108,3.991099667173179
1272,33,4.121212121212121,3.9902717292358005
741,27,4.148148148148148,3.9886941718145787
293,131,4.019083969465649,3.9863949245187196
1283,19,4.2105263157894735,3.98557532265998
1237,18,4.222222222222222,3.9850601556121226
899,47,4.074468085106383,3.9838891992480603
923,69,4.043478260869565,3.982046637432145
2542,66,4.045454545454546,3.981337952067624
27773,39,4.089743589743589,3.9812588644314166
1244,33,4.106060606060606,3.9786438222590568
44555,33,4.106060606060606,3.9786438222590568
6711,74,4.033783783783784,3.9771629090135647
3152,8,4.5,3.9767602420633015
3201,8,4.5,3.9767602420633015
3037,24,4.145833333333333,3.9729907163864535
31658,40,4.075,3.9716336871427886
1673,39,4.076923076923077,3.9710547827987637
81845,56,4.044642857142857,3.9709346114718094
1206,119,4.004201680672269,3.9696254601328635
122916,19,4.184210526315789,3.968333943349635
457,189,3.9894179894179893,3.9677471575735646
48780,89,4.01123595505618,3.9654715591630247
162,16,4.21875,3.964680167582286
306,16,4.21875,3.964680167582286
953,58,4.0344827586206895,3.9644365346638146
112852,58,4.0344827586206895,3.9644365346638146
1148,56,4.035714285714286,3.963358853896052
1719,14,4.25,3.961736848214143
1387,91,4.0054945054945055,3.961204795615242
56782,26,4.115384615384615,3.9606023432538726
1288,64,4.0234375,3.960563302123506
1215,50,4.04,3.959694739285657
4995,122,3.9918032786885247,3.9589521542207535
903,60,4.025,3.9583097765305633
80906,12,4.291666666666667,3.9582583798699735
1084,35,4.071428571428571,3.957370763491987
1249,35,4.071428571428571,3.957370763491987
38061,35,4.071428571428571,3.957370763491987
1278,68,4.014705882352941,3.956175440476146
1259,89,4.0,3.9553705490620144
74458,66,4.015151515151516,3.95502216259394
8874,77,4.0064935064935066,3.9549618891625227
2067,21,4.142857142857143,3.9542478824883687
1927,10,4.35,3.954084217856971
5008,9,4.388888888888889,3.95166759774418
32,173,3.9739884393063583,3.9512660347384667
3083,19,4.157894736842105,3.9510925640392904
142488,19,4.157894736842105,3.9510925640392904
928,18,4.166666666666667,3.949345869897837
115569,18,4.166666666666667,3.949345869897837
1223,27,4.092592592592593,3.9481536312740384
2692,73,4.0,3.946767281411318
720,26,4.096153846153846,3.9467134543649838
589,221,3.9638009049773757,3.946241057823115
86345,7,4.5,3.945981432772907
3730,16,4.1875,3.9454493983515166
69481,34,4.0588235294117645,3.9450382808440776
47,197,3.964467005076142,3.9448390548654078
1086,24,4.104166666666667,3.9435789516805717
3703,40,4.0375,3.9416336871427884
4878,105,3.9761904761904763,3.9398407335403425
112552,38,4.0394736842105265,3.9392017574404044
3030,13,4.230769230769231,3.9383341024843226
1214,145,3.962068965517241,3.936010866820254
176,12,4.25,3.935531107142701
3429,12,4.25,3.935531107142701
914,35,4.042857142857143,3.935148541269765
1261,34,4.044117647058823,3.9336746444804414
116797,49,4.010204081632653,3.9335878704599905
1200,123,3.9634146341463414,3.9329449951664617
1090,62,3.9919354838709675,3.9316900605158254
6874,130,3.957692307692308,3.929154888265282
55721,10,4.3,3.929084217856971
96829,10,4.3,3.929084217856971
2761,38,4.026315789473684,3.9287850907737374
1394,58,3.9913793103448274,3.9276718287814623
2997,98,3.9642857142857144,3.9266822625661058
6377,138,3.9528985507246377,3.926227597007699
122926,16,4.15625,3.9262186291207475
44195,36,4.027777777777778,3.9256887903725963
1280,9,4.333333333333333,3.925351808270496
7981,9,4.333333333333333,3.925351808270496
93838,9,4.333333333333333,3.925351808270496
171763,9,4.333333333333333,3.925351808270496
3578,166,3.9457831325301207,3.92375957021102
3246,15,4.166666666666667,3.923267374285577
104879,15,4.166666666666667,3.923267374285577
2788,28,4.053571428571429,3.923202219924722
91529,73,3.9726027397260273,3.922670895869149
98491,8,4.375,3.921204686507746
364,172,3.941860465116279,3.9207784854787877
51255,58,3.9827586206896552,3.9203188876049913
1234,64,3.9765625,3.9200227615829655
99114,70,3.9714285714285715,3.919771054464243
109487,70,3.9714285714285715,3.919771054464243
916,26,4.0576923076923075,3.918935676587206
1246,86,3.9593023255813953,3.917517545386869
1035,61,3.9754098360655736,3.9166434416498506
910,49,3.989795918367347,3.9166387179176176
8950,37,4.013513513513513,3.9166315820667963
54997,25,4.06,3.9166195530611265
4967,13,4.1923076923076925,3.9165949720495403
5971,36,4.013888888888889,3.914819225155205
6,100,3.95,3.9143789487012675
6350,24,4.0625,3.914167186974689
134130,47,3.9893617021276597,3.913713760651569
800,18,4.111111111111111,3.913631584183551
1653,85,3.9529411764705884,3.911386151127784
2804,55,3.9727272727272727,3.9089489901098373
28,11,4.2272727272727275,3.908651636054258
3424,27,4.037037037037037,3.907613090733498
1265,140,3.932142857142857,3.907211229047596
2318,16,4.125,3.9069878598899783
3089,16,4.125,3.9069878598899783
4499,16,4.125,3.9069878598899783
1,215,3.9209302325581397,3.9048074860317312
6502,57,3.9649122807017543,3.9042042441364093
8014,10,4.25,3.9040842178569712
29,36,4.0,3.9039496599378136
58,36,4.0,3.9039496599378136
1281,15,4.133333333333334,3.9032673742855772
3836,15,4.133333333333334,3.9032673742855772
5690,15,4.133333333333334,3.9032673742855772
81834,45,3.977777777777778,3.901485170129808
49272,80,3.94375,3.900907603968216
215,24,4.041666666666667,3.8994613046217483
62336,9,4.277777777777778,3.899036018796812
116897,9,4.277777777777778,3.899036018796812
111759,43,3.9767441860465116,3.897767629379989
2951,38,3.986842105263158,3.8975350907737383
60684,42,3.9761904761904763,3.8958016222526815
954,18,4.083333333333333,3.895774441326408
72226,18,4.083333333333333,3.895774441326408
1299,27,4.018518518518518,3.894099577219984
8132,8,4.3125,3.893426908729968
119145,36,3.986111111111111,3.8930800947204225
48774,64,3.9453125,3.8929957345559383
1732,106,3.9245283018867925,3.8929455548029264
5989,115,3.9217391304347826,3.8926534748571155
33660,17,4.088235294117647,3.891914235449608
2565,12,4.166666666666667,3.890076561688156
1304,62,3.943548387096774,3.890023393849159
105504,21,4.0476190476190474,3.88973175345611
1080,89,3.9269662921348316,3.889713983405449
2194,65,3.9384615384615387,3.8877557914285257
3000,47,3.9574468085106385,3.8873979711778848
16,82,3.926829268292683,3.886757438664559
7022,29,4.0,3.8867098553112673
994,11,4.181818181818182,3.8848421122447343
1950,11,4.181818181818182,3.8848421122447343
2921,11,4.181818181818182,3.8848421122447343
4642,11,4.181818181818182,3.8848421122447343
2762,178,3.901685393258427,3.883413214665635
1103,15,4.1,3.883267374285577
3671,62,3.935483870967742,3.8830789494047147
3328,19,4.052631578947368,3.882127046797911
1240,128,3.90625,3.8810266982401407
3334,10,4.2,3.8790842178569713
5500,10,4.2,3.8790842178569713
71899,10,4.2,3.8790842178569713
98961,14,4.107142857142857,3.8784035148808096
76093,51,3.9411764705882355,3.878388268149827
1224,18,4.055555555555555,3.8779172984692654
3910,18,4.055555555555555,3.8779172984692654
55118,18,4.055555555555555,3.8779172984692654
3504,22,4.0227272727272725,3.877552636160607
93840,22,4.0227272727272725,3.877552636160607
1079,71,3.9225352112676055,3.877551658730116
88163,30,3.9833333333333334,3.877042108928485
3949,95,3.9105263157894736,3.8769684224489467
969,34,3.9705882352941178,3.8768564626622597
5902,46,3.9456521739130435,3.8764586492346327
64614,46,3.9456521739130435,3.8764586492346327
34405,50,3.94,3.8763614059523235
2300,33,3.9696969696969697,3.873992659468359
2020,25,4.0,3.873762410203984
2398,17,4.0588235294117645,3.8733957169310895
26662,17,4.0588235294117645,3.8733957169310895
3213,13,4.115384615384615,3.873116711179975
3814,9,4.222222222222222,3.8727202293231278
55442,9,4.222222222222222,3.8727202293231278
6807,40,3.95,3.8716336871427885
68237,32,3.96875,3.8709924846937955
97304,28,3.982142857142857,3.8705706409773533
1357,24,4.0,3.8700495399158656
6787,24,4.0,3.8700495399158656
308,20,4.025,3.869389478571314
7371,20,4.025,3.869389478571314
1227,16,4.0625,3.8685263214284396
4262,65,3.9153846153846152,3.867755791428526
5060,46,3.9347826086956523,3.8675300778060615
1277,12,4.125,3.8673492889608827
4144,12,4.125,3.8673492889608827
8368,91,3.901098901098901,3.867145389674648
866,23,4.0,3.8661116471860435
7099,23,4.0,3.8661116471860435
3200,8,4.25,3.8656491309521903
2288,45,3.933333333333333,3.8651215337661715
924,108,3.8935185185185186,3.8650990199757578
2686,19,4.026315789473684,3.8648856674875662
164179,26,3.980769230769231,3.8633801210316507
3507,15,4.066666666666666,3.863267374285577
3972,15,4.066666666666666,3.863267374285577
2076,44,3.9318181818181817,3.86262378439147
106782,54,3.9166666666666665,3.8606513180803033
441,42,3.9285714285714284,3.8573400837911427
4034,70,3.9,3.857271054464243
44191,98,3.8877551020408165,3.8572378181216616
2186,24,3.9791666666666665,3.8553436575629245
2313,17,4.029411764705882,3.8548771984125714
5291,17,4.029411764705882,3.8548771984125714
1287,34,3.9411764705882355,3.8541291899349868
3019,10,4.15,3.8540842178569714
64716,10,4.15,3.8540842178569714
909,27,3.962962962962963,3.8535590366794437
3362,37,3.9324324324324325,3.8528017948327538
280,13,4.076923076923077,3.8513775807451918
1284,13,4.076923076923077,3.8513775807451918
265,33,3.9393939393939394,3.8507368455148705
1884,43,3.9186046511627906,3.850597818059234
55820,63,3.8968253968253967,3.850434032289581
919,92,3.880434782608696,3.848840042717053
4306,168,3.8660714285714284,3.8487735076243785
2248,39,3.923076923076923,3.848605803206927
4886,131,3.8702290076335877,3.848097052178294
3683,19,4.0,3.8476442881772215
1036,143,3.867132867132867,3.8469391134453557
1300,9,4.166666666666667,3.8464044398494437
2138,9,4.166666666666667,3.8464044398494437
3347,9,4.166666666666667,3.8464044398494437
3983,9,4.166666666666667,3.8464044398494437
6104,9,4.166666666666667,3.8464044398494437
46578,77,3.883116883116883,3.845766486863672
71535,51,3.9019607843137254,3.8456013829039253
1028,70,3.8857142857142857,3.8447710544642426
1073,115,3.869565217391304,3.8446534748571155
4963,118,3.8686440677966103,3.8443881590401516
2944,31,3.935483870967742,3.843455716027791
3897,82,3.8780487804878048,3.8432791777949937
2289,37,3.918918918918919,3.8421634969604135
2580,37,3.918918918918919,3.8421634969604135
1610,90,3.8722222222222222,3.8408168435713943
148626,24,3.9583333333333335,3.8406377752099834
88125,49,3.8979591836734695,3.8403675314769394
7438,107,3.864485981308411,3.838304994505465
33794,116,3.8620689655172415,3.8379498758503128
3675,8,4.1875,3.837871353174412
55908,8,4.1875,3.837871353174412
3359,11,4.090909090909091,3.837223064625687
3503,11,4.090909090909091,3.837223064625687
3741,11,4.090909090909091,3.837223064625687
5878,14,4.035714285714286,3.836736848214143
6440,14,4.035714285714286,3.836736848214143
175,20,3.975,3.836056145237981
48738,20,3.975,3.836056145237981
7090,37,3.9054054054054053,3.8315251990880728
55765,37,3.9054054054054053,3.8315251990880728
3114,96,3.859375,3.830959286388108
67255,25,3.94,3.830905267346841
1952,22,3.9545454545454546,3.830677636160607
89745,69,3.869565217391304,3.8301479032549293
1303,16,4.0,3.8300647829669012
1411,16,4.0,3.8300647829669012
7143,60,3.875,3.8297383479591343
223,104,3.855769230769231,3.829663897869644
290,13,4.038461538461538,3.8296384503104095
1251,13,4.038461538461538,3.8296384503104095
1957,13,4.038461538461538,3.8296384503104095
7482,13,4.038461538461538,3.8296384503104095
918,10,4.1,3.829084217856971
971,10,4.1,3.829084217856971
1131,10,4.1,3.829084217856971
55363,10,4.1,3.829084217856971
57504,10,4.1,3.829084217856971
1307,85,3.8588235294117648,3.827175624811994
150,200,3.84,3.826579449319711
166528,27,3.925925925925926,3.826532009652417
2700,76,3.861842105263158,3.8265312134551097
2791,87,3.8563218390804597,3.8255843748158704
5225,21,3.9523809523809526,3.825215624423852
1230,58,3.8706896551724137,3.8247306523108735
68358,58,3.8706896551724137,3.8247306523108735
1356,89,3.853932584269663,3.824057417748883
32587,83,3.855421686746988,3.8234589715821445
33166,49,3.877551020408163,3.8234183789345666
84152,29,3.913793103448276,3.822607291208703
54503,54,3.8703703703703702,3.8215888180803033
3095,9,4.111111111111111,3.8200886503757587
7132,9,4.111111111111111,3.8200886503757587
1358,45,3.8777777777777778,3.819666988311626
1292,20,3.95,3.8193894785713143
261,42,3.880952380952381,3.8188785453296044
134853,42,3.880952380952381,3.8188785453296044
1269,28,3.9107142857142856,3.8179390620299847
83134,17,3.9705882352941178,3.817840161375534
106100,17,3.9705882352941178,3.817840161375534
745,47,3.872340425531915,3.8172225325813933
69844,55,3.8636363636363638,3.816641297802145
106920,25,3.92,3.816619553061126
5903,44,3.875,3.8163274880951743
2918,109,3.8394495412844036,3.815812473589407
3100,22,3.9318181818181817,3.815052636160607
2871,30,3.9,3.814542108928485
965,11,4.045454545454546,3.813413540816163
1273,11,4.045454545454546,3.813413540816163
3996,110,3.8363636363636364,3.8131807029761617
106918,19,3.9473684210526314,3.8131615295565315
529,40,3.875,3.8116336871427885
55247,40,3.875,3.8116336871427885
590,162,3.8271604938271606,3.8115214206810433
152081,32,3.890625,3.8114686751699858
66934,24,3.9166666666666665,3.8112260105041007
81847,24,3.9166666666666665,3.8112260105041007
50872,69,3.847826086956522,3.8111605614827777
1243,16,3.96875,3.810834013736132
80463,53,3.858490566037736,3.810820386621261
1279,8,4.125,3.8100935753966345
73017,58,3.853448275862069,3.8100247699579324
247,21,3.9285714285714284,3.8090865921657877
80489,21,3.9285714285714284,3.8090865921657877
1953,39,3.871794871794872,3.807789476676315
8961,124,3.8266129032258065,3.8065797340085035
2150,28,3.892857142857143,3.8047811672931426
1096,10,4.05,3.804084217856971
1241,10,4.05,3.804084217856971
54190,10,4.05,3.804084217856971
714,15,3.966666666666667,3.8032673742855767
1845,15,3.966666666666667,3.8032673742855767
5617,25,3.9,3.8023338387754118
7147,67,3.8358208955223883,3.799762134508304
30707,52,3.8461538461538463,3.7997045864054746
1921,47,3.851063829787234,3.799678672932271
1956,12,4.0,3.7991674707790644
2731,12,4.0,3.7991674707790644
3260,12,4.0,3.7991674707790644
27801,12,4.0,3.7991674707790644
1682,124,3.818548387096774,3.7991170474413387
187593,7,4.142857142857143,3.798922609243496
59315,94,3.824468085106383,3.7988623495878793
36,66,3.8333333333333335,3.797127425751835
838,29,3.8793103448275863,3.7969662655676775
2268,56,3.8392857142857144,3.7966921872293855
54001,56,3.8392857142857144,3.7966921872293855
307,24,3.8958333333333335,3.79652012815116
7387,19,3.9210526315789473,3.795920150246187
5418,112,3.8169642857142856,3.7957515111240934
2231,36,3.861111111111111,3.7952540077639005
86,14,3.9642857142857144,3.795070181547476
1344,14,3.9642857142857144,3.795070181547476
2947,53,3.839622641509434,3.794947370748245
108932,31,3.870967741935484,3.794675228222913
3363,43,3.8488372093023258,3.7939940444743288
89492,26,3.8846153846153846,3.793935676587206
122918,26,3.8846153846153846,3.793935676587206
1238,9,4.055555555555555,3.7937728609020747
1734,9,4.055555555555555,3.7937728609020747
4848,50,3.84,3.7930280726189904
2600,21,3.9047619047619047,3.792957559907723
1954,64,3.828125,3.791644383204587
1189,11,4.0,3.7896040170066394
1218,11,4.0,3.7896040170066394
1834,11,4.0,3.7896040170066394
3062,11,4.0,3.7896040170066394
65261,11,4.0,3.7896040170066394
77455,11,4.0,3.7896040170066394
91077,11,4.0,3.7896040170066394
3967,37,3.8513513513513513,3.7889720075987112
44665,37,3.8513513513513513,3.7889720075987112
2973,18,3.9166666666666665,3.788631584183551
122886,39,3.8461538461538463,3.7873813134110086
2078,53,3.830188679245283,3.787010862811737
5072,13,3.9615384615384617,3.786160189440844
262,20,3.9,3.78605614523798
902,36,3.8472222222222223,3.7843844425465094
139385,29,3.8620689655172415,3.7841457527471647
4235,22,3.8863636363636362,3.783802636160607
1961,96,3.8072916666666665,3.783789475067353
3552,52,3.826923076923077,3.7835755541474105
104374,15,3.933333333333333,3.783267374285577
98809,38,3.8421052631578947,3.7829517574404044
1132,8,4.0625,3.782315797618857
1939,8,4.0625,3.782315797618857
57274,8,4.0625,3.782315797618857
40815,70,3.8142857142857145,3.782271054464243
1748,47,3.8297872340425534,3.7821348132831476
1449,24,3.875,3.7818142457982185
61240,17,3.911764705882353,3.780803124338497
3499,42,3.8333333333333335,3.780417006868066
93510,26,3.8653846153846154,3.7800467876983173
115713,26,3.8653846153846154,3.7800467876983173
122882,44,3.8295454545454546,3.779290451058137
553,62,3.814516129032258,3.7789122827380477
3740,28,3.857142857142857,3.7784653778194586
588,181,3.7900552486187844,3.7779145777860696
1408,39,3.8333333333333335,3.7771772317783556
8370,12,3.9583333333333335,3.776440198051792
4239,50,3.82,3.7763614059523234
122904,52,3.8173076923076925,3.7755110380183785
37741,23,3.869565217391304,3.7752025562769527
116823,23,3.869565217391304,3.7752025562769527
1263,43,3.8255813953488373,3.775126119946027
2966,14,3.9285714285714284,3.7742368482141426
3198,14,3.9285714285714284,3.7742368482141426
8636,78,3.801282051282051,3.7736555040584023
48394,80,3.8,3.773129826190438
4027,93,3.795698924731183,3.7726377122052375
4002,27,3.8518518518518516,3.7724779555983625
7360,16,3.90625,3.7723724752745937
1967,40,3.825,3.771633687142789
115617,40,3.825,3.771633687142789
272,29,3.8448275862068964,3.771325239926652
2064,31,3.838709677419355,3.7702849843204738
63082,70,3.8,3.7697710544642424
1220,83,3.7951807228915664,3.7696955307219295
31410,20,3.875,3.7693894785713136
5010,50,3.81,3.7680280726189905
97,9,4.0,3.7674570714283906
2917,9,4.0,3.7674570714283906
3022,9,4.0,3.7674570714283906
2529,56,3.8035714285714284,3.766389156926355
1944,11,3.9545454545454546,3.7657944931971157
3783,11,3.9545454545454546,3.7657944931971157
59387,11,3.9545454545454546,3.7657944931971157
497,43,3.813953488372093,3.765692157681876
115149,28,3.8392857142857144,3.7653074830826165
6539,149,3.778523489932886,3.764664681491443
555,64,3.796875,3.7646173561775598
4033,13,3.923076923076923,3.764421059006062
6331,13,3.923076923076923,3.764421059006062
5064,32,3.828125,3.7638496275509383
1997,53,3.80188679245283,3.7632013390022134
1635,17,3.8823529411764706,3.762284605819979
6283,19,3.8684210526315788,3.7614373916254973
1231,21,3.857142857142857,3.760699495391594
2010,21,3.857142857142857,3.760699495391594
337,75,3.7866666666666666,3.7597845218486987
595,145,3.7724137931034485,3.7585915119815443
1912,31,3.8225806451612905,3.7580898623692547
2716,119,3.773109243697479,3.75644716555922
2396,92,3.777173913043478,3.755702787815092
333,49,3.795918367346939,3.7556217687650753
96079,49,3.795918367346939,3.7556217687650753
3727,6,4.083333333333333,3.755105272321214
3535,59,3.788135593220339,3.7548070196686876
6942,59,3.788135593220339,3.7548070196686876
74,8,4.0,3.754538019841079
940,8,4.0,3.754538019841079
2935,8,4.0,3.754538019841079
3498,8,4.0,3.754538019841079
7063,8,4.0,3.754538019841079
7256,8,4.0,3.754538019841079
27803,8,4.0,3.754538019841079
52952,8,4.0,3.754538019841079
79008,8,4.0,3.754538019841079
94,10,3.95,3.7540842178569713
1185,10,3.95,3.7540842178569713
4103,10,3.95,3.7540842178569713
27815,10,3.95,3.7540842178569713
65514,10,3.95,3.7540842178569713
89904,10,3.95,3.7540842178569713
2739,12,3.9166666666666665,3.7537129253245194
122912,12,3.9166666666666665,3.7537129253245194
232,14,3.892857142857143,3.7534035148808096
1955,14,3.892857142857143,3.7534035148808096
2912,14,3.892857142857143,3.7534035148808096
8366,14,3.892857142857143,3.7534035148808096
26776,14,3.892857142857143,3.7534035148808096
103141,16,3.875,3.753141706043824
955,18,3.861111111111111,3.7529172984692654
5782,18,3.861111111111111,3.7529172984692654
5954,22,3.840909090909091,3.752552636160607
51935,24,3.8333333333333335,3.752402481092336
3108,36,3.8055555555555554,3.751775746894335
44199,40,3.8,3.7516336871427884
4776,50,3.79,3.751361405952324
1282,52,3.7884615384615383,3.7513174896312806
70286,64,3.78125,3.7511038426640466
1968,112,3.767857142857143,3.7506695439109787
1097,122,3.7663934426229506,3.7506188208874196
87232,43,3.7906976744186047,3.7468242331535744
5444,29,3.810344827586207,3.7456842142856264
1253,25,3.82,3.745190981632555
88810,21,3.8333333333333335,3.7445704631335297
17,66,3.772727272727273,3.7444958468044662
5669,58,3.7758620689655173,3.7438482993696978
3060,15,3.8666666666666667,3.743267374285577
1211,13,3.8846153846153846,3.7426819285712796
5026,13,3.8846153846153846,3.7426819285712796
45728,13,3.8846153846153846,3.7426819285712796
4896,106,3.759433962264151,3.7420834858374095
2648,11,3.909090909090909,3.741984969387592
3053,11,3.909090909090909,3.741984969387592
54881,11,3.909090909090909,3.741984969387592
47610,42,3.7857142857142856,3.7419554684065273
8665,73,3.767123287671233,3.7419480043028845
2843,9,3.9444444444444446,3.7411412819547065
2924,9,3.9444444444444446,3.7411412819547065
6617,9,3.9444444444444446,3.7411412819547065
53123,9,3.9444444444444446,3.7411412819547065
64620,9,3.9444444444444446,3.7411412819547065
56367,65,3.769230769230769,3.741089124761859
1663,34,3.7941176470588234,3.740492826298623
480,236,3.7478813559322033,3.7401694486062573
111362,28,3.8035714285714284,3.738991693608932
1374,62,3.7661290322580645,3.737245616071381
4105,22,3.8181818181818183,3.736927636160607
1175,20,3.825,3.7360561452379804
96821,20,3.825,3.7360561452379804
14,18,3.8333333333333335,3.7350601556121226
6620,18,3.8333333333333335,3.7350601556121226
81562,18,3.8333333333333335,3.7350601556121226
55276,16,3.84375,3.733910936813055
30749,46,3.7717391304347827,3.7336015063774894
3448,42,3.7738095238095237,3.7323400837911427
8873,27,3.7962962962962963,3.731937415057822
80549,27,3.7962962962962963,3.731937415057822
154,12,3.875,3.730985652597246
4029,12,3.875,3.730985652597246
44761,12,3.875,3.730985652597246
1293,25,3.8,3.7309052673468406
1527,116,3.7456896551724137,3.7308070187074556
1256,23,3.8043478260869565,3.7297480108224073
1147,10,3.9,3.729084217856971
2176,10,3.9,3.729084217856971
3035,10,3.9,3.729084217856971
3831,10,3.9,3.729084217856971
27846,10,3.9,3.729084217856971
56251,10,3.9,3.729084217856971
114935,10,3.9,3.729084217856971
47099,45,3.7666666666666666,3.7287578974025353
1641,56,3.7589285714285716,3.728510369047567
41997,21,3.8095238095238093,3.7284414308754648
69,19,3.8157894736842106,3.726954633004808
27611,19,3.8157894736842106,3.726954633004808
27831,19,3.8157894736842106,3.726954633004808
932,8,3.9375,3.7267602420633015
3549,8,3.9375,3.7267602420633015
4437,8,3.9375,3.7267602420633015
4914,8,3.9375,3.7267602420633015
6214,8,3.9375,3.7267602420633015
7802,8,3.9375,3.7267602420633015
101142,8,3.9375,3.7267602420633015
163645,8,3.9375,3.7267602420633015
109374,50,3.76,3.7263614059523236
6618,17,3.823529411764706,3.7252475687829416
112290,17,3.823529411764706,3.7252475687829416
3159,15,3.8333333333333335,3.7232673742855766
2352,24,3.7916666666666665,3.722990716386454
1285,40,3.7625,3.7216336871427886
1958,22,3.7954545454545454,3.721302636160607
2391,22,3.7954545454545454,3.721302636160607
3307,13,3.8461538461538463,3.7209427981364964
8641,56,3.75,3.72093461147181
40819,38,3.763157894736842,3.7204517574404044
91542,38,3.763157894736842,3.7204517574404044
49530,52,3.75,3.7190594251151525
1289,11,3.8636363636363638,3.7181754455780682
5294,11,3.8636363636363638,3.7181754455780682
5608,11,3.8636363636363638,3.7181754455780682
5812,11,3.8636363636363638,3.7181754455780682
48082,11,3.8636363636363638,3.7181754455780682
98243,11,3.8636363636363638,3.7181754455780682
57640,18,3.8055555555555554,3.7172030127549798
176371,18,3.8055555555555554,3.7172030127549798
1343,25,3.78,3.7166195530611263
88129,32,3.765625,3.716230579931891
7451,39,3.7564102564102564,3.7159527419824374
4880,9,3.888888888888889,3.7148254924810225
63072,9,3.888888888888889,3.7148254924810225
69951,16,3.8125,3.714680167582286
101,23,3.782608695652174,3.714596495670892
915,30,3.7666666666666666,3.7145421089284856
158238,14,3.8214285714285716,3.711736848214143
1466,52,3.7403846153846154,3.7109949089861196
2726,7,3.9285714285714284,3.710687315125848
8645,7,3.9285714285714284,3.710687315125848
3556,26,3.769230769230769,3.710602343253873
18,19,3.789473684210526,3.7097132536944626
8798,43,3.744186046511628,3.70908838409697
2948,36,3.75,3.70829748602477
417,12,3.8333333333333335,3.7082583798699735
2312,12,3.8333333333333335,3.7082583798699735
3088,12,3.8333333333333335,3.7082583798699735
5135,12,3.8333333333333335,3.7082583798699735
3916,41,3.7439024390243905,3.7074840070027344
3735,17,3.7941176470588234,3.706729050264423
1274,39,3.7435897435897436,3.7057486603497845
8949,39,3.7435897435897436,3.7057486603497845
7323,22,3.772727272727273,3.705677636160607
3358,10,3.85,3.7040842178569715
5380,10,3.85,3.7040842178569715
6893,10,3.85,3.7040842178569715
150548,10,3.85,3.7040842178569715
58998,37,3.7432432432432434,3.703865624619988
2797,91,3.71978021978022,3.703779053040985
431,42,3.738095238095238,3.703493929944989
222,15,3.8,3.703267374285577
114662,15,3.8,3.703267374285577
5991,47,3.734042553191489,3.7031874448620954
4855,20,3.775,3.702722811904647
39292,20,3.775,3.702722811904647
2501,30,3.75,3.7020421089284854
1275,48,3.7291666666666665,3.6996842130541276
968,28,3.75,3.699518009398406
1077,28,3.75,3.699518009398406
1298,23,3.760869565217391,3.6994449805193765
81932,23,3.760869565217391,3.6994449805193765
911,13,3.8076923076923075,3.699203667701714
1301,13,3.8076923076923075,3.699203667701714
1537,13,3.8076923076923075,3.699203667701714
1701,8,3.875,3.698982464285524
3265,8,3.875,3.698982464285524
7076,8,3.875,3.698982464285524
56339,8,3.875,3.698982464285524
99813,8,3.875,3.698982464285524
2968,41,3.731707317073171,3.697680085434107
2291,79,3.7151898734177213,3.697547015248757
3006,31,3.7419354838709675,3.6971142526131566
110102,31,3.7419354838709675,3.6971142526131566
3148,26,3.75,3.696713454364984
27904,21,3.761904761904762,3.696183366359336
86833,21,3.761904761904762,3.696183366359336
8914,16,3.78125,3.6954493983515166
64839,34,3.735294117647059,3.6950382808440776
599,11,3.8181818181818183,3.6943659217685436
7569,11,3.8181818181818183,3.6943659217685436
104913,11,3.8181818181818183,3.6943659217685436
281,14,3.7857142857142856,3.6909035148808096
3793,132,3.7007575757575757,3.6907160870221087
3039,38,3.723684210526316,3.6892017574404044
6333,75,3.7066666666666666,3.6891962865545813
446,9,3.8333333333333335,3.688509703007338
678,9,3.8333333333333335,3.688509703007338
861,9,3.8333333333333335,3.688509703007338
931,9,3.8333333333333335,3.688509703007338
428,17,3.764705882352941,3.6882105317459044
5014,17,3.764705882352941,3.6882105317459044
6870,52,3.7115384615384617,3.6868013605990235
5377,44,3.715909090909091,3.6866978584655445
94959,28,3.732142857142857,3.686360114661564
1350,20,3.75,3.6860561452379805
4007,20,3.75,3.6860561452379805
3471,58,3.706896551724138,3.6850247699579324
1625,77,3.7012987012987013,3.6848469466337868
1962,23,3.739130434782609,3.684293465367862
4022,99,3.696969696969697,3.6842356363040314
6708,34,3.7205882352941178,3.6836746444804414
1183,45,3.7111111111111112,3.68330335194799
2890,45,3.7111111111111112,3.68330335194799
5791,15,3.7666666666666666,3.6832673742855766
4016,37,3.7162162162162162,3.682589028875307
112556,37,3.7162162162162162,3.682589028875307
8784,48,3.7083333333333335,3.6824428337437833
1784,95,3.694736842105263,3.6817303272108517
3160,51,3.7058823529411766,3.681666956674417
2467,18,3.75,3.681488727040694
58803,18,3.75,3.681488727040694
128360,18,3.75,3.681488727040694
4857,7,3.857142857142857,3.681275550419966
1059,32,3.71875,3.680516294217605
72011,32,3.71875,3.680516294217605
54995,21,3.738095238095238,3.6800543341012717
97913,21,3.738095238095238,3.6800543341012717
104211,21,3.738095238095238,3.6800543341012717
51540,38,3.710526315789474,3.6787850907737383
1982,27,3.7222222222222223,3.6778833610037682
82459,27,3.7222222222222223,3.6778833610037682
122900,27,3.7222222222222223,3.6778833610037682
2664,13,3.769230769230769,3.677464537266931
3044,13,3.769230769230769,3.677464537266931
3654,13,3.769230769230769,3.677464537266931
4467,13,3.769230769230769,3.677464537266931
6857,13,3.769230769230769,3.677464537266931
6993,13,3.769230769230769,3.677464537266931
62849,13,3.769230769230769,3.677464537266931
115210,13,3.769230769230769,3.677464537266931
79702,44,3.7045454545454546,3.677438599206286
97921,30,3.716666666666667,3.677042108928486
2949,33,3.712121212121212,3.676318240863708
314,16,3.75,3.6762186291207475
2819,16,3.75,3.6762186291207475
90866,16,3.75,3.6762186291207475
2083,19,3.736842105263158,3.675230495073773
97752,19,3.736842105263158,3.675230495073773
62,79,3.689873417721519,3.675075105136398
3421,62,3.693548387096774,3.674745616071381
4571,45,3.7,3.674212442857081
1729,48,3.6979166666666665,3.6738221440886107
3462,25,3.72,3.6737624102039836
4019,28,3.7142857142857144,3.673202219924722
235,69,3.6884057971014492,3.6719200551536635
54286,78,3.6858974358974357,3.671382776785675
2401,8,3.8125,3.671204686507746
2919,8,3.8125,3.671204686507746
4037,8,3.8125,3.671204686507746
6187,8,3.8125,3.671204686507746
7034,8,3.8125,3.671204686507746
44694,8,3.8125,3.671204686507746
54736,8,3.8125,3.671204686507746
89753,8,3.8125,3.671204686507746
111617,8,3.8125,3.671204686507746
52973,49,3.693877551020408,3.67087600605321
3911,52,3.6923076923076925,3.6706723283409586
2583,11,3.772727272727273,3.6705563979590203
2596,11,3.772727272727273,3.6705563979590203
44974,11,3.772727272727273,3.6705563979590203
62374,11,3.772727272727273,3.6705563979590203
492,14,3.75,3.670070181547476
3543,14,3.75,3.670070181547476
6296,14,3.75,3.670070181547476
6385,14,3.75,3.670070181547476
4881,17,3.735294117647059,3.6696920132273863
4128,26,3.7115384615384617,3.6689356765872065
56757,29,3.706896551724138,3.6687611373625493
4979,68,3.6838235294117645,3.667713902014608
5218,84,3.6785714285714284,3.6657625995440357
6936,39,3.6923076923076925,3.664932333819172
5013,27,3.7037037037037037,3.6643698474902546
6796,18,3.7222222222222223,3.6636315841835514
474,67,3.6791044776119404,3.6633984981446677
1260,15,3.7333333333333334,3.663267374285577
2118,15,3.7333333333333334,3.663267374285577
134368,15,3.7333333333333334,3.663267374285577
2476,12,3.75,3.6628038344154286
72737,12,3.75,3.6628038344154286
3685,9,3.7777777777777777,3.6621939135336534
4387,9,3.7777777777777777,3.6621939135336534
7158,9,3.7777777777777777,3.6621939135336534
36535,9,3.7777777777777777,3.6621939135336534
52885,9,3.7777777777777777,3.6621939135336534
166643,9,3.7777777777777777,3.6621939135336534
46976,43,3.686046511627907,3.6619185727762154
36529,34,3.6911764705882355,3.660947371753169
2000,75,3.6733333333333333,3.659784521848699
3360,22,3.7045454545454546,3.658802636160607
6773,22,3.7045454545454546,3.658802636160607
122922,22,3.7045454545454546,3.658802636160607
79091,38,3.6842105263157894,3.6579517574404044
1060,35,3.6857142857142855,3.657370763491987
11,70,3.6714285714285713,3.6572710544642426
2114,16,3.71875,3.6569878598899783
2065,13,3.730769230769231,3.6557254068321487
7265,13,3.730769230769231,3.6557254068321487
47629,13,3.730769230769231,3.6557254068321487
1960,26,3.6923076923076925,3.6550467876983177
1873,10,3.75,3.6540842178569712
2594,10,3.75,3.6540842178569712
3676,10,3.75,3.6540842178569712
2991,23,3.6956521739130435,3.6539904350648316
3481,75,3.6666666666666665,3.653902168907522
66097,33,3.6818181818181817,3.6530624269102194
3298,20,3.7,3.6527228119046473
27660,20,3.7,3.6527228119046473
51662,79,3.6645569620253164,3.6526031950240383
7169,7,3.7857142857142856,3.6518637857140837
1296,17,3.7058823529411766,3.6511734947088677
47997,17,3.7058823529411766,3.6511734947088677
50068,17,3.7058823529411766,3.6511734947088677
117176,17,3.7058823529411766,3.6511734947088677
1923,103,3.6601941747572817,3.6511653482932696
102445,27,3.685185185185185,3.650856333976741
2916,87,3.660919540229885,3.6503266428571077
1125,24,3.6875,3.649461304621748
2117,14,3.7142857142857144,3.649236848214143
4378,14,3.7142857142857144,3.649236848214143
53894,14,3.7142857142857144,3.649236848214143
96737,14,3.7142857142857144,3.649236848214143
733,118,3.656779661016949,3.6490756590401516
61024,31,3.6774193548387095,3.6483337648082785
72641,31,3.6774193548387095,3.6483337648082785
89774,11,3.727272727272727,3.646746874149496
3361,35,3.6714285714285713,3.646259652380876
2115,107,3.6542056074766354,3.6459973021977725
69757,42,3.6666666666666665,3.6458016222526815
6565,18,3.6944444444444446,3.6457744413264086
2599,56,3.6607142857142856,3.6451770357142337
1889,8,3.75,3.643426908729968
2033,8,3.75,3.643426908729968
2889,8,3.75,3.643426908729968
2941,8,3.75,3.643426908729968
4349,8,3.75,3.643426908729968
8973,8,3.75,3.643426908729968
27731,8,3.75,3.643426908729968
146656,8,3.75,3.643426908729968
41,15,3.7,3.6432673742855775
3526,15,3.7,3.6432673742855775
5992,15,3.7,3.6432673742855775
8981,15,3.7,3.6432673742855775
71264,15,3.7,3.6432673742855775
3105,22,3.6818181818181817,3.643177636160607
34,127,3.6496062992125986,3.642932002606857
2763,47,3.6595744680851063,3.6417839360901656
2359,26,3.673076923076923,3.6411578988094284
8958,19,3.6842105263157894,3.6407477364530836
112138,19,3.6842105263157894,3.6407477364530836
900,12,3.7083333333333335,3.640076561688155
3244,12,3.7083333333333335,3.640076561688155
36708,12,3.7083333333333335,3.640076561688155
89470,12,3.7083333333333335,3.640076561688155
628,34,3.661764705882353,3.638220099025896
1297,20,3.675,3.6360561452379807
3196,9,3.7222222222222223,3.6358781240599694
3505,9,3.7222222222222223,3.6358781240599694
4553,9,3.7222222222222223,3.6358781240599694
37731,9,3.7222222222222223,3.6358781240599694
3052,79,3.6455696202531644,3.6357492624397687
62999,13,3.6923076923076925,3.6339862763973665
112175,13,3.6923076923076925,3.6339862763973665
3271,17,3.676470588235294,3.632654976190349
40278,17,3.676470588235294,3.632654976190349
56152,17,3.676470588235294,3.632654976190349
5445,118,3.635593220338983,3.6295444090401516
381,10,3.7,3.6290842178569713
2690,10,3.7,3.6290842178569713
135133,10,3.7,3.6290842178569713
161,103,3.6359223300970873,3.6290414544879592
920,45,3.6444444444444444,3.628757897402535
135143,14,3.6785714285714284,3.6284035148808096
194,18,3.6666666666666665,3.6279172984692654
1188,22,3.659090909090909,3.627552636160607
2336,22,3.659090909090909,3.627552636160607
3317,22,3.659090909090909,3.627552636160607
91630,22,3.659090909090909,3.627552636160607
1257,26,3.6538461538461537,3.6272690099205396
2795,26,3.6538461538461537,3.6272690099205396
805,34,3.6470588235294117,3.6268564626622593
1674,39,3.641025641025641,3.62411600728856
1095,15,3.6666666666666665,3.623267374285577
1959,15,3.6666666666666665,3.623267374285577
3668,15,3.6666666666666665,3.623267374285577
82,7,3.7142857142857144,3.6224520210082014
69122,73,3.6301369863013697,3.621466076592041
6947,36,3.638888888888889,3.62134096428564
96610,32,3.640625,3.6209924846937955
3098,24,3.6458333333333335,3.6200495399158656
7254,45,3.6333333333333333,3.6196669883116264
4865,20,3.65,3.619389478571314
1584,79,3.6265822784810124,3.6188953298554987
1254,16,3.65625,3.6185263214284396
493,12,3.6666666666666665,3.6173492889608827
5577,12,3.6666666666666665,3.6173492889608827
52604,12,3.6666666666666665,3.6173492889608827
70183,12,3.6666666666666665,3.6173492889608827
25,76,3.625,3.617228887873714
76251,42,3.630952380952381,3.6169554684065277
4720,55,3.6272727272727274,3.616641297802145
2366,25,3.64,3.6166195530611267
2872,25,3.64,3.6166195530611267
2022,8,3.6875,3.6156491309521903
2130,8,3.6875,3.6156491309521903
2551,8,3.6875,3.6156491309521903
3204,8,3.6875,3.6156491309521903
6774,8,3.6875,3.6156491309521903
60766,8,3.6875,3.6156491309521903
71282,8,3.6875,3.6156491309521903
107141,8,3.6875,3.6156491309521903
6323,21,3.642857142857143,3.6155382050690132
97938,30,3.6333333333333333,3.614542108928486
111781,17,3.6470588235294117,3.6141364576718304
1124,13,3.6538461538461537,3.6122471459625833
140110,13,3.6538461538461537,3.6122471459625833
3104,22,3.6363636363636362,3.611927636160607
6378,58,3.6206896551724137,3.6114953581932268
1179,27,3.6296296296296298,3.6103157934362007
594,77,3.616883116883117,3.610134302955626
4873,18,3.638888888888889,3.6100601556121226
3155,9,3.6666666666666665,3.6095623345862853
4047,9,3.6666666666666665,3.6095623345862853
4322,9,3.6666666666666665,3.6095623345862853
4427,9,3.6666666666666665,3.6095623345862853
81591,41,3.6219512195121952,3.6094447913164593
4246,64,3.6171875,3.6092119507721545
2640,60,3.6166666666666667,3.6083097765305627
2297,14,3.642857142857143,3.607570181547476
4041,14,3.642857142857143,3.607570181547476
8638,14,3.642857142857143,3.607570181547476
52328,14,3.642857142857143,3.607570181547476
71057,14,3.642857142857143,3.607570181547476
5673,33,3.621212121212121,3.6065507990032426
89864,19,3.6315789473684212,3.606264977832394
224,38,3.6184210526315788,3.6058684241070713
64969,34,3.6176470588235294,3.6041291899349868
2135,10,3.65,3.604084217856971
3742,10,3.65,3.604084217856971
5650,10,3.65,3.604084217856971
69784,10,3.65,3.604084217856971
137857,10,3.65,3.604084217856971
168250,15,3.6333333333333333,3.6032673742855765
63131,20,3.625,3.6027228119046475
96588,20,3.625,3.6027228119046475
1500,59,3.610169491525424,3.6026331066252095
353,64,3.609375,3.602455194015398
508,65,3.6076923076923078,3.6010891247618595
349,110,3.6045454545454545,3.600680702976162
3252,26,3.6153846153846154,3.599491232142762
2125,21,3.619047619047619,3.599409172810949
249,16,3.625,3.5992955521976704
2301,16,3.625,3.5992955521976704
3020,16,3.625,3.5992955521976704
105844,16,3.625,3.5992955521976704
373,11,3.6363636363636362,3.5991278265304487
538,11,3.6363636363636362,3.5991278265304487
117590,11,3.6363636363636362,3.5991278265304487
159093,11,3.6363636363636362,3.5991278265304487
448,6,3.6666666666666665,3.598855272321214
1061,27,3.611111111111111,3.596802279922687
122920,22,3.6136363636363638,3.596302636160607
84944,17,3.6176470588235294,3.595617939153312
7445,33,3.606060606060606,3.5949228920264984
952,12,3.625,3.59462201623361
2728,12,3.625,3.59462201623361
6552,12,3.625,3.59462201623361
2144,49,3.6020408163265305,3.594604819612533
348,28,3.607142857142857,3.594254851503669
180031,7,3.642857142857143,3.593040256302319
1947,34,3.6029411764705883,3.5927655535713505
54259,34,3.6029411764705883,3.5927655535713505
85414,34,3.6029411764705883,3.5927655535713505
3168,29,3.603448275862069,3.5918380604394726
5816,101,3.594059405940594,3.5908259851994546
515,24,3.6041666666666665,3.590637775209983
5110,24,3.6041666666666665,3.590637775209983
1023,13,3.6153846153846154,3.590508015527801
58295,13,3.6153846153846154,3.590508015527801
152077,13,3.6153846153846154,3.590508015527801
3386,30,3.6,3.5895421089284856
1429,19,3.6052631578947367,3.589023598522049
48304,19,3.6052631578947367,3.589023598522049
345,36,3.5972222222222223,3.588732268633466
1680,25,3.6,3.5880481244896982
106487,25,3.6,3.5880481244896982
482,8,3.625,3.587871353174412
1232,8,3.625,3.587871353174412
1966,8,3.625,3.587871353174412
2155,8,3.625,3.587871353174412
3061,8,3.625,3.587871353174412
3959,8,3.625,3.587871353174412
6303,8,3.625,3.587871353174412
6731,8,3.625,3.587871353174412
161131,8,3.625,3.587871353174412
8970,31,3.596774193548387,3.587358155052181
39183,31,3.596774193548387,3.587358155052181
64957,37,3.5945945945945947,3.5868443480242433
103228,14,3.607142857142857,3.586736848214143
319,20,3.6,3.586056145237981
81564,20,3.6,3.586056145237981
4308,55,3.590909090909091,3.585872067032914
54272,45,3.588888888888889,3.5833033519479898
3396,33,3.590909090909091,3.583294985049754
87306,21,3.5952380952380953,3.5832801405528847
6003,15,3.6,3.583267374285577
1268,9,3.611111111111111,3.583246545112601
3515,9,3.611111111111111,3.583246545112601
5540,9,3.611111111111111,3.583246545112601
7285,9,3.611111111111111,3.583246545112601
37857,9,3.611111111111111,3.583246545112601
72998,95,3.5842105263157893,3.5817303272108516
2087,40,3.5875,3.5816336871427885
1393,83,3.5843373493975905,3.581523487711177
45186,28,3.5892857142857144,3.581096956766827
106696,28,3.5892857142857144,3.581096956766827
1753,16,3.59375,3.5800647829669012
4327,16,3.59375,3.5800647829669012
59369,41,3.5853658536585367,3.580033026610577
6305,10,3.6,3.5790842178569715
84392,10,3.6,3.5790842178569715
38038,29,3.586206896551724,3.57901754761896
3527,61,3.581967213114754,3.5786152726357665
1186,23,3.5869565217391304,3.5782328593072554
3175,75,3.58,3.5774315806722283
2311,17,3.588235294117647,3.5770994206347937
2161,43,3.5813953488372094,3.577012912398857
1194,11,3.590909090909091,3.575318302720925
4326,11,3.590909090909091,3.575318302720925
5049,11,3.590909090909091,3.575318302720925
52435,11,3.590909090909091,3.575318302720925
3639,18,3.5833333333333335,3.574345869897837
1025,25,3.58,3.573762410203984
2987,95,3.5736842105263156,3.5722065176870417
125,12,3.5833333333333335,3.5718947435063377
986,12,3.5833333333333335,3.5718947435063377
2867,12,3.5833333333333335,3.5718947435063377
6867,12,3.5833333333333335,3.5718947435063377
41571,12,3.5833333333333335,3.5718947435063377
4623,19,3.5789473684210527,3.571782219211704
31878,19,3.5789473684210527,3.571782219211704
103335,19,3.5789473684210527,3.571782219211704
1333,41,3.573170731707317,3.5702291050419497
8360,91,3.5714285714285716,3.570115686704351
1033,20,3.575,3.5693894785713143
53000,20,3.575,3.5693894785713143
45950,13,3.576923076923077,3.568768885093019
2005,57,3.5701754385964914,3.5683833486140215
175303,6,3.5833333333333335,3.567605272321214
609,14,3.5714285714285716,3.5659035148808096
1907,45,3.566666666666667,3.5651215337661717
4816,53,3.5660377358490565,3.564788640589515
2423,30,3.566666666666667,3.564542108928486
1302,54,3.564814814814815,3.5637763180803033
7149,15,3.566666666666667,3.5632673742855774
104841,31,3.564516129032258,3.5629679111497423
3300,39,3.5641025641025643,3.5628915174926417
102125,32,3.5625,3.5614686751699858
163,66,3.5606060606060606,3.5602853204886764
289,8,3.5625,3.5600935753966345
2457,8,3.5625,3.5600935753966345
3512,8,3.5625,3.5600935753966345
4052,8,3.5625,3.5600935753966345
4090,8,3.5625,3.5600935753966345
5882,8,3.5625,3.5600935753966345
8937,8,3.5625,3.5600935753966345
39381,8,3.5625,3.5600935753966345
55280,8,3.5625,3.5600935753966345
90647,8,3.5625,3.5600935753966345
140174,8,3.5625,3.5600935753966345
161582,8,3.5625,3.5600935753966345
551,92,3.5597826086956523,3.5596243564425434
45720,34,3.5588235294117645,3.558674644480441
94677,17,3.5588235294117645,3.5585809021162746
151,43,3.558139534883721,3.558144987870555
37729,43,3.558139534883721,3.558144987870555
3476,26,3.5576923076923075,3.557824565476095
2183,9,3.5555555555555554,3.556930755638917
4280,9,3.5555555555555554,3.556930755638917
5955,9,3.5555555555555554,3.556930755638917
6890,9,3.5555555555555554,3.556930755638917
7669,9,3.5555555555555554,3.556930755638917
34072,18,3.5555555555555554,3.5564887270406937
3072,27,3.5555555555555554,3.5562617393821463
40629,27,3.5555555555555554,3.5562617393821463
165,144,3.5555555555555554,3.5557252230983076
7293,46,3.5543478260869565,3.5550300778060615
2420,37,3.554054054054054,3.554929454407222
60756,28,3.5535714285714284,3.5547811672931426
322,10,3.55,3.554084217856971
1810,10,3.55,3.554084217856971
3067,10,3.55,3.554084217856971
7137,10,3.55,3.554084217856971
37830,10,3.55,3.554084217856971
68135,10,3.55,3.554084217856971
78209,10,3.55,3.554084217856971
102481,10,3.55,3.554084217856971
4448,20,3.55,3.552722811904647
8528,39,3.551282051282051,3.5526874358599883
2403,30,3.55,3.552042108928485
3189,11,3.5454545454545454,3.5515087789114013
40732,11,3.5454545454545454,3.5515087789114013
52287,11,3.5454545454545454,3.5515087789114013
63876,11,3.5454545454545454,3.5515087789114013
139644,11,3.5454545454545454,3.5515087789114013
157296,11,3.5454545454545454,3.5515087789114013
5349,118,3.5508474576271185,3.5514194090401516
2137,21,3.5476190476190474,3.5510220760367552
2989,21,3.5476190476190474,3.5510220760367552
3070,21,3.5476190476190474,3.5510220760367552
1639,51,3.549019607843137,3.55051941569081
88140,32,3.546875,3.549563913265224
1081,12,3.5416666666666665,3.5491674707790644
2952,12,3.5416666666666665,3.5491674707790644
59501,12,3.5416666666666665,3.5491674707790644
610,33,3.5454545454545454,3.5484112641195216
562,23,3.5434782608695654,3.5479298290042256
2140,34,3.5441176470588234,3.5473110081168047
4008,13,3.5384615384615383,3.5470297546582357
55052,13,3.5384615384615383,3.5470297546582357
177765,13,3.5384615384615383,3.5470297546582357
106489,24,3.5416666666666665,3.5465201281511596
4017,14,3.5357142857142856,3.545070181547476
1476,26,3.5384615384615383,3.543935676587206
69406,15,3.533333333333333,3.543267374285577
471,39,3.5384615384615383,3.5424833542273353
440,75,3.54,3.5421374630251696
1348,16,3.53125,3.541603244505363
3178,16,3.53125,3.541603244505363
8228,16,3.53125,3.541603244505363
40583,16,3.53125,3.541603244505363
3267,17,3.5294117647058822,3.5400623835977565
7160,17,3.5294117647058822,3.5400623835977565
67087,17,3.5294117647058822,3.5400623835977565
2841,18,3.5277777777777777,3.538631584183551
1517,100,3.535,3.5371062214285405
2048,6,3.5,3.536355272321214
362,34,3.5294117647058822,3.5359473717531684
3751,77,3.5324675324675323,3.535421659277465
30812,35,3.5285714285714285,3.535148541269765
300,79,3.5316455696202533,3.5346256669341507
3950,7,3.5,3.5342167268905547
122906,7,3.5,3.5342167268905547
164909,7,3.5,3.5342167268905547
225,51,3.5294117647058822,3.5341259730678596
8533,37,3.527027027027027,3.533652858662541
2572,54,3.5277777777777777,3.5325263180803033
2759,8,3.5,3.532315797618857
4508,8,3.5,3.532315797618857
7007,8,3.5,3.532315797618857
3408,70,3.5285714285714285,3.5322710544642426
509,57,3.526315789473684,3.5310699157782004
8983,25,3.52,3.5309052673468404
2745,9,3.5,3.5306149661652326
3071,9,3.5,3.5306149661652326
6299,9,3.5,3.5306149661652326
74795,9,3.5,3.5306149661652326
97923,9,3.5,3.5306149661652326
3301,42,3.5238095238095237,3.530417006868066
648,159,3.5283018867924527,3.5300691382079252
1120,26,3.519230769230769,3.5300467876983173
5574,26,3.519230769230769,3.5300467876983173
2278,43,3.5232558139534884,3.5298431010781024
122892,27,3.5185185185185186,3.5292347123551195
728,10,3.5,3.5290842178569712
1017,10,3.5,3.5290842178569712
1678,10,3.5,3.5290842178569712
2089,10,3.5,3.5290842178569712
3397,10,3.5,3.5290842178569712
4954,10,3.5,3.5290842178569712
4994,10,3.5,3.5290842178569712
91485,10,3.5,3.5290842178569712
104241,10,3.5,3.5290842178569712
454,97,3.5257731958762886,3.5288007883844803
4014,47,3.521276595744681,3.5277488483708677
3274,11,3.5,3.5276992551018775
5464,49,3.520408163265306,3.5268082094430406
8464,49,3.520408163265306,3.5268082094430406
233,12,3.5,3.526440198051792
90746,12,3.5,3.526440198051792
2355,91,3.521978021978022,3.5255612312588065
35836,72,3.5208333333333335,3.5253863945992614
26,13,3.5,3.5252906242234534
2474,13,3.5,3.5252906242234534
6944,13,3.5,3.5252906242234534
4641,33,3.515151515151515,3.525155450166033
86332,34,3.514705882352941,3.524583735389532
2395,55,3.518181818181818,3.5243336054944527
257,14,3.5,3.524236848214143
5066,14,3.5,3.524236848214143
48043,14,3.5,3.524236848214143
99007,14,3.5,3.524236848214143
3034,36,3.513888888888889,3.523514877329118
412,15,3.5,3.5232673742855773
1754,15,3.5,3.5232673742855773
52975,15,3.5,3.5232673742855773
3253,60,3.5166666666666666,3.5225954908162773
2908,38,3.513157894736842,3.5225350907737383
140,16,3.5,3.5223724752745937
6188,39,3.5128205128205128,3.522075190962029
5785,17,3.5,3.521543865079238
33162,17,3.5,3.521543865079238
1693,19,3.5,3.52005808128067
368,70,3.5142857142857142,3.519771054464243
112,45,3.511111111111111,3.5196669883116263
62434,20,3.5,3.5193894785713136
81229,20,3.5,3.5193894785713136
661,47,3.5106382978723403,3.518976918546306
77561,47,3.5106382978723403,3.518976918546306
3984,21,3.5,3.5187640115206262
86882,24,3.5,3.5171083634452773
1801,25,3.5,3.516619553061126
37733,27,3.5,3.515721198841606
2321,60,3.5083333333333333,3.51545263367342
1271,30,3.5,3.5145421089284854
8917,30,3.5,3.5145421089284854
46723,31,3.5,3.5141874233448642
6754,33,3.5,3.5135275431892894
61132,33,3.5,3.5135275431892894
45722,72,3.5069444444444446,3.513191272648042
671,35,3.5,3.512926319047543
30810,35,3.5,3.512926319047543
4223,39,3.5,3.511871109329376
377,168,3.5089285714285716,3.511694855938986
1569,40,3.5,3.5116336871427887
2011,85,3.5058823529411764,3.5113861511277835
357,101,3.504950495049505,3.5097449041183735
34162,57,3.5,3.508681856076708
141,83,3.5,3.5062546705068756
21,88,3.5,3.505935554664688
51080,7,3.4285714285714284,3.504804962184672
407,8,3.4375,3.504538019841079
2348,8,3.4375,3.504538019841079
3272,8,3.4375,3.504538019841079
58299,8,3.4375,3.504538019841079
63062,8,3.4375,3.504538019841079
78574,8,3.4375,3.504538019841079
143385,8,3.4375,3.504538019841079
1012,9,3.4444444444444446,3.5042991766915486
4678,9,3.4444444444444446,3.5042991766915486
7123,9,3.4444444444444446,3.5042991766915486
33437,9,3.4444444444444446,3.5042991766915486
38886,9,3.4444444444444446,3.5042991766915486
49396,9,3.4444444444444446,3.5042991766915486
62956,9,3.4444444444444446,3.5042991766915486
3018,10,3.45,3.5040842178569713
79134,10,3.45,3.5040842178569713
166461,10,3.45,3.5040842178569713
1216,11,3.4545454545454546,3.5038897312923534
6242,11,3.4545454545454546,3.5038897312923534
6662,11,3.4545454545454546,3.5038897312923534
7247,11,3.4545454545454546,3.5038897312923534
30822,11,3.4545454545454546,3.5038897312923534
48783,11,3.4545454545454546,3.5038897312923534
54004,11,3.4545454545454546,3.5038897312923534
534,12,3.4583333333333335,3.5037129253245194
3812,12,3.4583333333333335,3.5037129253245194
54999,12,3.4583333333333335,3.5037129253245194
119141,12,3.4583333333333335,3.5037129253245194
73,13,3.4615384615384617,3.5035514937886707
3551,13,3.4615384615384617,3.5035514937886707
7439,13,3.4615384615384617,3.5035514937886707
36517,13,3.4615384615384617,3.5035514937886707
147,15,3.466666666666667,3.503267374285577
1057,15,3.466666666666667,3.503267374285577
97306,15,3.466666666666667,3.503267374285577
135569,15,3.466666666666667,3.503267374285577
60126,16,3.46875,3.503141706043824
1019,17,3.4705882352941178,3.5030253465607193
138036,18,3.4722222222222223,3.5029172984692654
1441,19,3.473684210526316,3.502816701970325
2009,19,3.473684210526316,3.502816701970325
2863,19,3.473684210526316,3.502816701970325
5528,19,3.473684210526316,3.502816701970325
2139,21,3.4761904761904763,3.5026349792625617
34437,21,3.4761904761904763,3.5026349792625617
1031,24,3.4791666666666665,3.502402481092336
2108,24,3.4791666666666665,3.502402481092336
2394,24,3.4791666666666665,3.502402481092336
2993,24,3.4791666666666665,3.502402481092336
3256,29,3.4827586206896552,3.5020944706958828
4874,33,3.484848484848485,3.501899636212545
53322,33,3.484848484848485,3.501899636212545
524,34,3.485294117647059,3.5018564626622597
8622,36,3.486111111111111,3.5017757468943356
3174,39,3.4871794871794872,3.501667027696723
61323,39,3.4871794871794872,3.501667027696723
1022,42,3.488095238095238,3.5015708530219123
70,54,3.490740740740741,3.5012763180803033
5956,54,3.490740740740741,3.5012763180803033
8644,61,3.4918032786885247,3.5011504839033725
10,132,3.496212121212121,3.5005752419516862
56174,62,3.4838709677419355,3.4941900605158254
3033,59,3.483050847457627,3.493937454451296
1396,46,3.4782608695652173,3.4925300778060606
236,45,3.477777777777778,3.492394261038899
3210,42,3.4761904761904763,3.4919554684065277
2915,41,3.475609756097561,3.4917977324929304
380,175,3.4857142857142858,3.489630726254808
95167,30,3.466666666666667,3.489542108928486
1339,29,3.4655172413793105,3.48927395787537
3186,28,3.4642857142857144,3.4889916936089325
3994,73,3.4794520547945207,3.4889359561101134
88744,27,3.462962962962963,3.4886941718145787
4901,26,3.4615384615384617,3.4883801210316507
2687,24,3.4583333333333335,3.487696598739395
4489,24,3.4583333333333335,3.487696598739395
799,23,3.4565217391304346,3.4873237683981646
1127,62,3.475806451612903,3.4872456160713807
3081,62,3.475806451612903,3.4872456160713807
3536,21,3.4523809523809526,3.4865059470044977
8910,21,3.4523809523809526,3.4865059470044977
207,20,3.45,3.4860561452379804
55290,20,3.45,3.4860561452379804
2174,90,3.477777777777778,3.4858168435713948
3635,18,3.4444444444444446,3.4850601556121226
6879,17,3.4411764705882355,3.484506828042201
41285,17,3.4411764705882355,3.484506828042201
2387,16,3.4375,3.483910936813055
6659,16,3.4375,3.483910936813055
106002,16,3.4375,3.483910936813055
3255,45,3.466666666666667,3.4833033519479897
112623,15,3.433333333333333,3.4832673742855764
218,14,3.4285714285714284,3.482570181547476
1619,14,3.4285714285714284,3.482570181547476
3441,14,3.4285714285714284,3.482570181547476
45431,14,3.4285714285714284,3.482570181547476
47200,14,3.4285714285714284,3.482570181547476
56145,14,3.4285714285714284,3.482570181547476
58047,14,3.4285714285714284,3.482570181547476
3418,41,3.4634146341463414,3.481993810924302
1799,13,3.423076923076923,3.481812363353888
2353,65,3.4692307692307693,3.4810891247618594
1416,12,3.4166666666666665,3.480985652597246
1916,12,3.4166666666666665,3.480985652597246
99112,12,3.4166666666666665,3.480985652597246
1078,11,3.409090909090909,3.4800802074828296
3262,11,3.409090909090909,3.4800802074828296
3618,11,3.409090909090909,3.4800802074828296
6753,11,3.409090909090909,3.4800802074828296
64983,11,3.409090909090909,3.4800802074828296
3702,36,3.4583333333333335,3.480036616459553
63113,35,3.4571428571428573,3.4795929857142096
597,133,3.473684210526316,3.4795921983016744
8807,34,3.4558823529411766,3.4791291899349868
892,10,3.4,3.479084217856971
55830,10,3.4,3.479084217856971
31696,33,3.4545454545454546,3.4786438222590568
2671,55,3.463636363636364,3.4781797593406067
921,9,3.388888888888889,3.477983387217864
1914,9,3.388888888888889,3.477983387217864
2015,9,3.388888888888889,3.477983387217864
26614,9,3.388888888888889,3.477983387217864
35957,9,3.388888888888889,3.477983387217864
42002,9,3.388888888888889,3.477983387217864
55267,9,3.388888888888889,3.477983387217864
71156,9,3.388888888888889,3.477983387217864
79139,9,3.388888888888889,3.477983387217864
95105,9,3.388888888888889,3.477983387217864
111921,9,3.388888888888889,3.477983387217864
339,98,3.4693877551020407,3.4776081884920313
2406,52,3.4615384615384617,3.4771239412441846
27,8,3.375,3.4767602420633015
2443,8,3.375,3.4767602420633015
2861,8,3.375,3.4767602420633015
4359,8,3.375,3.4767602420633015
92420,8,3.375,3.4767602420633015
102686,8,3.375,3.4767602420633015
133419,8,3.375,3.4767602420633015
149406,8,3.375,3.4767602420633015
2712,51,3.4607843137254903,3.476748923887532
1645,50,3.46,3.4763614059523236
2870,7,3.357142857142857,3.4753931974787897
52,27,3.4444444444444446,3.4751806583010656
539,105,3.466666666666667,3.474623342235995
3969,26,3.4423076923076925,3.474491232142762
5103,24,3.4375,3.472990716386454
87869,24,3.4375,3.472990716386454
33493,77,3.461038961038961,3.4722032684728674
1580,162,3.4660493827160495,3.471405141611276
203,22,3.4318181818181817,3.471302636160607
1129,39,3.448717948717949,3.471054782798764
55269,21,3.4285714285714284,3.4703769147464327
107406,21,3.4285714285714284,3.4703769147464327
6297,20,3.425,3.4693894785713137
514,18,3.4166666666666665,3.4672030127549798
2527,18,3.4166666666666665,3.4672030127549798
103341,18,3.4166666666666665,3.4672030127549798
118696,18,3.4166666666666665,3.4672030127549798
596,60,3.45,3.4654526336734204
5630,31,3.435483870967742,3.465406935539986
1835,16,3.40625,3.464680167582286
1566,30,3.433333333333333,3.4645421089284856
76,15,3.4,3.463267374285577
2702,15,3.4,3.463267374285577
1094,42,3.4404761904761907,3.463109314560374
1376,42,3.4404761904761907,3.463109314560374
1909,42,3.4404761904761907,3.463109314560374
2243,28,3.4285714285714284,3.462675904135248
3753,68,3.448529411764706,3.4625856968864026
253,108,3.4537037037037037,3.462556647094402
1892,14,3.392857142857143,3.4617368482141426
3980,14,3.392857142857143,3.4617368482141426
90405,14,3.392857142857143,3.4617368482141426
2232,27,3.425925925925926,3.461667144787552
52281,27,3.425925925925926,3.461667144787552
91658,40,3.4375,3.4616336871427884
1032,39,3.4358974358974357,3.4608507011661107
507,13,3.3846153846153846,3.4600732329191053
3477,13,3.3846153846153846,3.4600732329191053
3852,13,3.3846153846153846,3.4600732329191053
41566,62,3.443548387096774,3.459467838293603
2021,37,3.4324324324324325,3.4591847735561583
1672,12,3.375,3.4582583798699735
7151,12,3.375,3.4582583798699735
1321,23,3.4130434782608696,3.4570207380951343
1480,11,3.3636363636363638,3.456270683673306
1963,11,3.3636363636363638,3.456270683673306
2414,11,3.3636363636363638,3.456270683673306
65088,11,3.3636363636363638,3.456270683673306
107348,11,3.3636363636363638,3.456270683673306
53125,56,3.4375,3.4557830963202947
2096,22,3.409090909090909,3.455677636160607
102903,22,3.409090909090909,3.455677636160607
3555,33,3.4242424242424243,3.4553880083055684
91500,54,3.435185185185185,3.4544013180803033
4361,32,3.421875,3.454325818027129
1290,10,3.35,3.4540842178569715
4787,10,3.35,3.4540842178569715
5329,10,3.35,3.4540842178569715
7263,10,3.35,3.4540842178569715
34338,10,3.35,3.4540842178569715
62155,10,3.35,3.4540842178569715
53972,31,3.4193548387096775,3.4532118135887666
1049,20,3.4,3.452722811904647
252,41,3.426829268292683,3.45258204621842
2644,9,3.3333333333333335,3.45166759774418
3844,9,3.3333333333333335,3.45166759774418
4519,9,3.3333333333333335,3.45166759774418
4936,9,3.3333333333333335,3.45166759774418
5293,9,3.3333333333333335,3.45166759774418
3745,29,3.413793103448276,3.450812419413831
2413,18,3.388888888888889,3.449345869897837
2171,8,3.3125,3.448982464285524
4155,8,3.3125,3.448982464285524
7570,8,3.3125,3.448982464285524
96110,8,3.3125,3.448982464285524
477,17,3.3823529411764706,3.447469791005164
3510,36,3.4166666666666665,3.4474279208073786
1777,55,3.4272727272727272,3.4474105285713756
2490,45,3.422222222222222,3.446939715584353
4062,7,3.2857142857142856,3.445981432772907
56788,7,3.2857142857142856,3.445981432772907
616,44,3.4204545454545454,3.445957117724804
4975,44,3.4204545454545454,3.445957117724804
33004,44,3.4204545454545454,3.445957117724804
63859,16,3.375,3.4454493983515166
103772,16,3.375,3.4454493983515166
3869,25,3.4,3.445190981632555
2085,43,3.4186046511627906,3.444937440700744
587,115,3.4347826086956523,3.4446534748571156
230,24,3.3958333333333335,3.4435789516805717
2081,65,3.423076923076923,3.4410891247618594
2004,14,3.357142857142857,3.4409035148808096
350,55,3.418181818181818,3.439718220879068
1994,46,3.4130434782608696,3.4389586492346327
164,13,3.3461538461538463,3.4383341024843226
1518,13,3.3461538461538463,3.4383341024843226
1965,21,3.380952380952381,3.4381188502303037
1093,37,3.4054054054054053,3.4379081778114773
292,101,3.4257425742574257,3.4376728320463013
2,109,3.426605504587156,3.4376612130852053
180,36,3.4027777777777777,3.4365583555899875
102407,20,3.375,3.4360561452379805
144,12,3.3333333333333335,3.435531107142701
2454,12,3.3333333333333335,3.435531107142701
104,97,3.422680412371134,3.435342844459247
3868,42,3.4047619047619047,3.4342631607142198
188,11,3.3181818181818183,3.432461159863782
991,11,3.3181818181818183,3.432461159863782
1735,11,3.3181818181818183,3.432461159863782
2926,11,3.3181818181818183,3.432461159863782
5693,11,3.3181818181818183,3.432461159863782
7324,11,3.3181818181818183,3.432461159863782
76293,11,3.3181818181818183,3.432461159863782
86190,11,3.3181818181818183,3.432461159863782
592,188,3.425531914893617,3.432230729076462
41569,40,3.4,3.4316336871427886
3893,18,3.361111111111111,3.431488727040694
7458,47,3.404255319148936,3.4312576203006913
4085,46,3.402173913043478,3.4300300778060606
780,196,3.423469387755102,3.430008176490968
27808,10,3.3,3.429084217856971
79057,10,3.3,3.429084217856971
179819,10,3.3,3.429084217856971
1171,17,3.3529411764705883,3.4289512724866453
6059,17,3.3529411764705883,3.4289512724866453
517,9,3.2777777777777777,3.425351808270496
3918,9,3.2777777777777777,3.425351808270496
4799,9,3.2777777777777777,3.425351808270496
4902,9,3.2777777777777777,3.425351808270496
5139,9,3.2777777777777777,3.425351808270496
5959,9,3.2777777777777777,3.425351808270496
6765,9,3.2777777777777777,3.425351808270496
8643,9,3.2777777777777777,3.425351808270496
57528,9,3.2777777777777777,3.425351808270496
1370,68,3.4044117647058822,3.4241241584248643
1029,35,3.3857142857142857,3.424037430158654
1895,15,3.3333333333333335,3.423267374285577
3398,15,3.3333333333333335,3.423267374285577
67734,15,3.3333333333333335,3.423267374285577
73321,15,3.3333333333333335,3.423267374285577
266,67,3.4029850746268657,3.4231387578849275
6863,66,3.4015151515151514,3.4221274257518344
2080,53,3.3962264150943398,3.4219314977323716
804,8,3.25,3.421204686507746
2344,8,3.25,3.421204686507746
48997,8,3.25,3.421204686507746
67408,8,3.25,3.421204686507746
112171,8,3.25,3.421204686507746
130520,8,3.25,3.421204686507746
2109,27,3.3703703703703702,3.421126604247011
2431,27,3.3703703703703702,3.421126604247011
59784,52,3.394230769230769,3.4206723283409586
2463,14,3.3214285714285716,3.4200701815474766
3917,14,3.3214285714285716,3.4200701815474766
6595,14,3.3214285714285716,3.4200701815474766
6755,14,3.3214285714285716,3.4200701815474766
49651,14,3.3214285714285716,3.4200701815474766
3948,89,3.404494382022472,3.420017013708479
1688,20,3.35,3.419389478571314
802,44,3.3863636363636362,3.4181793399470264
2455,43,3.383720930232558,3.416635553908291
4321,31,3.370967741935484,3.416626447735108
371,19,3.3421052631578947,3.416609805418601
4366,19,3.3421052631578947,3.416609805418601
59022,13,3.3076923076923075,3.41659497204954
613,7,3.2142857142857144,3.416569668067025
105213,7,3.2142857142857144,3.416569668067025
3479,18,3.3333333333333335,3.4136315841835514
5152,18,3.3333333333333335,3.4136315841835514
7373,41,3.3780487804878048,3.41336635994391
45517,41,3.3780487804878048,3.41336635994391
663,12,3.2916666666666665,3.412803834415428
4005,12,3.2916666666666665,3.412803834415428
5267,12,3.2916666666666665,3.412803834415428
7162,12,3.2916666666666665,3.412803834415428
111113,12,3.2916666666666665,3.412803834415428
143355,12,3.2916666666666665,3.412803834415428
174055,12,3.2916666666666665,3.412803834415428
2985,69,3.391304347826087,3.4124263842675875
33615,40,3.375,3.4116336871427886
4161,23,3.347826086956522,3.411566192640589
87222,17,3.323529411764706,3.4104327539681267
1721,138,3.398550724637681,3.409335705115807
237,22,3.340909090909091,3.408802636160607
8623,11,3.272727272727273,3.408651636054258
80219,11,3.272727272727273,3.408651636054258
57368,27,3.3518518518518516,3.4076130907334976
329,108,3.3935185185185186,3.40747190133169
3633,16,3.3125,3.4069878598899783
103253,16,3.3125,3.4069878598899783
785,42,3.369047619047619,3.405417006868066
112183,26,3.3461538461538463,3.4050467876983173
4446,31,3.3548387096774195,3.4044313257838885
34319,31,3.3548387096774195,3.4044313257838885
89,10,3.25,3.4040842178569712
818,10,3.25,3.4040842178569712
2111,10,3.25,3.4040842178569712
2734,10,3.25,3.4040842178569712
5265,10,3.25,3.4040842178569712
67923,10,3.25,3.4040842178569712
97225,10,3.25,3.4040842178569712
120466,10,3.25,3.4040842178569712
129354,10,3.25,3.4040842178569712
7347,15,3.3,3.403267374285577
76077,15,3.3,3.403267374285577
2133,20,3.325,3.4027228119046473
2990,20,3.325,3.4027228119046473
6957,25,3.34,3.4023338387754123
494,40,3.3625,3.4016336871427884
500,141,3.3900709219858154,3.401203207663175
2857,14,3.2857142857142856,3.3992368482141426
195,9,3.2222222222222223,3.399036018796812
2524,9,3.2222222222222223,3.399036018796812
3040,9,3.2222222222222223,3.399036018796812
5047,9,3.2222222222222223,3.399036018796812
55768,9,3.2222222222222223,3.399036018796812
61248,9,3.2222222222222223,3.399036018796812
74946,9,3.2222222222222223,3.399036018796812
89804,9,3.2222222222222223,3.399036018796812
3489,52,3.3653846153846154,3.3964787799538616
2110,18,3.3055555555555554,3.395774441326408
5015,18,3.3055555555555554,3.395774441326408
2779,13,3.269230769230769,3.394855841614757
37384,13,3.269230769230769,3.394855841614757
2706,103,3.378640776699029,3.394528180151676
43,8,3.1875,3.393426908729968
1924,8,3.1875,3.393426908729968
2112,8,3.1875,3.393426908729968
2259,8,3.1875,3.393426908729968
2568,8,3.1875,3.393426908729968
4941,8,3.1875,3.393426908729968
31420,8,3.1875,3.393426908729968
39444,8,3.1875,3.393426908729968
80693,8,3.1875,3.393426908729968
95875,8,3.1875,3.393426908729968
49286,22,3.3181818181818183,3.393177636160607
2023,45,3.3555555555555556,3.392394261038899
1747,31,3.338709677419355,3.392236203832669
1088,40,3.35,3.3916336871427886
2003,40,3.35,3.3916336871427886
107,26,3.326923076923077,3.3911578988094284
2167,58,3.3620689655172415,3.390907122899109
2018,35,3.342857142857143,3.3907040968253206
1573,76,3.3684210526315788,3.3904847018272024
6365,94,3.372340425531915,3.3902085034340335
934,12,3.25,3.390076561688155
2459,12,3.25,3.390076561688155
53996,39,3.3461538461538463,3.3894221297375395
708,57,3.3596491228070176,3.389278871002081
1608,57,3.3596491228070176,3.389278871002081
45499,52,3.355769230769231,3.3884142638248296
1589,16,3.28125,3.3877570906592087
68554,16,3.28125,3.3877570906592087
13,7,3.142857142857143,3.3871579033611425
647,29,3.3275862068965516,3.3867098553112673
1372,42,3.3452380952380953,3.386186237637297
101864,20,3.3,3.3860561452379807
1295,11,3.227272727272727,3.3848421122447343
71464,11,3.227272727272727,3.3848421122447343
4299,41,3.341463414634146,3.383954595238028
2146,15,3.2666666666666666,3.383267374285577
2447,15,3.2666666666666666,3.383267374285577
6979,19,3.289473684210526,3.382127046797911
49278,19,3.289473684210526,3.382127046797911
282,40,3.3375,3.3816336871427883
2193,40,3.3375,3.3816336871427883
3107,23,3.3043478260869565,3.3812631623375586
316,139,3.366906474820144,3.3797428480344927
1345,35,3.3285714285714287,3.3795929857142095
2718,10,3.2,3.3790842178569713
5970,10,3.2,3.3790842178569713
55282,10,3.2,3.3790842178569713
134393,10,3.2,3.3790842178569713
94777,18,3.2777777777777777,3.3779172984692654
105,22,3.2954545454545454,3.377552636160607
103042,22,3.2954545454545454,3.377552636160607
4701,30,3.316666666666667,3.377042108928486
783,46,3.3369565217391304,3.3764586492346327
2105,50,3.34,3.3763614059523235
48385,65,3.3461538461538463,3.374422458095193
3176,49,3.336734693877551,3.374265836561685
8376,37,3.324324324324324,3.3740783905774347
3534,25,3.3,3.373762410203984
95441,21,3.2857142857142856,3.3736027211980457
1464,17,3.264705882352941,3.37339571693109
56587,13,3.230769230769231,3.373116711179975
674,9,3.1666666666666665,3.3727202293231273
2374,9,3.1666666666666665,3.3727202293231273
2709,9,3.1666666666666665,3.3727202293231273
3250,9,3.1666666666666665,3.3727202293231273
8507,9,3.1666666666666665,3.3727202293231273
4370,56,3.3392857142857144,3.372449762986961
45,32,3.3125,3.3709924846937955
2657,63,3.3412698412698414,3.370981977495061
2058,28,3.3035714285714284,3.3705706409773533
4545,20,3.275,3.369389478571314
4351,16,3.25,3.3685263214284396
106916,16,3.25,3.3685263214284396
832,35,3.3142857142857145,3.3684818746030984
2012,84,3.3452380952380953,3.3678902591185045
421,12,3.2083333333333335,3.3673492889608827
1013,12,3.2083333333333335,3.3673492889608827
5505,12,3.2083333333333335,3.3673492889608827
3254,27,3.2962962962962963,3.3670725501929573
94864,27,3.2962962962962963,3.3670725501929573
2746,38,3.3157894736842106,3.3662850907737383
605,8,3.125,3.3656491309521903
3616,8,3.125,3.3656491309521903
3896,8,3.125,3.3656491309521903
5040,8,3.125,3.3656491309521903
7573,8,3.125,3.3656491309521903
8966,8,3.125,3.3656491309521903
46322,8,3.125,3.3656491309521903
50442,8,3.125,3.3656491309521903
99117,8,3.125,3.3656491309521903
160080,8,3.125,3.3656491309521903
2427,34,3.3088235294117645,3.365492826298623
56949,19,3.263157894736842,3.3648856674875662
1587,30,3.3,3.364542108928485
5388,33,3.303030303030303,3.3623647524916147
2707,22,3.272727272727273,3.361927636160607
8371,22,3.272727272727273,3.361927636160607
543,40,3.3125,3.3616336871427888
3450,29,3.293103448275862,3.361068829670242
631,11,3.1818181818181817,3.3610325884352106
2249,11,3.1818181818181817,3.3610325884352106
2346,11,3.1818181818181817,3.3610325884352106
3261,11,3.1818181818181817,3.3610325884352106
2124,36,3.3055555555555554,3.360471399068248
68791,18,3.25,3.3600601556121226
535,14,3.2142857142857144,3.3575701815474766
6709,14,3.2142857142857144,3.3575701815474766
102123,14,3.2142857142857144,3.3575701815474766
276,21,3.261904761904762,3.357473688939981
79592,21,3.261904761904762,3.357473688939981
1676,80,3.33125,3.356463159523771
1883,24,3.2708333333333335,3.3553436575629245
3704,24,3.2708333333333335,3.3553436575629245
6953,24,3.2708333333333335,3.3553436575629245
2141,17,3.235294117647059,3.3548771984125714
216,48,3.3125,3.3548566268472313
328,10,3.15,3.354084217856971
4036,10,3.15,3.354084217856971
40826,10,3.15,3.354084217856971
52458,10,3.15,3.354084217856971
4958,20,3.25,3.3527228119046475
7325,20,3.25,3.3527228119046475
6218,40,3.3,3.3516336871427885
2090,13,3.1923076923076925,3.3513775807451927
3219,13,3.1923076923076925,3.3513775807451927
45880,13,3.1923076923076925,3.3513775807451927
86911,13,3.1923076923076925,3.3513775807451927
117529,23,3.260869565217391,3.3509601320345284
3763,16,3.21875,3.3492955521976704
36519,16,3.21875,3.3492955521976704
82461,19,3.236842105263158,3.3476442881772215
342,32,3.28125,3.347182960884272
8529,45,3.3,3.3469397155843534
6373,71,3.316901408450704,3.3466874611992523
3249,9,3.111111111111111,3.3464044398494432
4333,9,3.111111111111111,3.3464044398494432
4903,9,3.111111111111111,3.3464044398494432
5146,9,3.111111111111111,3.3464044398494432
6952,9,3.111111111111111,3.3464044398494432
8866,9,3.111111111111111,3.3464044398494432
33646,9,3.111111111111111,3.3464044398494432
46948,9,3.111111111111111,3.3464044398494432
3082,38,3.289473684210526,3.3454517574404044
5810,41,3.292682926829268,3.344738908963518
537,12,3.1666666666666665,3.34462201623361
2662,12,3.1666666666666665,3.34462201623361
3203,12,3.1666666666666665,3.34462201623361
3699,12,3.1666666666666665,3.34462201623361
30816,12,3.1666666666666665,3.34462201623361
1047,31,3.274193548387097,3.343455716027791
248,15,3.2,3.3432673742855767
3355,15,3.2,3.3432673742855767
84772,15,3.2,3.3432673742855767
1687,18,3.2222222222222223,3.3422030127549798
5957,18,3.2222222222222223,3.3422030127549798
8984,43,3.2906976744186047,3.3411638557950836
531,24,3.25,3.3406377752099834
33679,58,3.3017241379310347,3.3394365346638155
736,123,3.321138211382114,3.338960032760447
57,8,3.0625,3.337871353174412
205,8,3.0625,3.337871353174412
2322,8,3.0625,3.337871353174412
6266,8,3.0625,3.337871353174412
62081,8,3.0625,3.337871353174412
71838,8,3.0625,3.337871353174412
176101,8,3.0625,3.337871353174412
801,11,3.1363636363636362,3.337223064625687
1173,11,3.1363636363636362,3.337223064625687
2622,11,3.1363636363636362,3.337223064625687
2822,11,3.1363636363636362,3.337223064625687
3259,11,3.1363636363636362,3.337223064625687
8965,11,3.1363636363636362,3.337223064625687
31433,11,3.1363636363636362,3.337223064625687
59258,11,3.1363636363636362,3.337223064625687
4992,17,3.2058823529411766,3.3363586798940528
106072,20,3.225,3.336056145237981
1042,41,3.2804878048780486,3.334934987394891
198,28,3.25,3.3310969567668267
46970,28,3.25,3.3310969567668267
6156,19,3.210526315789474,3.3304029088668767
351,16,3.1875,3.3300647829669012
491,16,3.1875,3.3300647829669012
3791,16,3.1875,3.3300647829669012
122924,13,3.1538461538461537,3.3296384503104095
45668,10,3.1,3.3290842178569715
51084,10,3.1,3.3290842178569715
68793,10,3.1,3.3290842178569715
81537,10,3.1,3.3290842178569715
1101,83,3.3012048192771086,3.328835315668166
2407,42,3.2738095238095237,3.328493929944989
2560,7,3.0,3.328334373949378
5553,7,3.0,3.328334373949378
86298,7,3.0,3.328334373949378
131013,7,3.0,3.328334373949378
2528,24,3.2291666666666665,3.325931892857042
86880,24,3.2291666666666665,3.325931892857042
2376,21,3.2142857142857144,3.325215624423852
8972,38,3.263157894736842,3.3246184241070713
837,32,3.25,3.323373437074748
135887,15,3.1666666666666665,3.323267374285577
1885,12,3.125,3.3218947435063373
4121,12,3.125,3.3218947435063373
85510,12,3.125,3.3218947435063373
44022,23,3.217391304347826,3.320657101731498
711,9,3.0555555555555554,3.3200886503757587
1009,9,3.0555555555555554,3.3200886503757587
1010,9,3.0555555555555554,3.3200886503757587
2148,9,3.0555555555555554,3.3200886503757587
69640,9,3.0555555555555554,3.3200886503757587
7444,20,3.2,3.3193894785713143
1375,42,3.261904761904762,3.3188785453296044
2273,42,3.261904761904762,3.3188785453296044
2094,39,3.2564102564102564,3.317993558308968
2072,17,3.176470588235294,3.317840161375534
5299,58,3.2758620689655173,3.3173777111344034
65230,14,3.142857142857143,3.3159035148808096
2145,33,3.242424242424242,3.315853124584638
468,22,3.2045454545454546,3.315052636160607
2245,22,3.2045454545454546,3.315052636160607
46972,22,3.2045454545454546,3.315052636160607
709,11,3.090909090909091,3.313413540816163
1483,11,3.090909090909091,3.313413540816163
56941,11,3.090909090909091,3.313413540816163
93363,11,3.090909090909091,3.313413540816163
2792,19,3.1842105263157894,3.313161529556532
2046,24,3.2083333333333335,3.311226010504101
3798,24,3.2083333333333335,3.311226010504101
6593,24,3.2083333333333335,3.311226010504101
88,16,3.15625,3.310834013736132
39,103,3.2864077669902914,3.3104573836914994
782,8,3.0,3.3100935753966345
1425,8,3.0,3.3100935753966345
2269,8,3.0,3.3100935753966345
3466,8,3.0,3.3100935753966345
5009,8,3.0,3.3100935753966345
27788,8,3.0,3.3100935753966345
1135,13,3.1153846153846154,3.3078993198756272
1620,13,3.1153846153846154,3.3078993198756272
2325,13,3.1153846153846154,3.3078993198756272
3483,13,3.1153846153846154,3.3078993198756272
3701,13,3.1153846153846154,3.3078993198756272
481,18,3.1666666666666665,3.3064887270406937
765,18,3.1666666666666665,3.3064887270406937
2302,59,3.26271186440678,3.305531657349847
6155,28,3.2142857142857144,3.3047811672931426
2518,10,3.05,3.304084217856971
3708,10,3.05,3.304084217856971
6058,10,3.05,3.304084217856971
32029,10,3.05,3.304084217856971
86644,10,3.05,3.304084217856971
9,15,3.1333333333333333,3.3032673742855767
2116,15,3.1333333333333333,3.3032673742855767
5541,15,3.1333333333333333,3.3032673742855767
7317,15,3.1333333333333333,3.3032673742855767
6873,20,3.175,3.302722811904647
1479,30,3.216666666666667,3.302042108928486
22,35,3.2285714285714286,3.3018152079364316
2294,45,3.2444444444444445,3.301485170129808
6764,17,3.1470588235294117,3.2993216428570156
78469,17,3.1470588235294117,3.2993216428570156
1457,12,3.0833333333333335,3.299167470779065
5065,12,3.0833333333333335,3.299167470779065
4866,7,2.9285714285714284,3.298922609243496
3698,34,3.2205882352941178,3.297311008116805
3809,34,3.2205882352941178,3.297311008116805
81,14,3.107142857142857,3.2950701815474766
3615,14,3.107142857142857,3.2950701815474766
2409,26,3.1923076923076925,3.2939356765872065
2236,9,3.0,3.2937728609020747
2262,9,3.0,3.2937728609020747
2320,9,3.0,3.2937728609020747
2747,9,3.0,3.2937728609020747
43936,9,3.0,3.2937728609020747
83613,9,3.0,3.2937728609020747
95720,9,3.0,3.2937728609020747
277,38,3.223684210526316,3.2933684241070713
84954,21,3.1666666666666665,3.292957559907723
5254,33,3.212121212121212,3.2925973106311495
552,57,3.245614035087719,3.2922639456289464
2541,40,3.225,3.2916336871427885
23,16,3.125,3.291603244505363
4039,16,3.125,3.291603244505363
91535,16,3.125,3.291603244505363
3087,23,3.1739130434782608,3.290354071428468
2433,11,3.0454545454545454,3.2896040170066394
48877,11,3.0454545454545454,3.2896040170066394
5944,18,3.138888888888889,3.288631584183551
2143,13,3.076923076923077,3.2861601894408445
145,50,3.23,3.284694739285657
95510,29,3.189655172413793,3.2841457527471647
60072,22,3.159090909090909,3.283802636160607
382,15,3.1,3.283267374285577
558,8,2.9375,3.282315797618857
1011,8,2.9375,3.282315797618857
2668,8,2.9375,3.282315797618857
3614,8,2.9375,3.282315797618857
4010,8,2.9375,3.282315797618857
7366,8,2.9375,3.282315797618857
32598,8,2.9375,3.282315797618857
50912,8,2.9375,3.282315797618857
68205,8,2.9375,3.282315797618857
5945,26,3.173076923076923,3.2800467876983173
4167,10,3.0,3.2790842178569712
2424,48,3.21875,3.2772704199506797
999,12,3.0416666666666665,3.276440198051792
1848,12,3.0416666666666665,3.276440198051792
3998,12,3.0416666666666665,3.276440198051792
8781,12,3.0416666666666665,3.276440198051792
1711,23,3.152173913043478,3.2752025562769522
2060,14,3.0714285714285716,3.274236848214143
79293,14,3.0714285714285716,3.274236848214143
27706,25,3.16,3.2737624102039833
53953,25,3.16,3.2737624102039833
24,27,3.1666666666666665,3.2724779555983625
2335,27,3.1666666666666665,3.2724779555983625
4238,16,3.09375,3.2723724752745937
6586,16,3.09375,3.2723724752745937
42738,16,3.09375,3.2723724752745937
52245,16,3.09375,3.2723724752745937
60950,16,3.09375,3.2723724752745937
1414,7,2.857142857142857,3.2695108445376135
3706,7,2.857142857142857,3.2695108445376135
7346,20,3.125,3.2693894785713136
60,33,3.1818181818181817,3.269341496677661
8957,33,3.1818181818181817,3.269341496677661
3717,61,3.221311475409836,3.2687561177061886
288,91,3.2362637362637363,3.268135488684549
3,50,3.21,3.2680280726189905
3444,9,2.9444444444444446,3.2674570714283906
4989,9,2.9444444444444446,3.2674570714283906
50794,9,2.9444444444444446,3.2674570714283906
4823,24,3.1458333333333335,3.2671083634452773
1379,11,3.0,3.2657944931971157
1615,11,3.0,3.2657944931971157
83349,11,3.0,3.2657944931971157
5679,47,3.202127659574468,3.264590953634025
2802,13,3.0384615384615383,3.264421059006062
3461,13,3.0384615384615383,3.264421059006062
4677,13,3.0384615384615383,3.264421059006062
46,15,3.066666666666667,3.263267374285577
3978,15,3.066666666666667,3.263267374285577
170,34,3.176470588235294,3.2632200990258955
31,38,3.1842105263157894,3.2621184241070713
376,38,3.1842105263157894,3.2621184241070713
1092,46,3.1956521739130435,3.260387220663204
4023,23,3.130434782608696,3.2600510411254375
2694,48,3.1979166666666665,3.260029040640335
8783,25,3.14,3.259476695918269
60040,35,3.1714285714285713,3.2573707634919873
8,8,2.875,3.254538019841079
2613,8,2.875,3.254538019841079
3566,8,2.875,3.254538019841079
5420,8,2.875,3.254538019841079
6707,8,2.875,3.254538019841079
37382,8,2.875,3.254538019841079
41573,8,2.875,3.254538019841079
68659,8,2.875,3.254538019841079
87529,8,2.875,3.254538019841079
101362,8,2.875,3.254538019841079
2517,10,2.95,3.2540842178569713
2875,10,2.95,3.2540842178569713
55232,10,2.95,3.2540842178569713
490,12,3.0,3.2537129253245194
1064,12,3.0,3.2537129253245194
2247,12,3.0,3.2537129253245194
71530,14,3.0357142857142856,3.2534035148808096
3452,18,3.0833333333333335,3.2529172984692654
748,22,3.1136363636363638,3.252552636160607
2134,22,3.1136363636363638,3.252552636160607
3638,26,3.1346153846153846,3.2522690099205396
53519,26,3.1346153846153846,3.2522690099205396
4734,34,3.161764705882353,3.2518564626622593
2001,47,3.1808510638297873,3.247047093984902
852,43,3.1744186046511627,3.246824233153574
2393,33,3.1515151515151514,3.2460856827241726
2496,23,3.108695652173913,3.2448995259739224
383,21,3.0952380952380953,3.2445704631335297
2013,21,3.0952380952380953,3.2445704631335297
4980,19,3.0789473684210527,3.2441960123151525
361,17,3.0588235294117645,3.24376608730146
56171,17,3.0588235294117645,3.24376608730146
79695,17,3.0588235294117645,3.24376608730146
7,54,3.185185185185185,3.2434638180803033
15,13,3.0,3.2426819285712796
1833,13,3.0,3.2426819285712796
3016,13,3.0,3.2426819285712796
3755,44,3.1704545454545454,3.2422534140211
31685,44,3.1704545454545454,3.2422534140211
332,11,2.9545454545454546,3.2419849693875915
694,11,2.9545454545454546,3.2419849693875915
4487,11,2.9545454545454546,3.2419849693875915
445,9,2.888888888888889,3.2411412819547065
87485,9,2.888888888888889,3.2411412819547065
1658,7,2.7857142857142856,3.240099079831731
2445,7,2.7857142857142856,3.240099079831731
3943,7,2.7857142857142856,3.240099079831731
6281,32,3.140625,3.2400401037414146
34048,49,3.173469387755102,3.2386726162227024
317,79,3.1962025316455698,3.2368728579453867
1588,20,3.075,3.2360561452379804
5881,20,3.075,3.2360561452379804
2688,14,3.0,3.232570181547476
2470,57,3.175438596491228,3.2325624530916333
2672,12,2.9583333333333335,3.2309856525972465
45081,12,2.9583333333333335,3.2309856525972465
70293,12,2.9583333333333335,3.2309856525972465
111743,12,2.9583333333333335,3.2309856525972465
1378,25,3.1,3.2309052673468406
2478,25,3.1,3.2309052673468406
464,10,2.9,3.229084217856971
2097,10,2.9,3.229084217856971
5296,10,2.9,3.229084217856971
6367,10,2.9,3.229084217856971
58156,10,2.9,3.229084217856971
830,21,3.0714285714285716,3.228441430875465
3624,43,3.1511627906976742,3.2279563086252723
667,8,2.8125,3.2267602420633015
1346,8,2.8125,3.2267602420633015
2752,8,2.8125,3.2267602420633015
3385,8,2.8125,3.2267602420633015
5055,8,2.8125,3.2267602420633015
7255,8,2.8125,3.2267602420633015
143859,8,2.8125,3.2267602420633015
160438,8,2.8125,3.2267602420633015
2683,121,3.1983471074380163,3.225814384405644
108190,17,3.0294117647058822,3.2252475687829416
4018,53,3.160377358490566,3.223518799319673
2059,15,3.0,3.2232673742855766
2533,15,3.0,3.2232673742855766
2371,24,3.0833333333333335,3.222990716386454
1407,69,3.1739130434782608,3.2225529665460684
6550,13,2.9615384615384617,3.2209427981364964
8640,13,2.9615384615384617,3.2209427981364964
47518,13,2.9615384615384617,3.2209427981364964
1320,47,3.148936170212766,3.220731304511218
5502,63,3.1666666666666665,3.2202970459882114
2340,20,3.05,3.2193894785713137
88405,20,3.05,3.2193894785713137
5108,11,2.909090909090909,3.218175445578068
46530,25,3.08,3.2166195530611263
93,9,2.8333333333333335,3.2148254924810225
6238,9,2.8333333333333335,3.2148254924810225
43679,9,2.8333333333333335,3.2148254924810225
45730,9,2.8333333333333335,3.2148254924810225
67197,9,2.8333333333333335,3.2148254924810225
532,16,3.0,3.214680167582286
1702,16,3.0,3.214680167582286
1380,66,3.159090909090909,3.211601109962361
358,7,2.7142857142857144,3.2106873151258486
4447,64,3.15625,3.210563302123506
2881,19,3.026315789473684,3.2097132536944626
32031,19,3.026315789473684,3.2097132536944626
103249,19,3.026315789473684,3.2097132536944626
315,36,3.111111111111111,3.20829748602477
366,12,2.9166666666666665,3.2082583798699735
1970,12,2.9166666666666665,3.2082583798699735
135536,12,2.9166666666666665,3.2082583798699735
239,17,3.0,3.206729050264423
4728,17,3.0,3.206729050264423
3968,27,3.074074074074074,3.204910388030795
423,10,2.85,3.2040842178569715
489,10,2.85,3.2040842178569715
2513,10,2.85,3.2040842178569715
2772,10,2.85,3.2040842178569715
88785,10,2.85,3.2040842178569715
1616,20,3.025,3.202722811904647
8969,20,3.025,3.202722811904647
5219,30,3.0833333333333335,3.2020421089284854
48,68,3.1470588235294117,3.19976518406589
3173,18,3.0,3.199345869897837
5151,18,3.0,3.199345869897837
58025,18,3.0,3.199345869897837
2803,13,2.923076923076923,3.199203667701714
60397,13,2.923076923076923,3.199203667701714
177,8,2.75,3.198982464285524
433,8,2.75,3.198982464285524
2458,8,2.75,3.198982464285524
5247,8,2.75,3.198982464285524
5478,8,2.75,3.198982464285524
6006,8,2.75,3.198982464285524
43871,8,2.75,3.198982464285524
59421,8,2.75,3.198982464285524
6934,79,3.151898734177215,3.1975470152487575
367,155,3.174193548387097,3.197464753679633
3101,36,3.0972222222222223,3.197427920807379
5378,92,3.157608695652174,3.1968792584033277
1027,26,3.0576923076923075,3.1967134543649838
45447,49,3.122448979591837,3.19629973486677
1665,16,2.96875,3.1954493983515166
136020,16,2.96875,3.1954493983515166
157,11,2.8636363636363638,3.194365921768544
37727,11,2.8636363636363638,3.194365921768544
42723,11,2.8636363636363638,3.194365921768544
7173,24,3.0416666666666665,3.1935789516805713
30825,32,3.078125,3.1924210561223667
3752,45,3.111111111111111,3.192394261038899
1769,14,2.9285714285714284,3.1909035148808096
8861,14,2.9285714285714284,3.1909035148808096
51086,14,2.9285714285714284,3.1909035148808096
84374,14,2.9285714285714284,3.1909035148808096
2378,22,3.022727272727273,3.190052636160607
2100,51,3.1176470588235294,3.189863677985892
2531,9,2.7777777777777777,3.188509703007338
5093,9,2.7777777777777777,3.188509703007338
50601,9,2.7777777777777777,3.188509703007338
135861,9,2.7777777777777777,3.188509703007338
5400,17,2.9705882352941178,3.188210531745905
4344,33,3.0757575757575757,3.187946147840452
5620,28,3.0535714285714284,3.1863601146615634
4020,12,2.875,3.185531107142701
2723,39,3.08974358974359,3.185340497084478
1792,23,3.0217391304347827,3.184293465367862
1367,42,3.0952380952380953,3.1842631607142198
3686,15,2.933333333333333,3.1832673742855766
3285,32,3.0625,3.180516294217605
3524,10,2.8,3.179084217856971
7150,10,2.8,3.179084217856971
7154,10,2.8,3.179084217856971
4343,27,3.037037037037037,3.1778833610037682
4700,27,3.037037037037037,3.1778833610037682
4214,13,2.8846153846153846,3.1774645372669315
4679,13,2.8846153846153846,3.1774645372669315
78105,13,2.8846153846153846,3.1774645372669315
516,16,2.9375,3.176218629120747
114180,16,2.9375,3.176218629120747
2567,19,2.973684210526316,3.175230495073773
3617,39,3.076923076923077,3.175136415451825
4270,45,3.088888888888889,3.1742124428570806
360,8,2.6875,3.171204686507746
3649,8,2.6875,3.171204686507746
3991,8,2.6875,3.171204686507746
5524,8,2.6875,3.171204686507746
5582,8,2.6875,3.171204686507746
36525,8,2.6875,3.171204686507746
742,11,2.8181818181818183,3.17055639795902
4386,11,2.8181818181818183,3.17055639795902
159,14,2.892857142857143,3.170070181547476
267,17,2.9411764705882355,3.1696920132273863
53121,20,2.975,3.169389478571314
2805,23,3.0,3.1691419502163463
56775,23,3.0,3.1691419502163463
60074,29,3.0344827586206895,3.1687611373625493
2006,60,3.1,3.16545263367342
3988,33,3.0454545454545454,3.1646903338869636
1391,85,3.1176470588235294,3.164017730075152
3263,21,2.9761904761904763,3.163925301843207
47122,9,2.7222222222222223,3.162193913533654
1876,43,3.0697674418604652,3.161918572776216
786,62,3.096774193548387,3.1608567271824923
724,31,3.032258064516129,3.160528886759498
4890,31,3.032258064516129,3.160528886759498
3438,25,3.0,3.1594766959182694
1371,44,3.0681818181818183,3.158920080687767
168,54,3.0833333333333335,3.1575263180803033
2416,16,2.90625,3.156987859889978
5,48,3.0729166666666665,3.156580764778266
1722,45,3.066666666666667,3.1560306246752625
4369,45,3.066666666666667,3.1560306246752625
4718,45,3.066666666666667,3.1560306246752625
653,65,3.0923076923076924,3.1544224580951923
2361,10,2.75,3.1540842178569712
3484,10,2.75,3.1540842178569712
4396,10,2.75,3.1540842178569712
47044,10,2.75,3.1540842178569712
45672,23,2.9782608695652173,3.153990435064831
1015,20,2.95,3.1527228119046473
7163,17,2.911764705882353,3.1511734947088677
1347,27,3.0,3.150856333976741
410,81,3.0987654320987654,3.149249278649884
1805,31,3.0161290322580645,3.1483337648082785
2539,45,3.0555555555555554,3.1469397155843533
4149,11,2.772727272727273,3.146746874149496
2617,86,3.0988372093023258,3.146684212053536
3247,35,3.0285714285714285,3.146259652380876
92,8,2.625,3.143426908729968
2014,8,2.625,3.143426908729968
4132,8,2.625,3.143426908729968
4719,8,2.625,3.143426908729968
7155,8,2.625,3.143426908729968
70336,8,2.625,3.143426908729968
3258,15,2.8666666666666667,3.143267374285577
59900,15,2.8666666666666667,3.143267374285577
1020,36,3.0277777777777777,3.143080094720422
2532,12,2.7916666666666665,3.140076561688155
3270,12,2.7916666666666665,3.140076561688155
520,66,3.0757575757575757,3.139232688909729
836,16,2.875,3.1377570906592087
1974,16,2.875,3.1377570906592087
2942,16,2.875,3.1377570906592087
829,9,2.6666666666666665,3.1358781240599694
1390,9,2.6666666666666665,3.1358781240599694
72407,9,2.6666666666666665,3.1358781240599694
442,79,3.0822784810126582,3.1357492624397687
8361,50,3.05,3.134694739285657
2334,13,2.8076923076923075,3.133986276397366
2901,13,2.8076923076923075,3.133986276397366
39446,13,2.8076923076923075,3.133986276397366
2505,17,2.8823529411764706,3.132654976190349
6548,17,2.8823529411764706,3.132654976190349
7004,17,2.8823529411764706,3.132654976190349
2375,21,2.9285714285714284,3.131667237327078
2628,137,3.0985401459854014,3.12980737657918
6287,33,3.0,3.129806612956731
174,10,2.7,3.1290842178569713
1541,10,2.7,3.1290842178569713
2142,10,2.7,3.1290842178569713
3707,10,2.7,3.1290842178569713
4291,10,2.7,3.1290842178569713
66203,10,2.7,3.1290842178569713
111360,14,2.8214285714285716,3.1284035148808096
533,18,2.888888888888889,3.1279172984692654
761,18,2.888888888888889,3.1279172984692654
5872,26,2.9615384615384617,3.1272690099205396
4025,62,3.056451612903226,3.12613450496027
637,31,2.9838709677419355,3.12394352090584
839,15,2.8333333333333335,3.123267374285577
1488,15,2.8333333333333335,3.123267374285577
5900,7,2.5,3.1224520210082014
3863,44,3.022727272727273,3.1218830436507297
5266,37,3.0,3.1187592416412646
1894,16,2.84375,3.1185263214284396
4054,16,2.84375,3.1185263214284396
1726,12,2.75,3.1173492889608827
1590,25,2.94,3.1166195530611267
3608,25,2.94,3.1166195530611267
305,8,2.5625,3.1156491309521903
710,8,2.5625,3.1156491309521903
1858,8,2.5625,3.1156491309521903
2473,8,2.5625,3.1156491309521903
4133,8,2.5625,3.1156491309521903
5309,8,2.5625,3.1156491309521903
55995,8,2.5625,3.1156491309521903
3697,21,2.9047619047619047,3.1155382050690132
4069,21,2.9047619047619047,3.1155382050690132
52722,43,3.011627906976744,3.114748761455461
5419,17,2.8529411764705883,3.1141364576718304
6537,44,3.0113636363636362,3.11262378439147
542,13,2.769230769230769,3.1122471459625833
5283,22,2.909090909090909,3.111927636160607
5449,22,2.909090909090909,3.111927636160607
2641,49,3.020408163265306,3.1115539721549057
2034,9,2.611111111111111,3.1095623345862853
2860,9,2.611111111111111,3.1095623345862853
100,14,2.7857142857142856,3.107570181547476
273,28,2.9464285714285716,3.1074127462405112
4232,28,2.9464285714285716,3.1074127462405112
370,56,3.0267857142857144,3.107298247835446
4084,19,2.8684210526315788,3.106264977832394
1917,92,3.0543478260869565,3.1037420035013668
3156,15,2.8,3.103267374285577
1377,60,3.025,3.1011669193877056
135,31,2.9516129032258065,3.099553277003401
707,21,2.880952380952381,3.099409172810949
640,11,2.6818181818181817,3.0991278265304487
1772,11,2.6818181818181817,3.0991278265304487
49274,11,2.6818181818181817,3.0991278265304487
2717,47,3.0,3.097924286967358
303,32,2.953125,3.097182960884272
1552,58,3.0172413793103448,3.0967894758402856
1485,74,3.0337837837837838,3.0962105280611834
2605,43,2.988372093023256,3.095880836927159
8810,17,2.823529411764706,3.0956179391533123
798,12,2.7083333333333335,3.09462201623361
1991,12,2.7083333333333335,3.09462201623361
53993,12,2.7083333333333335,3.09462201623361
1513,28,2.9285714285714284,3.0942548515036687
3827,23,2.891304347826087,3.0933843744587706
1920,18,2.8333333333333335,3.0922030127549798
3157,18,2.8333333333333335,3.0922030127549798
8985,13,2.730769230769231,3.090508015527801
2581,36,2.9583333333333335,3.088732268633466
231,132,3.053030303030303,3.0886034109657707
416,8,2.5,3.0878713531744126
2162,8,2.5,3.0878713531744126
30894,8,2.5,3.0878713531744126
79224,8,2.5,3.0878713531744126
1405,31,2.935483870967742,3.0873581550521814
2770,37,2.9594594594594597,3.0868443480242433
4887,14,2.75,3.0867368482141426
1030,15,2.7666666666666666,3.083267374285577
2126,15,2.7666666666666666,3.083267374285577
44840,9,2.5555555555555554,3.083246545112601
91094,9,2.5555555555555554,3.083246545112601
434,101,3.0346534653465347,3.0818169761904453
95,83,3.0240963855421685,3.0815234877111766
227,22,2.8636363636363638,3.080677636160607
5171,22,2.8636363636363638,3.080677636160607
258,10,2.6,3.0790842178569715
1007,10,2.6,3.0790842178569715
30793,61,3.0,3.0786152726357665
2840,23,2.869565217391304,3.0782328593072554
4310,43,2.9651162790697674,3.077012912398857
2826,24,2.875,3.0759318928570423
93326,11,2.6363636363636362,3.075318302720925
110553,11,2.6363636363636362,3.075318302720925
1717,31,2.9193548387096775,3.075163033100962
185,111,3.0315315315315314,3.075055242620987
1459,12,2.6666666666666665,3.0718947435063373
2713,12,2.6666666666666665,3.0718947435063373
71745,12,2.6666666666666665,3.0718947435063373
5308,19,2.8157894736842106,3.0717822192117046
2616,26,2.8846153846153846,3.071713454364984
344,161,3.040372670807453,3.0706531248955518
3439,13,2.6923076923076925,3.068768885093019
51412,13,2.6923076923076925,3.068768885093019
3409,35,2.9285714285714284,3.068481874603098
2367,14,2.7142857142857144,3.0659035148808096
2002,45,2.9555555555555557,3.0651215337661717
55261,7,2.357142857142857,3.063628491596437
3591,15,2.7333333333333334,3.063267374285577
1385,23,2.847826086956522,3.0630813441557407
4148,39,2.9358974358974357,3.062891517492641
544,8,2.4375,3.0600935753966345
32019,8,2.4375,3.0600935753966345
79,17,2.764705882352941,3.058580902116275
2530,17,2.764705882352941,3.058580902116275
1597,43,2.941860465116279,3.058144987870555
68319,26,2.8653846153846154,3.0578245654760954
66,9,2.5,3.056930755638917
5363,9,2.5,3.056930755638917
5784,9,2.5,3.056930755638917
120799,9,2.5,3.056930755638917
338,18,2.7777777777777777,3.056488727040694
3986,20,2.8,3.0527228119046472
2796,11,2.590909090909091,3.0515087789114013
3784,11,2.590909090909091,3.0515087789114013
45501,11,2.590909090909091,3.0515087789114013
2405,21,2.8095238095238093,3.0510220760367552
586,111,3.0045045045045047,3.050261854191235
2598,25,2.84,3.0451909816325546
3005,25,2.84,3.0451909816325546
5459,61,2.959016393442623,3.0434040050301325
2123,15,2.7,3.043267374285577
3113,15,2.7,3.043267374285577
3269,27,2.8518518518518516,3.0427482258686327
1359,16,2.71875,3.041603244505363
2735,16,2.71875,3.041603244505363
849,42,2.9166666666666665,3.0400323914834506
1690,45,2.922222222222222,3.0378488064934444
1586,21,2.7857142857142856,3.034893043778691
93270,7,2.2857142857142856,3.034216726890554
1037,22,2.7954545454545454,3.033802636160607
485,52,2.9326923076923075,3.0335755541474096
2806,8,2.375,3.032315797618857
6264,8,2.375,3.032315797618857
4367,40,2.9,3.0316336871427882
74789,27,2.8333333333333335,3.0292347123551195
393,10,2.5,3.0290842178569712
5621,10,2.5,3.0290842178569712
6958,10,2.5,3.0290842178569712
61250,10,2.5,3.0290842178569712
2485,29,2.8448275862068964,3.0277354963369083
3004,11,2.5454545454545454,3.0276992551018775
3388,11,2.5454545454545454,3.0276992551018775
1603,12,2.5833333333333335,3.026440198051792
3257,31,2.8548387096774195,3.0263825452960837
3785,50,2.92,3.026361405952324
7318,13,2.6153846153846154,3.0252906242234534
46965,13,2.6153846153846154,3.0252906242234534
111364,13,2.6153846153846154,3.0252906242234534
111659,15,2.6666666666666665,3.023267374285577
58293,17,2.7058823529411766,3.021543865079238
5463,18,2.7222222222222223,3.0207744413264086
372,21,2.761904761904762,3.0187640115206262
37386,21,2.761904761904762,3.0187640115206262
327,33,2.8484848484848486,3.0135275431892894
1918,33,2.8484848484848486,3.0135275431892894
1461,8,2.3125,3.004538019841079
1806,8,2.3125,3.004538019841079
2456,8,2.3125,3.004538019841079
3054,8,2.3125,3.004538019841079
3705,8,2.3125,3.004538019841079
78772,10,2.45,3.0040842178569713
1342,11,2.5,3.0038897312923534
7046,11,2.5,3.0038897312923534
427,12,2.5416666666666665,3.0037129253245194
842,12,2.5416666666666665,3.0037129253245194
69644,13,2.576923076923077,3.0035514937886707
3999,14,2.607142857142857,3.0034035148808096
1327,15,2.6333333333333333,3.003267374285577
2794,15,2.6333333333333333,3.003267374285577
5025,15,2.6333333333333333,3.003267374285577
122,16,2.65625,3.0031417060438246
575,16,2.65625,3.0031417060438246
1388,16,2.65625,3.0031417060438246
1100,19,2.710526315789474,3.002816701970325
1779,23,2.760869565217391,3.0024752835496797
2052,23,2.760869565217391,3.0024752835496797
5507,24,2.7708333333333335,3.002402481092336
413,26,2.7884615384615383,3.0022690099205396
2722,28,2.8035714285714284,3.002149588345774
719,33,2.8333333333333335,3.001899636212545
4638,36,2.8472222222222223,3.0017757468943356
160,56,2.892857142857143,2.9936618841990823
256,35,2.8285714285714287,2.9907040968253207
3861,19,2.6842105263157894,2.9855753226599804
540,18,2.6666666666666665,2.9850601556121226
6564,17,2.6470588235294117,2.9845068280422007
4974,14,2.5714285714285716,2.9825701815474766
7367,14,2.5714285714285716,2.9825701815474766
59615,39,2.8333333333333335,2.981258864431417
2122,11,2.4545454545454546,2.9800802074828296
169,10,2.4,2.979084217856971
2279,10,2.4,2.979084217856971
5220,10,2.4,2.979084217856971
688,9,2.3333333333333335,2.9779833872178645
809,9,2.3333333333333335,2.9779833872178645
2408,9,2.3333333333333335,2.9779833872178645
2558,9,2.3333333333333335,2.9779833872178645
6615,9,2.3333333333333335,2.9779833872178645
4587,8,2.25,2.9767602420633015
32296,8,2.25,2.9767602420633015
2421,29,2.7758620689655173,2.976453445054857
1614,25,2.74,2.9737624102039835
2410,24,2.7291666666666665,2.9729907163864535
2724,39,2.8205128205128207,2.971054782798764
3354,21,2.6904761904761907,2.970376914746433
419,20,2.675,2.9693894785713137
2402,19,2.6578947368421053,2.968333943349635
3744,19,2.6578947368421053,2.968333943349635
5943,18,2.638888888888889,2.9672030127549798
8865,18,2.638888888888889,2.9672030127549798
4015,32,2.78125,2.966230579931891
208,115,2.9130434782608696,2.9646534748571156
466,58,2.8620689655172415,2.9644365346638155
20,14,2.5357142857142856,2.9617368482141426
502,13,2.5,2.9600732329191053
996,13,2.5,2.9600732329191053
153,137,2.9160583941605838,2.959739349368295
880,25,2.72,2.9594766959182692
7454,24,2.7083333333333335,2.958284834033513
2379,12,2.4583333333333335,2.9582583798699735
2995,12,2.4583333333333335,2.9582583798699735
4876,12,2.4583333333333335,2.9582583798699735
3824,11,2.409090909090909,2.956270683673306
6294,11,2.409090909090909,2.956270683673306
6535,11,2.409090909090909,2.956270683673306
59725,11,2.409090909090909,2.956270683673306
1969,10,2.35,2.9540842178569715
87430,10,2.35,2.9540842178569715
737,20,2.65,2.952722811904647
2373,9,2.2777777777777777,2.95166759774418
3825,29,2.7413793103448274,2.950812419413831
186,48,2.8229166666666665,2.949684213054128
1005,8,2.1875,2.948982464285524
3208,8,2.1875,2.948982464285524
234,17,2.588235294117647,2.947469791005164
5481,65,2.8461538461538463,2.9410891247618594
2606,14,2.5,2.9409035148808096
3316,13,2.4615384615384617,2.9383341024843226
4558,13,2.4615384615384617,2.9383341024843226
34150,36,2.763888888888889,2.9365583555899875
36401,20,2.625,2.9360561452379805
784,51,2.8137254901960786,2.935765317330155
405,12,2.4166666666666665,2.935531107142701
2384,27,2.7037037037037037,2.9346401177605252
6383,19,2.6052631578947367,2.9338511847289457
4153,11,2.3636363636363638,2.9324611598637818
4368,11,2.3636363636363638,2.9324611598637818
5128,11,2.3636363636363638,2.9324611598637818
87520,11,2.3636363636363638,2.9324611598637818
2082,25,2.68,2.9309052673468408
2699,53,2.811320754716981,2.9298680056688795
2380,10,2.3,2.929084217856971
2793,10,2.3,2.929084217856971
8947,10,2.3,2.929084217856971
42011,10,2.3,2.929084217856971
4639,17,2.5588235294117645,2.9289512724866453
2369,24,2.6666666666666665,2.92887306932763
204,30,2.716666666666667,2.927042108928486
415,16,2.53125,2.926218629120747
2372,9,2.2222222222222223,2.925351808270496
3754,9,2.2222222222222223,2.925351808270496
2468,15,2.5,2.923267374285577
2411,28,2.6964285714285716,2.923202219924722
72378,21,2.619047619047619,2.9219898179722392
3693,8,2.125,2.921204686507746
2136,14,2.4642857142857144,2.9200701815474766
45666,14,2.4642857142857144,2.9200701815474766
2950,12,2.375,2.9128038344154286
158,62,2.806451612903226,2.9108567271824923
2153,11,2.3181818181818183,2.908651636054258
4388,26,2.6538461538461537,2.9050467876983173
53464,20,2.575,2.9027228119046473
2986,25,2.64,2.9023338387754123
3273,29,2.6724137931034484,2.89953036813178
1438,24,2.625,2.899461304621748
437,9,2.1666666666666665,2.899036018796812
1591,26,2.6346153846153846,2.8911578988094284
585,35,2.7,2.8907040968253206
49649,12,2.3333333333333335,2.8900765616881556
1373,30,2.6666666666666665,2.8895421089284854
3882,34,2.6911764705882355,2.888220099025896
1431,16,2.46875,2.8877570906592087
4899,7,1.9285714285714286,2.8871579033611425
2827,11,2.272727272727273,2.8848421122447343
2710,62,2.774193548387097,2.8830789494047147
4643,49,2.7448979591836733,2.882740412832871
4255,10,2.2,2.8790842178569713
8977,10,2.2,2.8790842178569713
12,18,2.5,2.8779172984692654
2088,18,2.5,2.8779172984692654
3981,13,2.3461538461538463,2.873116711179975
4040,13,2.3461538461538463,2.873116711179975
8907,13,2.3461538461538463,2.873116711179975
1091,20,2.525,2.869389478571314
3979,23,2.5652173913043477,2.8661116471860435
3243,15,2.4,2.863267374285577
2054,68,2.7573529411764706,2.8600215943223004
1544,67,2.753731343283582,2.8582036929498624
3877,7,1.8571428571428572,2.8577461386552603
4228,10,2.15,2.854084217856971
37380,10,2.15,2.854084217856971
76175,13,2.3076923076923075,2.851377580745192
6541,32,2.625,2.847182960884272
673,51,2.7058823529411766,2.8456013829039253
3977,70,2.742857142857143,2.8447710544642426
810,12,2.25,2.84462201623361
8373,12,2.25,2.84462201623361
44972,12,2.25,2.84462201623361
51077,12,2.25,2.84462201623361
181,15,2.3666666666666667,2.8432673742855767
420,59,2.7203389830508473,2.841763541407818
379,21,2.5,2.8413446566819167
2392,8,1.9375,2.8378713531744126
4477,8,1.9375,2.8378713531744126
7161,8,1.9375,2.8378713531744126
1911,32,2.609375,2.83527819897951
33836,13,2.269230769230769,2.8296384503104095
2296,10,2.1,2.8290842178569715
196,45,2.6666666666666665,2.828757897402535
172,52,2.673076923076923,2.8158336186635387
1409,22,2.477272727272727,2.8150526361606065
3688,11,2.1363636363636362,2.813413540816163
19,88,2.727272727272727,2.8120580036442795
3623,77,2.7142857142857144,2.8112837282429823
788,81,2.7160493827160495,2.808589937990543
4621,18,2.388888888888889,2.806488727040694
2428,23,2.4782608695652173,2.805505586579983
4340,10,2.05,2.804084217856971
31221,10,2.05,2.804084217856971
69526,20,2.425,2.8027228119046472
2471,24,2.4791666666666665,2.7965201281511596
1862,9,1.9444444444444444,2.7937728609020747
173,62,2.6693548387096775,2.7928011716269365
6534,33,2.5606060606060606,2.7925973106311495
46335,11,2.090909090909091,2.7896040170066394
743,29,2.5172413793103448,2.7841457527471647
6166,8,1.8125,2.782315797618857
3146,17,2.323529411764706,2.7808031243384974
432,53,2.6320754716981134,2.7790743548752292
519,21,2.4047619047619047,2.7768285276496587
3821,16,2.28125,2.7723724752745937
2953,31,2.5161290322580645,2.7702849843204738
63992,22,2.409090909090909,2.768177636160607
2389,9,1.8888888888888888,2.7674570714283906
4732,9,1.8888888888888888,2.7674570714283906
2253,19,2.3421052631578947,2.7614373916254973
4247,21,2.380952380952381,2.760699495391594
44,45,2.577777777777778,2.7560306246752626
1474,10,1.95,2.7540842178569713
34520,12,2.0833333333333335,2.7537129253245194
65,30,2.4833333333333334,2.7520421089284857
6157,32,2.5,2.7519448656461765
193,34,2.514705882352941,2.7518564626622597
136864,15,2.2,2.743267374285577
2719,13,2.1153846153846154,2.7426819285712796
5401,9,1.8333333333333333,2.7411412819547065
1707,7,1.5714285714285714,2.740099079831731
3264,26,2.423076923076923,2.7383801210316507
1831,29,2.4482758620689653,2.7328637014651136
4254,12,2.0416666666666665,2.7309856525972465
3997,10,1.9,2.729084217856971
6888,19,2.289473684210526,2.726954633004808
2027,8,1.6875,2.7267602420633015
6482,11,1.9545454545454546,2.718175445578068
3646,16,2.1875,2.714680167582286
1515,14,2.107142857142857,2.7117368482141426
2808,17,2.2058823529411766,2.706729050264423
2450,16,2.15625,2.6954493983515166
6503,27,2.3703703703703702,2.691396874517282
3440,14,2.0714285714285716,2.6909035148808096
5313,22,2.2954545454545454,2.690052636160607
1021,27,2.3333333333333335,2.664369847490255
2404,12,1.9166666666666667,2.6628038344154286
2642,22,2.25,2.658802636160607
455,37,2.391891891891892,2.6400358373859456
762,38,2.3947368421052633,2.6371184241070713
3268,11,1.7727272727272727,2.6229373503399724
43928,12,1.8333333333333333,2.6173492889608827
3564,10,1.65,2.604084217856971
1381,18,2.0555555555555554,2.5922030127549798
2338,18,2.0555555555555554,2.5922030127549798
355,42,2.357142857142857,2.5881093145603735
374,25,2.2,2.5880481244896982
3248,14,1.8928571428571428,2.5867368482141426
2720,21,2.0952380952380953,2.56715110829482
3826,38,2.3026315789473686,2.564201757440405
2412,16,1.9375,2.560834013736132
2799,8,1.3125,2.5600935753966345
312,9,1.4444444444444444,2.556930755638917
435,62,2.3951612903225805,2.5566900605158254
6793,10,1.55,2.554084217856971
2053,20,2.05,2.5527228119046472
8666,8,1.25,2.532315797618857
5323,8,1.1875,2.504538019841079
2422,14,1.75,2.5034035148808096
546,21,2.0,2.502634979262562
2798,12,1.5833333333333333,2.4809856525972465
1760,9,1.2777777777777777,2.477983387217864
1562,42,2.2142857142857144,2.4727246991757585
1644,32,2.109375,2.454325818027129
2701,52,2.2115384615384617,2.4287368444699906
2643,16,1.6875,2.406987859889978
1556,17,1.6176470588235294,2.3363586798940528
1882,33,1.9545454545454546,2.327481031561382
3593,19,1.6578947368421053,2.313161529556532
1499,26,1.8076923076923077,2.293935676587206
